applicant_name,age,income,loan_amount,credit_score,employment_length,debt_to_income_ratio,home_ownership,loan_purpose,employment_status,loan_default
Suresh Singh,45,357939,124070,635,0.0,,MORTGAGE,business,employed,1
Rahul Patel,38,352671,144033,646,21.0,0.08024790112381104,MORTGAGE,other,employed,0
Kavita Jain,47,200000,128161,656,8.0,0.08071253171588043,OWN,home_improvement,employed,0
Vikram Singh,58,375102,170104,744,10.0,0.20447043844468268,RENT,debt_consolidation,employed,0
Anita Banerjee,37,638204,262727,575,5.0,0.23339309058018215,MORTGAGE,debt_consolidation,self_employed,1
Amit Chakraborty,37,233954,119561,565,1.0,0.20614066984747578,RENT,debt_consolidation,unemployed,1
Neha Verma,58,747314,242881,773,0.0,0.13355211721561533,MORTGAGE,debt_consolidation,employed,0
Rahul Gupta,49,564608,119053,603,9.0,0.10719859269776921,OWN,business,employed,0
Rajesh Jain,34,306472,115954,523,2.0,0.22773501237056493,MORTGAGE,debt_consolidation,employed,0
Vijay Ghosh,46,412188,225807,601,1.0,0.1214631946111219,OWN,other,employed,0
Rahul Banerjee,34,983783,235337,616,4.0,0.1265600245298009,MORTGAGE,business,employed,0
Rajesh Banerjee,34,638434,228790,805,2.0,0.12156255292329976,RENT,other,employed,0
Neha Jain,42,444360,96151,742,5.0,0.268050478689713,RENT,home_improvement,self_employed,0
Manish Chakraborty,18,392840,135079,764,3.0,0.23802682840792633,MORTGAGE,business,self_employed,0
Sanjay Sharma,19,459688,226204,731,5.0,0.043116725888457476,OWN,home_improvement,employed,0
Ramesh Mishra,33,342531,165481,744,9.0,0.22686876508426704,OWN,other,employed,0
Mukesh Iyer,27,200000,105928,581,1.0,0.041073670829492155,MORTGAGE,education,employed,0
Arun Patel,43,1228235,195502,630,1.0,0.15707340591398752,OWN,business,employed,0
Vikram Agarwal,29,478141,122281,551,2.0,0.23870303813805552,MORTGAGE,business,employed,1
Ramesh Reddy,23,539864,333637,628,16.0,0.14216460902694636,RENT,debt_consolidation,employed,0
Anjali Gupta,57,429787,301925,718,2.0,0.02098005174978791,MORTGAGE,education,retired,0
Deepak Singh,37,306337,207241,663,2.0,0.2987264507843272,OWN,other,employed,0
Pooja Nair,40,403139,280520,781,5.0,0.2696803272055206,OWN,debt_consolidation,employed,0
Divya Patel,22,200000,167027,535,2.0,0.16649221327561228,MORTGAGE,business,employed,1
Geeta Verma,33,1381310,221056,700,15.0,0.17890538401368414,OWN,home_improvement,employed,0
Shweta Pillai,41,238647,293927,525,11.0,0.24758169214751094,MORTGAGE,other,employed,1
Swati Singh,26,264082,179548,659,3.0,0.06485053186412991,MORTGAGE,debt_consolidation,employed,0
Sunita Menon,44,354999,146961,724,5.0,0.08597160626029655,MORTGAGE,debt_consolidation,employed,0
Amit Banerjee,32,842423,82302,628,0.0,0.12678244897007887,OWN,debt_consolidation,retired,0
Meena Ghosh,36,445634,157431,705,5.0,0.45836691555477727,OWN,debt_consolidation,employed,1
Naresh Nair,32,238454,226243,554,6.0,0.18387090028670408,RENT,education,employed,0
Ajay Agarwal,62,828331,237578,483,2.0,0.23045620779414655,RENT,debt_consolidation,employed,0
Mukesh Gupta,39,637621,199136,705,1.0,0.224346638485797,RENT,business,employed,1
Priya Jain,27,579092,131069,824,12.0,0.1920843643548098,MORTGAGE,other,employed,1
Ramesh Shah,49,632773,73811,550,2.0,0.03664818956238838,RENT,debt_consolidation,employed,0
Amit Jain,25,1464729,133507,772,5.0,0.047772560327374064,MORTGAGE,debt_consolidation,employed,1
Rekha Singh,42,1319215,144099,654,0.0,0.23961570320393552,OWN,other,employed,0
Deepak Patel,18,313841,143605,516,2.0,0.2456764064197696,OWN,business,employed,1
Manish Nair,24,996438,208443,536,,0.1563730346789469,OWN,debt_consolidation,employed,1
Sneha Nair,42,535836,360148,651,2.0,0.1508844242543991,RENT,debt_consolidation,employed,0
Pooja Agarwal,48,567813,170998,609,4.0,0.03922562935559717,MORTGAGE,other,employed,0
Anita Patel,42,200000,149239,518,1.0,0.08084821667311064,MORTGAGE,debt_consolidation,employed,0
Mukesh Gupta,38,406283,146724,480,2.0,,MORTGAGE,education,employed,0
Divya Mishra,36,294663,171057,565,13.0,0.1362196676594901,MORTGAGE,debt_consolidation,employed,0
Swati Jain,22,669327,116854,669,4.0,0.23997754080197398,RENT,home_improvement,self_employed,1
Sneha Pillai,31,755806,170771,649,11.0,0.19570578278673664,RENT,other,self_employed,1
Deepak Patel,34,200000,194916,599,11.0,0.16841817961935426,OWN,debt_consolidation,self_employed,0
Sunita Banerjee,52,437565,176994,670,14.0,0.06973421482026342,MORTGAGE,debt_consolidation,employed,1
Kavita Reddy,44,775242,195441,754,11.0,0.1408739711279389,RENT,home_improvement,self_employed,0
Dinesh Verma,18,402987,193590,689,0.0,0.1452893544536812,OWN,business,employed,0
Kavita Verma,43,637004,80116,637,13.0,0.1605607296431549,RENT,debt_consolidation,employed,0
Geeta Reddy,35,527330,209975,742,0.0,0.11232846497848709,MORTGAGE,home_improvement,employed,1
Deepak Patel,31,524830,124441,554,0.0,0.1984186298696388,MORTGAGE,debt_consolidation,self_employed,1
Amit Agarwal,47,386289,104994,627,0.0,0.3370259568534167,OWN,debt_consolidation,employed,1
Sunita Chakraborty,52,240797,104633,629,2.0,0.1087861249885806,MORTGAGE,home_improvement,self_employed,0
Naresh Reddy,51,252517,193574,526,4.0,0.41153453666855416,RENT,other,self_employed,1
Rajesh Chatterjee,29,630757,148891,608,2.0,0.23499403966731672,OWN,debt_consolidation,employed,0
Deepak Pillai,36,446738,83051,442,0.0,0.09250317893083039,RENT,business,employed,0
Vikram Patel,43,412810,197050,841,3.0,0.0810837616608064,RENT,debt_consolidation,employed,0
Vikram Jain,51,357916,91505,556,2.0,0.327991731897475,RENT,debt_consolidation,employed,1
Shweta Banerjee,34,379802,172116,808,7.0,0.044442937152429696,RENT,debt_consolidation,employed,0
Swati Patel,37,746727,179046,653,1.0,0.1348444866963238,MORTGAGE,home_improvement,employed,0
Shweta Chakraborty,26,374137,231939,706,1.0,0.13592978596963648,OWN,debt_consolidation,retired,0
Neha Chakraborty,25,226266,331928,601,1.0,0.15962250922459484,RENT,business,retired,0
Deepak Nair,49,641667,94289,670,1.0,0.23795522913529962,MORTGAGE,other,employed,0
Kavita Kumar,56,399337,159374,715,4.0,0.092768685931666,MORTGAGE,debt_consolidation,self_employed,0
Vijay Chatterjee,39,449413,145723,716,3.0,0.12879360929327838,MORTGAGE,education,employed,1
Amit Verma,52,988347,193590,727,2.0,0.19481898699827033,OWN,debt_consolidation,employed,0
Rekha Singh,44,437888,177418,613,2.0,0.19393608647208266,MORTGAGE,debt_consolidation,employed,1
Vikram Mishra,32,511238,141348,601,2.0,0.2883626377562097,OWN,debt_consolidation,self_employed,1
Geeta Iyer,44,245373,136439,490,17.0,0.06073714439813277,RENT,home_improvement,employed,1
Divya Gupta,58,396394,104132,702,1.0,0.23093400413378662,OWN,debt_consolidation,unemployed,1
Deepak Menon,39,600046,241625,758,,0.14280342577662514,OWN,education,unemployed,1
Divya Pillai,58,203274,195571,811,6.0,0.20174585315737498,OWN,debt_consolidation,employed,0
Vijay Patel,18,489149,234945,680,,0.10667439952813791,MORTGAGE,home_improvement,employed,1
Swati Sharma,49,465280,143751,573,24.0,0.24734028290903115,OWN,business,employed,0
Anita Singh,41,451641,125149,480,7.0,0.09639520885182354,MORTGAGE,debt_consolidation,self_employed,1
Anita Banerjee,36,743095,105733,754,5.0,0.22903784250811754,MORTGAGE,business,retired,0
Ramesh Patel,41,522938,187881,470,2.0,0.21922105436307707,OWN,debt_consolidation,employed,1
Ramesh Reddy,18,926376,107375,615,4.0,0.12277436628885735,OWN,debt_consolidation,employed,0
Anjali Shah,37,269198,340941,627,1.0,0.38110841599559947,OWN,education,self_employed,1
Neha Mishra,44,473526,96465,643,0.0,0.22341681517268752,OWN,debt_consolidation,employed,1
Manish Sharma,57,461498,181582,653,9.0,,MORTGAGE,education,employed,0
Shweta Patel,33,259204,304596,663,11.0,0.17796855460718347,RENT,debt_consolidation,employed,1
Vijay Mishra,30,713649,206826,408,0.0,0.0945457148368018,OWN,home_improvement,self_employed,1
Vijay Singh,33,1414570,174602,651,7.0,0.21349457685225462,RENT,debt_consolidation,employed,0
Rekha Shah,50,438667,110481,427,6.0,0.24928425005990262,MORTGAGE,home_improvement,employed,0
Dinesh Mukherjee,43,569497,93647,723,0.0,0.08836310267597132,RENT,home_improvement,self_employed,0
Divya Agarwal,33,461510,221465,594,2.0,0.03583128731254762,MORTGAGE,debt_consolidation,unemployed,1
Vikram Nair,46,309653,297288,434,2.0,0.028251687514801588,OWN,home_improvement,self_employed,1
Ramesh Mishra,41,200000,136551,568,7.0,0.3165491784490902,MORTGAGE,debt_consolidation,employed,1
Swati Mukherjee,51,310864,103194,592,,0.18242809317023517,MORTGAGE,education,self_employed,1
Sunita Sharma,31,220581,60884,769,0.0,,MORTGAGE,home_improvement,employed,0
Divya Reddy,36,1037216,109940,669,4.0,0.13326234114387744,MORTGAGE,business,employed,0
Rashmi Sharma,35,417669,155521,684,7.0,0.09830237076504565,RENT,education,unemployed,0
Anjali Nair,22,372145,308553,768,7.0,0.041020763171933886,MORTGAGE,debt_consolidation,employed,0
Naresh Shah,43,690089,213043,640,0.0,0.33003322177641453,MORTGAGE,debt_consolidation,employed,0
Kavita Verma,43,252489,183879,725,3.0,0.07087815299909961,RENT,debt_consolidation,self_employed,1
Kavita Chakraborty,40,301512,138683,718,9.0,0.2047466918358122,OWN,debt_consolidation,employed,0
Amit Gupta,37,457730,128892,521,1.0,0.20747103975170134,RENT,debt_consolidation,unemployed,1
Shweta Chatterjee,23,739984,285574,797,2.0,0.12582247090533918,MORTGAGE,home_improvement,employed,0
Dinesh Gupta,34,568548,176362,507,8.0,0.0855032789363256,RENT,home_improvement,self_employed,1
Ramesh Banerjee,35,500900,70189,741,0.0,0.1953788232962427,MORTGAGE,debt_consolidation,employed,0
Ramesh Kumar,30,460035,124316,498,9.0,0.10700640186328107,MORTGAGE,debt_consolidation,employed,0
Vikram Chatterjee,38,540428,115463,710,1.0,0.07218420641409926,RENT,debt_consolidation,employed,0
Swati Mishra,44,489346,130809,836,0.0,0.08521548808532506,MORTGAGE,debt_consolidation,employed,0
Sanjay Mukherjee,62,264345,203855,628,1.0,0.12069736817571386,MORTGAGE,business,self_employed,1
Rekha Ghosh,42,452724,155908,624,0.0,0.041821163170724325,OWN,business,employed,0
Neha Agarwal,43,258630,157826,711,0.0,0.020141617677623402,MORTGAGE,debt_consolidation,employed,0
Sunita Banerjee,39,460717,275237,617,5.0,0.031170420945229375,MORTGAGE,education,employed,1
Ramesh Agarwal,18,347901,123181,831,1.0,0.15959136150494702,MORTGAGE,home_improvement,employed,0
Mukesh Shah,39,1574881,343066,669,13.0,,RENT,home_improvement,employed,0
Deepak Nair,40,433675,124427,617,3.0,,OWN,debt_consolidation,employed,0
Manish Mukherjee,69,219230,168666,595,3.0,0.28046517220716055,MORTGAGE,debt_consolidation,employed,0
Manish Singh,37,413705,145439,556,2.0,0.08402279965023193,MORTGAGE,education,self_employed,1
Kavita Jain,43,573595,170991,587,5.0,0.15830609704801277,OWN,other,unemployed,1
Amit Reddy,39,1021397,194431,614,3.0,0.2616694212517889,MORTGAGE,education,employed,1
Rahul Chakraborty,25,329480,193597,601,,0.09636998687111797,RENT,debt_consolidation,employed,1
Swati Jain,53,200543,120421,584,,0.25741430992498415,RENT,debt_consolidation,self_employed,0
Ajay Jain,49,665582,103863,850,2.0,0.16029324031179815,MORTGAGE,home_improvement,unemployed,0
Rahul Gupta,49,221837,442975,546,0.0,0.20350577893503347,RENT,education,employed,0
Mukesh Verma,29,355728,134108,664,,0.3005967354541845,RENT,debt_consolidation,unemployed,1
Kavita Gupta,56,388943,215277,709,5.0,0.11111810027134796,MORTGAGE,education,employed,0
Naresh Verma,23,427275,85557,713,1.0,0.22032908929419573,MORTGAGE,business,employed,0
Rekha Reddy,47,624422,145532,644,8.0,0.009417542720860953,MORTGAGE,education,employed,0
Amit Mukherjee,66,314325,154681,625,5.0,0.021813796559873398,MORTGAGE,business,unemployed,0
Kavita Patel,28,385823,196639,695,5.0,0.21397497605213397,RENT,business,employed,1
Anita Chatterjee,33,439267,54776,676,2.0,0.11953664738179488,OWN,debt_consolidation,employed,0
Rajesh Banerjee,41,476774,173938,624,16.0,0.16579268984331194,MORTGAGE,education,employed,0
Vikram Chakraborty,33,464591,102755,493,1.0,0.06945813800531804,RENT,education,employed,1
Ajay Chatterjee,21,550181,185301,603,,0.2080024861698263,MORTGAGE,other,self_employed,0
Kavita Chatterjee,40,674630,107523,535,1.0,0.3091540474057383,RENT,debt_consolidation,retired,1
Geeta Iyer,27,538378,115590,583,6.0,0.14255116675314666,RENT,business,retired,0
Rajesh Singh,45,555038,145881,653,0.0,0.1679041604379787,RENT,other,self_employed,0
Anjali Iyer,28,200563,106837,685,0.0,0.16704369044713782,OWN,business,self_employed,1
Pooja Iyer,58,453664,134562,828,8.0,0.08013890370809701,MORTGAGE,debt_consolidation,retired,0
Neha Pillai,30,562279,100977,596,,0.12430260907473192,OWN,other,employed,0
Rekha Verma,36,636965,78177,727,2.0,0.040198595276902185,RENT,debt_consolidation,employed,0
Anita Singh,49,312958,244551,680,4.0,0.37603924844366526,RENT,debt_consolidation,employed,0
Priya Menon,25,318214,96914,779,6.0,0.22052846081277874,OWN,home_improvement,employed,0
Shweta Reddy,42,332019,151528,707,1.0,0.20957013940471517,RENT,debt_consolidation,retired,0
Geeta Singh,55,578507,219950,549,1.0,0.169837481010123,RENT,debt_consolidation,employed,1
Kavita Agarwal,20,741878,127264,477,15.0,0.4004669805726103,MORTGAGE,home_improvement,employed,1
Rajesh Banerjee,42,360868,117000,681,4.0,0.015410873910020398,MORTGAGE,business,self_employed,1
Manish Kumar,43,696610,178170,597,2.0,0.05407984610345847,MORTGAGE,other,unemployed,0
Neha Mishra,49,470588,254529,551,8.0,0.2688924841829526,MORTGAGE,education,employed,1
Sanjay Pillai,25,415757,101953,523,3.0,0.29168974363471245,OWN,education,unemployed,1
Kavita Gupta,24,398040,153267,666,1.0,0.14084811113981707,MORTGAGE,home_improvement,employed,0
Manish Banerjee,46,642617,81389,800,1.0,0.34409890686443095,OWN,debt_consolidation,employed,1
Anjali Verma,43,520626,139068,609,2.0,0.20455731921388817,RENT,business,employed,1
Suresh Banerjee,43,1380439,164996,709,9.0,0.41327143287422086,OWN,business,employed,0
Dinesh Sharma,44,288914,115629,639,0.0,0.26383081993815116,RENT,business,employed,0
Amit Jain,31,573234,135564,521,1.0,0.1968302750615849,RENT,debt_consolidation,unemployed,0
Sneha Iyer,42,339557,92661,723,11.0,0.13152686440489364,RENT,home_improvement,employed,0
Rashmi Chatterjee,43,286460,167850,540,0.0,0.25368271726869024,MORTGAGE,home_improvement,employed,1
Rajesh Menon,31,440016,248271,652,4.0,0.05668175338489141,MORTGAGE,debt_consolidation,employed,1
Naresh Verma,62,473864,104939,615,1.0,0.09865542992709625,OWN,other,retired,0
Sneha Menon,45,1903275,126871,739,4.0,0.14319638054896655,RENT,home_improvement,employed,0
Rahul Menon,25,403498,198991,544,,0.2997722753909484,RENT,education,employed,1
Sanjay Pillai,47,251427,264298,689,0.0,0.21706251859740863,OWN,debt_consolidation,employed,1
Meena Iyer,28,507121,89565,566,4.0,0.25251875349467917,MORTGAGE,business,retired,0
Mukesh Banerjee,49,200000,152129,598,5.0,0.25667056106610164,MORTGAGE,other,retired,0
Anita Chatterjee,53,422532,182271,300,5.0,0.29106500366527777,RENT,debt_consolidation,employed,1
Vikram Agarwal,30,445972,156244,850,5.0,0.1753424549940337,OWN,debt_consolidation,employed,0
Meena Agarwal,51,658223,60432,705,3.0,0.2227225639616897,MORTGAGE,home_improvement,unemployed,1
Priya Chakraborty,44,719859,198875,573,3.0,0.20567558788255555,RENT,home_improvement,self_employed,1
Shweta Banerjee,49,343937,298861,537,5.0,0.29479203702504225,OWN,business,unemployed,1
Priya Reddy,62,410320,170529,600,5.0,0.14339070398070589,RENT,home_improvement,employed,0
Priya Verma,37,301624,107748,721,5.0,0.10304968077889912,RENT,business,retired,0
Ajay Chatterjee,30,251693,132554,460,4.0,0.034787057485937176,MORTGAGE,home_improvement,employed,0
Vijay Mukherjee,29,516560,330368,635,0.0,0.1449187510820815,MORTGAGE,debt_consolidation,employed,0
Sneha Verma,30,234030,234212,827,1.0,0.10300675223173947,OWN,other,employed,0
Vijay Gupta,39,359578,210241,536,1.0,0.16941177854860467,OWN,debt_consolidation,employed,1
Rekha Mishra,44,268985,187693,658,12.0,0.04312126139942201,MORTGAGE,business,self_employed,0
Amit Ghosh,43,582358,124934,850,7.0,0.0384948453573042,RENT,debt_consolidation,employed,0
Amit Jain,49,1088939,150207,713,4.0,0.07153893108812209,RENT,other,employed,0
Deepak Singh,40,230776,157760,662,1.0,0.3637232924503119,MORTGAGE,other,employed,1
Naresh Chakraborty,57,200000,202770,700,0.0,0.12834123270168946,MORTGAGE,home_improvement,retired,0
Kavita Chakraborty,36,415632,297618,609,11.0,0.16850873536308505,MORTGAGE,debt_consolidation,employed,0
Divya Verma,72,445899,254571,779,11.0,0.28719958571913423,MORTGAGE,education,employed,0
Divya Gupta,47,493525,92248,610,0.0,0.17794440936765205,RENT,debt_consolidation,employed,1
Neha Chakraborty,29,353924,178010,454,7.0,0.1759085958216564,MORTGAGE,education,self_employed,0
Ajay Mukherjee,27,400184,218535,610,,0.07552502244981252,OWN,other,employed,0
Arun Patel,45,531657,208468,553,1.0,0.32132408027109355,RENT,business,employed,0
Rajesh Reddy,37,744311,126539,621,6.0,0.09916356981489662,OWN,other,employed,0
Kavita Patel,48,200000,522115,624,4.0,0.09470524472426273,RENT,debt_consolidation,unemployed,1
Deepak Kumar,45,367886,97652,769,7.0,0.20389164197027163,RENT,other,unemployed,1
Anita Shah,39,492329,105527,719,0.0,0.24655920488150843,RENT,debt_consolidation,employed,0
Manish Reddy,29,279571,178695,676,1.0,0.13528622953510785,RENT,debt_consolidation,employed,1
Sunita Gupta,21,1051349,379542,649,1.0,0.0768927557834687,RENT,other,employed,0
Rahul Pillai,34,321996,116485,544,2.0,0.10068645702004611,RENT,business,unemployed,1
Divya Chakraborty,50,433372,146337,431,3.0,0.1434203349951471,RENT,education,employed,0
Anjali Gupta,42,584207,250425,661,1.0,0.200290786663993,RENT,education,employed,1
Swati Agarwal,25,329179,161596,729,2.0,0.09622431987590292,RENT,business,employed,0
Vijay Patel,42,200000,142366,639,2.0,0.5015515524689544,RENT,debt_consolidation,unemployed,1
Vikram Nair,44,357064,204077,596,6.0,0.34780704697782555,OWN,business,employed,1
Naresh Gupta,29,740232,181499,696,4.0,0.1541827970354726,OWN,debt_consolidation,employed,0
Naresh Jain,41,373828,245775,641,5.0,0.07584791892697926,RENT,debt_consolidation,self_employed,1
Pooja Shah,40,289752,272825,818,1.0,0.06456609055902271,RENT,business,employed,0
Sneha Pillai,26,702805,184020,773,1.0,0.34662979821563145,MORTGAGE,other,self_employed,0
Dinesh Banerjee,44,374974,182899,745,0.0,0.22277303351320696,OWN,education,employed,0
Mukesh Shah,46,342805,177308,725,0.0,0.04190485566265933,MORTGAGE,debt_consolidation,employed,0
Divya Mukherjee,52,476740,197926,520,1.0,0.24521109848176287,MORTGAGE,education,self_employed,1
Rahul Banerjee,52,650420,166386,716,,0.06365798547471388,RENT,other,employed,0
Meena Singh,23,1455495,162715,687,4.0,0.09032684373313063,OWN,debt_consolidation,employed,0
Naresh Kumar,28,669052,262669,710,31.0,0.2365460131120149,MORTGAGE,debt_consolidation,employed,0
Sanjay Singh,46,790104,298476,699,,0.1330182239708653,OWN,debt_consolidation,retired,0
Naresh Singh,46,343525,89052,695,8.0,0.3296866579171656,MORTGAGE,home_improvement,self_employed,0
Shweta Banerjee,46,264888,163408,850,0.0,0.2608413593444177,MORTGAGE,debt_consolidation,employed,0
Vikram Patel,80,456418,123564,642,5.0,0.18062465544354325,OWN,home_improvement,employed,0
Meena Ghosh,46,466766,143718,743,5.0,0.040155465039876,RENT,education,employed,0
Rajesh Reddy,53,258007,191186,602,11.0,0.13193722349337797,RENT,home_improvement,employed,0
Rajesh Patel,51,405287,212729,729,0.0,,RENT,other,employed,0
Vijay Chatterjee,47,540180,155616,743,1.0,0.12911940200391184,RENT,home_improvement,employed,0
Sanjay Verma,36,529769,75709,686,0.0,0.24824725964558458,OWN,debt_consolidation,self_employed,1
Amit Iyer,49,569289,110633,816,2.0,0.16988359338363354,RENT,home_improvement,employed,0
Dinesh Patel,30,511694,232954,561,12.0,0.10975919744815382,MORTGAGE,other,employed,0
Priya Sharma,37,343346,54384,601,7.0,0.11111770843268717,MORTGAGE,debt_consolidation,employed,0
Arun Kumar,34,342165,261704,671,6.0,0.07003656945857356,OWN,debt_consolidation,employed,0
Suresh Patel,40,242928,200484,738,3.0,0.09007093222936027,RENT,education,employed,0
Sneha Pillai,67,1079909,275535,667,10.0,0.18612782333441175,RENT,debt_consolidation,employed,0
Swati Iyer,18,445398,150327,778,2.0,0.23762876161096785,MORTGAGE,education,employed,0
Swati Sharma,48,395368,71356,583,0.0,0.10403424247521482,OWN,home_improvement,employed,0
Anjali Gupta,20,278063,193328,535,9.0,0.2355611207955857,RENT,education,employed,0
Naresh Kumar,34,1919986,270996,680,1.0,0.14827848174162375,MORTGAGE,business,employed,0
Swati Verma,53,258677,235599,642,0.0,0.30339063589165427,RENT,debt_consolidation,employed,0
Dinesh Nair,40,357030,124856,704,0.0,0.2126150773250744,OWN,home_improvement,employed,0
Ajay Banerjee,27,544660,168502,647,4.0,0.1827292669406274,MORTGAGE,debt_consolidation,employed,1
Vikram Iyer,31,597259,131513,615,4.0,0.20268998750788117,RENT,education,self_employed,0
Vikram Verma,48,714234,117276,642,1.0,0.24375802639255875,MORTGAGE,business,employed,0
Meena Nair,31,1092308,238507,652,6.0,0.11481044786307623,MORTGAGE,education,unemployed,1
Naresh Verma,42,569821,100809,619,7.0,0.35293817817045076,RENT,home_improvement,employed,1
Naresh Nair,40,260924,113831,629,12.0,0.07884382154950828,MORTGAGE,business,employed,0
Rajesh Jain,32,389075,104651,609,4.0,0.20530823330984424,OWN,debt_consolidation,employed,0
Anita Singh,65,516027,89670,735,7.0,0.21160652839683328,MORTGAGE,debt_consolidation,employed,0
Pooja Banerjee,47,1244336,172571,669,6.0,0.24951716549657474,RENT,debt_consolidation,employed,0
Naresh Iyer,18,219937,259004,850,1.0,0.05514008831517369,MORTGAGE,education,employed,0
Divya Kumar,42,807168,151153,666,1.0,0.4038853691810629,MORTGAGE,home_improvement,self_employed,1
Sunita Jain,32,484056,89116,594,3.0,0.0897944256054352,MORTGAGE,home_improvement,self_employed,1
Rekha Mishra,50,672606,227744,850,0.0,0.2295567818536904,MORTGAGE,other,employed,0
Geeta Mishra,30,420417,319425,691,1.0,0.20065338232555222,OWN,home_improvement,employed,0
Naresh Iyer,38,290332,125681,749,3.0,0.24335814129575462,RENT,business,employed,0
Rahul Mishra,46,643988,134400,709,0.0,0.15071558963549764,RENT,other,employed,0
Shweta Reddy,50,613671,200038,712,0.0,0.05087712752263179,RENT,home_improvement,employed,0
Geeta Iyer,25,719296,311373,703,3.0,0.2450257644674029,MORTGAGE,education,employed,0
Geeta Jain,35,439480,132199,539,6.0,0.16091048013885803,MORTGAGE,home_improvement,employed,0
Sanjay Mishra,34,327777,95513,686,8.0,0.17781618579717845,OWN,debt_consolidation,employed,0
Geeta Singh,32,202927,209518,517,3.0,0.027324623804783933,OWN,education,employed,1
Deepak Verma,61,666427,224050,632,3.0,0.3916439239752796,MORTGAGE,other,employed,1
Rekha Chatterjee,44,546858,163154,577,2.0,0.07183511800552882,RENT,home_improvement,employed,0
Kavita Agarwal,24,272967,130189,685,1.0,0.09166903571282796,MORTGAGE,home_improvement,employed,0
Dinesh Pillai,51,337970,242256,683,0.0,0.18259956015936168,RENT,home_improvement,employed,0
Pooja Shah,65,350326,201030,698,7.0,0.21029940759231572,RENT,other,employed,0
Dinesh Jain,52,210766,119685,678,3.0,0.2653936504664122,MORTGAGE,other,employed,1
Kavita Sharma,21,293948,165982,589,7.0,0.06840126818144639,RENT,debt_consolidation,employed,1
Anita Agarwal,34,250969,94780,623,6.0,0.40055922454881576,RENT,education,employed,0
Deepak Reddy,55,359964,214133,742,1.0,0.12618905693032584,MORTGAGE,business,employed,0
Sanjay Gupta,31,305789,146547,756,3.0,0.22955322921657795,OWN,debt_consolidation,employed,1
Ramesh Patel,45,200000,136723,535,2.0,0.11208945566427865,OWN,home_improvement,employed,0
Pooja Mukherjee,49,1216264,160628,496,2.0,0.3222419067696554,MORTGAGE,debt_consolidation,employed,1
Deepak Banerjee,28,827587,165400,577,3.0,,MORTGAGE,other,employed,1
Arun Sharma,39,299685,232808,754,20.0,0.13229701355264606,OWN,debt_consolidation,employed,0
Anjali Patel,18,506971,206165,771,8.0,0.2744700772163372,OWN,other,self_employed,1
Sneha Chakraborty,27,545104,152884,557,11.0,0.30832455205275916,MORTGAGE,other,employed,1
Sanjay Verma,36,802544,220900,680,0.0,0.23629911896288092,RENT,debt_consolidation,employed,0
Anjali Ghosh,25,293812,191050,833,0.0,0.1592743240934836,OWN,education,employed,0
Neha Nair,59,763793,137222,691,0.0,0.1647607886174151,RENT,home_improvement,employed,0
Shweta Reddy,22,336397,154834,792,1.0,0.2824140396946348,RENT,other,employed,0
Neha Ghosh,34,226855,153385,749,2.0,0.30833911676551057,OWN,education,employed,1
Vijay Singh,41,635437,199207,558,5.0,0.08947434518356227,MORTGAGE,business,employed,0
Deepak Chakraborty,57,843554,140532,631,3.0,0.03771867825666515,OWN,other,employed,0
Rajesh Patel,22,1613561,139223,653,11.0,0.05169104806258904,OWN,debt_consolidation,unemployed,1
Priya Iyer,53,242834,357718,660,14.0,0.2939432059842104,OWN,home_improvement,retired,1
Rahul Mukherjee,40,627475,237018,741,0.0,0.15348081659431728,MORTGAGE,education,employed,0
Sunita Banerjee,28,360446,120061,690,9.0,0.11347512162052466,RENT,debt_consolidation,self_employed,1
Anita Agarwal,45,654534,204510,356,3.0,0.10336220976234668,OWN,other,employed,0
Pooja Iyer,42,212087,170644,518,3.0,0.3581742587288724,RENT,education,employed,0
Amit Reddy,32,235299,190350,431,7.0,0.30307543536549547,RENT,home_improvement,employed,1
Divya Reddy,40,300157,171946,667,0.0,0.17363368959678696,OWN,debt_consolidation,retired,0
Anita Singh,35,460230,261936,674,10.0,0.2475751063559367,RENT,debt_consolidation,employed,0
Shweta Shah,41,321084,186884,678,5.0,0.21413449584439073,OWN,debt_consolidation,employed,0
Vijay Shah,47,615092,158762,554,10.0,0.1203630902236161,MORTGAGE,home_improvement,self_employed,1
Anita Iyer,59,739291,246933,717,25.0,0.21087020150269356,MORTGAGE,education,employed,0
Arun Menon,25,597069,178673,721,3.0,0.14131342330228383,MORTGAGE,home_improvement,employed,0
Mukesh Shah,65,993901,170858,524,0.0,0.3046532008470715,OWN,home_improvement,unemployed,1
Swati Kumar,18,544657,184537,503,0.0,0.1822025871390776,MORTGAGE,debt_consolidation,employed,0
Rajesh Iyer,38,240758,156773,649,1.0,0.21307270054260494,RENT,debt_consolidation,employed,1
Anita Menon,47,874745,163356,829,0.0,0.15112607654561286,OWN,other,employed,0
Anita Mishra,43,326904,128710,819,8.0,0.18432396025072176,OWN,debt_consolidation,employed,0
Divya Chakraborty,32,697466,120515,706,1.0,0.24453295087711027,MORTGAGE,debt_consolidation,self_employed,0
Meena Menon,37,971762,109160,577,18.0,0.1783630054806639,RENT,education,unemployed,1
Swati Sharma,34,555900,93265,738,6.0,0.2789352539390929,RENT,home_improvement,employed,1
Meena Shah,32,209383,114475,604,0.0,0.2401882013964386,MORTGAGE,debt_consolidation,employed,0
Rajesh Iyer,50,279538,151796,573,3.0,0.21284669345769505,RENT,other,employed,1
Geeta Chakraborty,44,857153,169608,435,3.0,0.16778996445349087,RENT,business,employed,1
Divya Reddy,31,406540,146017,660,3.0,0.19609753484603082,OWN,debt_consolidation,employed,1
Manish Pillai,50,460370,63431,587,3.0,0.23332966054996165,OWN,education,self_employed,1
Manish Agarwal,43,646554,305539,659,0.0,0.07971081481226631,MORTGAGE,debt_consolidation,self_employed,1
Vijay Chatterjee,49,626661,251347,420,5.0,0.11880482428309722,OWN,home_improvement,employed,1
Geeta Mishra,47,508591,194522,666,3.0,0.052922299480411474,OWN,education,employed,0
Anita Gupta,30,398580,349059,406,7.0,0.21202544313286706,RENT,other,employed,1
Meena Mukherjee,33,378384,110090,758,8.0,0.12582214023790236,OWN,home_improvement,employed,0
Anita Ghosh,48,679389,346296,702,1.0,0.09219889632854729,RENT,debt_consolidation,unemployed,1
Arun Gupta,47,583491,110626,622,0.0,0.15128287888391978,RENT,business,employed,0
Dinesh Jain,39,389005,179063,706,6.0,0.06511891637332981,MORTGAGE,other,employed,0
Anita Shah,41,759986,97778,552,19.0,0.06073142536781916,RENT,business,self_employed,0
Kavita Agarwal,55,414771,163714,657,2.0,0.1090284161744539,MORTGAGE,business,employed,0
Vikram Sharma,32,288996,189940,729,1.0,0.1040798374807503,MORTGAGE,debt_consolidation,employed,0
Priya Jain,46,302705,152989,340,0.0,0.1996384574950239,RENT,business,employed,0
Rashmi Ghosh,37,271204,216544,605,1.0,0.04638804490204776,RENT,other,retired,0
Rekha Gupta,37,386078,169330,647,1.0,0.1696465194319325,OWN,home_improvement,unemployed,1
Manish Iyer,53,819838,132062,630,2.0,0.04147895376041432,RENT,debt_consolidation,employed,0
Naresh Chakraborty,49,295804,129738,795,5.0,0.3069879801516136,MORTGAGE,home_improvement,employed,0
Rajesh Menon,49,486133,225114,537,1.0,0.10878686890648882,RENT,home_improvement,employed,1
Rashmi Menon,55,318588,125304,587,0.0,0.11286995640920122,MORTGAGE,home_improvement,employed,0
Kavita Kumar,40,388421,234722,458,2.0,0.29204151877783774,MORTGAGE,debt_consolidation,employed,0
Suresh Sharma,48,207934,265424,801,9.0,0.05453850420239668,MORTGAGE,debt_consolidation,employed,0
Naresh Singh,36,396222,83492,625,3.0,0.21045335414970598,RENT,education,employed,1
Ramesh Iyer,43,401574,256060,606,16.0,0.3386873259613549,RENT,home_improvement,employed,1
Kavita Mishra,38,579629,371078,644,3.0,0.14960825751097442,RENT,other,employed,1
Geeta Mukherjee,41,494667,180016,713,1.0,0.08266625334400501,MORTGAGE,education,employed,0
Manish Verma,47,242996,206826,684,1.0,0.06787334101431869,RENT,home_improvement,employed,0
Swati Jain,30,760779,246422,850,5.0,0.20093088875237905,MORTGAGE,debt_consolidation,self_employed,0
Sunita Singh,65,491467,145773,695,3.0,0.14617102155607645,OWN,business,self_employed,1
Manish Kumar,27,488549,175064,603,4.0,0.01895023662953959,OWN,debt_consolidation,self_employed,0
Geeta Pillai,25,440386,96213,593,,0.17388034447557008,OWN,other,employed,0
Anita Mukherjee,53,341506,172035,610,6.0,0.18086286807581464,OWN,debt_consolidation,employed,0
Swati Ghosh,49,493314,198639,499,,0.10489743649392452,RENT,debt_consolidation,unemployed,1
Arun Pillai,47,561178,200078,653,8.0,0.2523146599175191,RENT,debt_consolidation,employed,0
Divya Mukherjee,47,200000,249239,728,3.0,0.010717895854477287,OWN,business,employed,0
Neha Banerjee,39,337938,119381,588,2.0,0.20746539516578713,MORTGAGE,education,employed,0
Manish Mishra,29,389463,131525,569,3.0,0.2564063706362212,RENT,debt_consolidation,employed,0
Shweta Chatterjee,40,502869,347389,801,4.0,0.29112122945737656,MORTGAGE,business,unemployed,0
Manish Patel,31,803438,153256,507,,0.2087331306654847,MORTGAGE,debt_consolidation,employed,0
Ramesh Jain,51,300778,176312,443,2.0,0.1275774848454934,RENT,business,employed,1
Dinesh Patel,38,344903,158450,534,2.0,0.16763243800065727,OWN,debt_consolidation,retired,0
Ramesh Mukherjee,30,342399,117163,495,2.0,0.07738560143169582,RENT,business,employed,0
Rashmi Jain,36,296332,311580,688,0.0,0.10746120532263274,RENT,home_improvement,employed,0
Sanjay Pillai,44,371909,131783,613,0.0,0.1148697957921341,MORTGAGE,debt_consolidation,employed,1
Amit Shah,33,650437,103682,628,0.0,0.2017072984093586,MORTGAGE,business,self_employed,0
Kavita Patel,30,261210,135903,765,2.0,0.027680267425042225,OWN,business,employed,0
Arun Reddy,42,547932,73080,580,11.0,0.18259484301637027,MORTGAGE,business,employed,1
Naresh Banerjee,42,200000,125427,727,1.0,0.10414225877492385,MORTGAGE,home_improvement,employed,0
Amit Kumar,33,334145,110497,801,2.0,0.3178142268149905,OWN,education,unemployed,0
Vikram Jain,34,375215,208349,604,1.0,0.20371283863514755,OWN,home_improvement,employed,0
Deepak Kumar,42,1022161,124322,723,7.0,0.039828966731309194,RENT,other,employed,0
Mukesh Agarwal,22,385616,232145,625,0.0,,RENT,other,self_employed,0
Amit Iyer,23,200000,284757,742,1.0,0.265594755040747,OWN,education,self_employed,1
Neha Reddy,31,200000,222452,492,1.0,0.18331909927182471,OWN,other,employed,1
Swati Pillai,37,450005,149319,485,24.0,0.11839598314794367,OWN,other,self_employed,1
Neha Verma,43,601321,172205,610,4.0,0.1959344920917471,MORTGAGE,debt_consolidation,employed,0
Rajesh Iyer,57,533774,88433,561,0.0,0.24923883954046389,RENT,other,employed,0
Deepak Chakraborty,50,481078,154274,598,,0.4341382067617532,OWN,debt_consolidation,employed,1
Mukesh Sharma,38,791060,115361,628,0.0,0.29765289755468005,OWN,debt_consolidation,employed,0
Rekha Chakraborty,39,337798,214857,722,0.0,0.2364701160127902,RENT,other,employed,0
Deepak Chatterjee,27,692078,455477,609,7.0,0.17590966615098266,MORTGAGE,debt_consolidation,employed,1
Rahul Nair,39,200000,198774,567,3.0,0.05633845244885254,MORTGAGE,business,employed,0
Meena Menon,36,281398,73390,614,4.0,0.19901071519509184,RENT,other,self_employed,1
Rekha Iyer,43,200000,140858,573,2.0,0.11992903612368074,MORTGAGE,debt_consolidation,employed,0
Swati Banerjee,30,385608,170927,556,4.0,0.28611479165812975,OWN,debt_consolidation,employed,1
Geeta Ghosh,46,432297,168542,488,1.0,0.0874120262540158,OWN,business,employed,0
Naresh Jain,58,468387,121500,656,1.0,0.1880435473886805,MORTGAGE,education,employed,0
Rashmi Jain,38,456316,179533,593,5.0,0.3177696515991583,MORTGAGE,education,unemployed,1
Sanjay Iyer,44,278235,99012,746,0.0,0.1805886777627276,MORTGAGE,other,employed,0
Rashmi Sharma,48,402270,111528,505,4.0,0.2771676258745359,MORTGAGE,debt_consolidation,self_employed,1
Deepak Reddy,35,209248,210727,595,9.0,0.2374454035974455,RENT,home_improvement,employed,1
Anita Menon,42,874680,108416,831,0.0,0.4151920402908422,RENT,education,employed,0
Shweta Mishra,40,380098,201850,556,11.0,0.13894810638118274,OWN,education,employed,0
Dinesh Pillai,41,346471,94109,626,0.0,0.05113617424193443,MORTGAGE,debt_consolidation,employed,1
Sunita Kumar,30,979179,329697,528,2.0,0.0611266838767136,MORTGAGE,debt_consolidation,self_employed,1
Divya Banerjee,40,237726,119406,515,4.0,0.04825627609489668,MORTGAGE,debt_consolidation,self_employed,1
Rahul Menon,45,252005,148826,804,4.0,0.12172575954612805,OWN,other,self_employed,0
Ajay Chakraborty,57,255733,185766,667,0.0,0.19228336382981187,MORTGAGE,other,unemployed,1
Anita Sharma,51,427651,129814,663,8.0,0.20374487418888249,MORTGAGE,debt_consolidation,employed,1
Amit Iyer,65,548979,172363,480,18.0,0.18984080190973632,RENT,debt_consolidation,unemployed,1
Vikram Pillai,30,640393,204872,685,0.0,0.1521020967913879,RENT,home_improvement,employed,0
Sneha Verma,50,1600773,239006,765,11.0,0.43305535094337866,MORTGAGE,other,employed,1
Sanjay Menon,42,200000,223373,764,4.0,0.18508800445990303,MORTGAGE,other,employed,1
Arun Agarwal,66,599809,151945,716,,0.24994627315065288,OWN,business,employed,0
Manish Reddy,30,334848,153483,537,0.0,0.12193372151757759,RENT,debt_consolidation,employed,0
Arun Menon,29,329981,416500,681,7.0,0.20796002815301182,RENT,debt_consolidation,employed,1
Sanjay Iyer,32,324523,237983,716,0.0,0.08939891666699899,MORTGAGE,home_improvement,employed,0
Sanjay Gupta,18,280861,112563,470,10.0,0.031869965208345695,MORTGAGE,other,employed,0
Rashmi Sharma,33,1027112,169396,537,5.0,0.1478176415932823,MORTGAGE,debt_consolidation,employed,1
Shweta Banerjee,30,674110,142335,738,2.0,0.11051095891229913,OWN,education,self_employed,0
Priya Nair,41,447574,154178,737,1.0,0.14052930229448865,MORTGAGE,debt_consolidation,employed,0
Kavita Gupta,44,869355,99528,495,8.0,0.1317378369829013,RENT,home_improvement,employed,0
Ramesh Verma,62,207676,138030,729,,0.06743877729845249,MORTGAGE,education,employed,0
Ramesh Sharma,51,227441,335917,659,2.0,0.08349198927581883,OWN,business,unemployed,1
Kavita Agarwal,33,200000,205177,728,2.0,0.07666746853679939,MORTGAGE,education,employed,0
Dinesh Sharma,29,311854,60086,586,8.0,0.13831511669759652,RENT,education,employed,0
Divya Kumar,45,479667,264789,714,,,MORTGAGE,debt_consolidation,self_employed,1
Kavita Kumar,24,465761,251664,734,0.0,0.09698247207094332,OWN,home_improvement,employed,0
Rashmi Singh,61,476713,140967,614,,0.18509351654998538,RENT,education,employed,0
Ajay Agarwal,54,218484,216837,651,2.0,0.23258510784418507,RENT,debt_consolidation,employed,1
Manish Patel,34,661045,115409,585,2.0,0.12185386765146101,RENT,home_improvement,employed,1
Ramesh Nair,19,498726,134847,815,1.0,0.15489947174682436,OWN,other,self_employed,0
Sneha Ghosh,56,638276,296386,637,11.0,0.19688288090045353,RENT,other,retired,0
Divya Singh,38,200000,145992,557,1.0,0.2532101032770294,OWN,education,self_employed,1
Ramesh Mishra,54,516972,77042,578,5.0,0.03367553552519106,MORTGAGE,debt_consolidation,employed,0
Meena Singh,20,244291,158685,662,10.0,0.11352300556051954,MORTGAGE,other,employed,0
Ajay Sharma,32,362702,157718,725,0.0,0.18633377833787887,RENT,other,employed,0
Sunita Shah,40,577915,262852,516,8.0,0.13623690588936357,RENT,business,self_employed,1
Ajay Menon,40,463029,163690,834,2.0,0.06443473951121821,OWN,debt_consolidation,employed,0
Deepak Agarwal,34,289013,137498,680,5.0,0.14966617581947245,RENT,home_improvement,unemployed,1
Amit Chakraborty,47,443803,247217,696,2.0,,MORTGAGE,education,employed,0
Mukesh Jain,27,205711,170811,640,5.0,0.44563224412462366,OWN,education,employed,1
Anjali Shah,38,786331,120570,651,1.0,,MORTGAGE,debt_consolidation,employed,1
Rekha Ghosh,41,399255,258331,635,,0.19307646916794488,RENT,debt_consolidation,self_employed,1
Geeta Singh,46,773959,175863,751,14.0,0.15332861330267386,MORTGAGE,education,employed,1
Geeta Chakraborty,48,340011,162945,649,0.0,0.2722928592689149,MORTGAGE,business,employed,0
Geeta Verma,26,340514,174759,726,8.0,0.1516118103865872,OWN,home_improvement,self_employed,1
Pooja Banerjee,21,301916,106057,606,0.0,0.24308741852944768,MORTGAGE,home_improvement,employed,0
Neha Nair,55,685625,131786,669,2.0,0.08783697823223759,RENT,business,employed,0
Amit Mukherjee,43,310296,162988,569,8.0,0.07510262088997505,RENT,debt_consolidation,employed,0
Suresh Reddy,31,610661,150562,771,1.0,0.14697458021068233,MORTGAGE,debt_consolidation,unemployed,0
Rahul Iyer,58,365409,270755,566,10.0,0.05057093541724811,MORTGAGE,business,unemployed,1
Dinesh Chatterjee,41,200000,177541,617,3.0,0.11943409942443108,RENT,debt_consolidation,employed,0
Anjali Iyer,54,332648,229110,618,,0.16575519907950279,OWN,education,employed,0
Pooja Pillai,40,245351,163367,614,5.0,0.17687943164647643,OWN,education,employed,0
Mukesh Kumar,64,449976,248330,722,2.0,0.16333512376600137,MORTGAGE,education,employed,0
Neha Mishra,61,243968,190805,618,2.0,0.013640007161325868,MORTGAGE,other,employed,0
Shweta Mukherjee,37,702912,163630,789,6.0,0.15100886601562588,RENT,debt_consolidation,employed,0
Suresh Patel,51,422718,161892,568,1.0,0.35253856805116063,MORTGAGE,debt_consolidation,self_employed,1
Divya Banerjee,47,404821,111104,666,1.0,0.2148913171861126,OWN,debt_consolidation,retired,0
Ramesh Chatterjee,56,614120,199339,572,8.0,0.05560369960460982,OWN,education,self_employed,0
Manish Iyer,28,716370,160158,692,8.0,0.3953521051588077,OWN,home_improvement,employed,0
Dinesh Chakraborty,48,437989,133146,648,3.0,0.13170617395342915,OWN,debt_consolidation,self_employed,0
Sanjay Reddy,52,300859,253364,634,3.0,0.23104868967999811,RENT,debt_consolidation,employed,1
Rekha Jain,18,200000,98707,768,5.0,0.16699004503753895,OWN,other,employed,0
Dinesh Gupta,25,313945,137448,584,3.0,0.15574606312329112,RENT,business,employed,0
Sanjay Pillai,18,324939,245508,708,2.0,,RENT,home_improvement,self_employed,0
Kavita Pillai,36,466740,184648,573,26.0,0.057622948747951395,OWN,other,employed,0
Ajay Ghosh,48,372289,159668,661,0.0,0.08243325084723475,RENT,education,unemployed,1
Anita Menon,58,624037,179944,530,4.0,0.08570232927995114,OWN,debt_consolidation,employed,0
Arun Sharma,40,325627,174864,583,10.0,0.12077644353128289,RENT,home_improvement,employed,0
Rashmi Reddy,59,429973,88728,641,5.0,0.12853996042255034,OWN,home_improvement,employed,0
Sneha Chatterjee,23,799701,141533,831,10.0,0.3209175304366226,MORTGAGE,education,employed,0
Rajesh Nair,19,524873,310707,660,2.0,0.30963152470363275,RENT,debt_consolidation,self_employed,1
Geeta Patel,39,429330,125025,815,1.0,0.18748461853991785,OWN,home_improvement,employed,1
Arun Patel,44,327429,143297,672,9.0,0.3581372447050034,MORTGAGE,business,employed,1
Naresh Ghosh,39,322347,131052,611,2.0,0.3622311483613458,RENT,other,employed,0
Mukesh Patel,18,289147,157187,803,6.0,0.12757045044426735,OWN,other,employed,0
Swati Sharma,38,337559,128894,693,0.0,0.08413973308145072,RENT,home_improvement,employed,0
Vijay Agarwal,24,645533,197737,585,7.0,0.2337417319007195,RENT,business,employed,0
Amit Jain,48,395955,176120,697,3.0,0.12922677221707451,MORTGAGE,other,unemployed,0
Shweta Iyer,44,225283,221775,620,1.0,0.2845369413129226,RENT,education,unemployed,1
Rashmi Banerjee,28,1070979,106897,451,3.0,0.1835490911210905,OWN,other,employed,0
Ramesh Jain,33,519167,142039,743,5.0,0.22011633716276421,RENT,other,employed,0
Mukesh Chatterjee,27,218934,148703,759,0.0,0.3135998921403209,RENT,education,employed,0
Suresh Chatterjee,39,354716,195293,833,5.0,0.1745987814666197,RENT,debt_consolidation,self_employed,1
Manish Sharma,51,467634,118505,692,3.0,0.11323657683360627,RENT,debt_consolidation,employed,0
Amit Shah,28,1037470,234746,625,1.0,0.17560522452200386,MORTGAGE,home_improvement,employed,0
Kavita Menon,46,254217,261598,733,6.0,0.062466480112437966,MORTGAGE,business,employed,0
Mukesh Jain,33,720730,109584,734,1.0,0.18279233776530202,OWN,debt_consolidation,self_employed,0
Meena Chakraborty,30,890682,133739,813,1.0,0.20548320501188652,MORTGAGE,debt_consolidation,employed,0
Pooja Chatterjee,38,323085,131561,645,3.0,0.11641455220586047,MORTGAGE,home_improvement,self_employed,0
Swati Mukherjee,27,385094,466472,633,5.0,0.22432471373410534,MORTGAGE,other,employed,1
Pooja Iyer,33,263509,137041,578,13.0,0.1057486666824062,OWN,home_improvement,unemployed,0
Shweta Banerjee,25,399620,318395,703,0.0,0.26162570966904847,MORTGAGE,debt_consolidation,self_employed,1
Arun Nair,63,434393,98061,495,2.0,0.2863086092011576,OWN,debt_consolidation,self_employed,1
Mukesh Pillai,40,615275,109550,727,0.0,,MORTGAGE,debt_consolidation,employed,0
Sanjay Shah,31,763059,123668,708,7.0,0.1698066863031868,OWN,other,employed,0
Sanjay Jain,42,304355,116043,708,,0.1306730699186283,MORTGAGE,other,retired,0
Anjali Agarwal,38,200000,146216,663,6.0,0.3651924607174544,OWN,home_improvement,retired,0
Arun Singh,37,437738,122576,803,1.0,0.1634988499932698,MORTGAGE,business,employed,1
Shweta Banerjee,47,512352,117273,737,9.0,0.148965439666584,OWN,education,employed,0
Ramesh Mishra,49,501174,258690,589,3.0,0.11404477932852258,MORTGAGE,debt_consolidation,employed,0
Rajesh Agarwal,33,375744,265539,591,14.0,0.372799394021422,MORTGAGE,home_improvement,employed,1
Shweta Chatterjee,33,470888,237926,562,0.0,0.2742220322426339,RENT,business,employed,0
Sanjay Chakraborty,36,943849,200706,705,3.0,0.27019791481590066,OWN,other,employed,0
Ramesh Mukherjee,18,535452,168905,549,7.0,0.41789830648294185,RENT,education,employed,1
Divya Shah,21,367072,133410,758,,0.15930400718777327,RENT,home_improvement,employed,0
Anjali Agarwal,56,344517,111161,782,0.0,0.36095073183218745,MORTGAGE,other,retired,1
Meena Jain,59,406392,188188,562,17.0,0.29338192158431475,OWN,business,employed,0
Pooja Mishra,37,1002863,101777,631,1.0,0.1426957694037079,OWN,education,employed,0
Meena Sharma,46,403668,109363,651,1.0,0.19501803255454547,MORTGAGE,home_improvement,unemployed,1
Mukesh Banerjee,43,438056,258116,738,3.0,0.3924900382065474,OWN,debt_consolidation,employed,1
Vikram Patel,76,347612,348105,810,3.0,0.11100060241298891,RENT,debt_consolidation,employed,0
Priya Verma,53,766424,190482,481,7.0,0.27932673430318,RENT,other,employed,0
Swati Shah,38,1178695,253364,618,2.0,0.06277972189985392,OWN,debt_consolidation,employed,0
Mukesh Kumar,28,554214,147511,623,2.0,,RENT,business,self_employed,1
Suresh Chatterjee,20,461107,95313,509,3.0,0.11501779827931273,RENT,home_improvement,employed,1
Anjali Sharma,42,450625,207911,601,2.0,0.14857232241684482,RENT,home_improvement,employed,1
Ajay Shah,30,200000,204375,692,12.0,0.1466265575653903,MORTGAGE,home_improvement,employed,0
Rashmi Chatterjee,22,642148,167488,622,9.0,0.07787784381626481,RENT,debt_consolidation,employed,1
Manish Reddy,32,473110,147716,495,3.0,0.19530852422759717,MORTGAGE,debt_consolidation,employed,1
Sneha Verma,27,548076,239159,850,0.0,0.2139911781566566,MORTGAGE,debt_consolidation,employed,0
Sanjay Chatterjee,60,309981,109722,676,,0.05202697366254978,RENT,debt_consolidation,unemployed,1
Anjali Gupta,50,365043,119430,661,0.0,0.18067930258961426,MORTGAGE,debt_consolidation,employed,1
Deepak Chatterjee,39,360226,108744,540,1.0,0.1291098801020869,OWN,business,employed,0
Amit Chakraborty,57,737345,168381,676,0.0,0.1816262029375231,MORTGAGE,debt_consolidation,employed,0
Suresh Verma,40,366084,105328,633,0.0,0.34663463192039795,MORTGAGE,debt_consolidation,employed,1
Vikram Kumar,29,1253349,123785,461,8.0,0.2267126169845988,RENT,business,employed,1
Geeta Chakraborty,58,548768,122724,542,4.0,0.095821039035433,MORTGAGE,debt_consolidation,self_employed,1
Meena Gupta,46,233785,146643,729,15.0,0.11626160141693719,RENT,other,employed,0
Kavita Singh,27,414872,89773,844,1.0,0.32236073457936526,RENT,home_improvement,employed,0
Swati Iyer,37,319388,168532,686,3.0,0.14899369743578306,RENT,other,employed,1
Divya Ghosh,29,200000,268048,760,18.0,0.059762856148189936,MORTGAGE,debt_consolidation,self_employed,1
Geeta Ghosh,23,984348,171818,634,8.0,0.04010814509397528,RENT,debt_consolidation,self_employed,0
Kavita Mukherjee,51,628801,301500,641,6.0,0.25031424900565974,OWN,business,self_employed,1
Deepak Pillai,62,577580,277506,759,1.0,0.30517444230040003,MORTGAGE,debt_consolidation,employed,1
Sunita Pillai,23,480557,222146,816,7.0,0.04359803772102003,MORTGAGE,business,employed,0
Meena Chakraborty,46,221680,167690,780,2.0,0.2099866253127398,MORTGAGE,home_improvement,self_employed,0
Neha Shah,32,347385,164226,543,3.0,0.1972216233398207,RENT,home_improvement,employed,1
Ajay Ghosh,34,673935,220912,643,4.0,0.18302713038581422,OWN,other,self_employed,1
Priya Ghosh,32,261552,139153,677,,0.28981750319872845,MORTGAGE,debt_consolidation,unemployed,1
Shweta Singh,29,200000,76648,624,6.0,0.03988265392572795,RENT,home_improvement,employed,0
Ramesh Agarwal,40,394923,198154,688,5.0,0.09280380756145097,MORTGAGE,home_improvement,employed,0
Suresh Agarwal,30,412141,103525,732,0.0,0.06399520521515349,RENT,business,employed,0
Sanjay Gupta,43,473440,110762,750,3.0,0.19120101016730545,MORTGAGE,debt_consolidation,employed,0
Sneha Jain,39,636830,162769,818,5.0,0.12470322562654426,MORTGAGE,home_improvement,unemployed,1
Sneha Banerjee,37,608530,156678,617,1.0,0.22165737493612425,MORTGAGE,home_improvement,employed,0
Amit Mishra,29,503523,92519,513,1.0,0.0020667993430882096,OWN,other,employed,0
Rahul Iyer,33,804330,173893,685,0.0,0.05374552160191637,MORTGAGE,education,retired,0
Manish Ghosh,49,207008,239535,838,2.0,0.31048909858045076,RENT,debt_consolidation,employed,0
Rashmi Shah,46,569372,103638,602,21.0,0.19110276439144092,OWN,home_improvement,employed,0
Priya Jain,28,605172,270761,718,1.0,0.0897809170844765,OWN,education,employed,0
Meena Shah,41,238045,87197,719,3.0,0.10804511563796766,OWN,home_improvement,self_employed,0
Mukesh Pillai,49,208681,379621,669,,0.37573180290475433,OWN,home_improvement,employed,0
Amit Jain,19,304683,138067,650,,0.16041277270642387,MORTGAGE,home_improvement,employed,0
Sunita Patel,46,317816,172516,557,11.0,0.14132421305727494,RENT,home_improvement,unemployed,1
Geeta Chakraborty,32,644809,76357,421,2.0,0.2942135608274864,RENT,debt_consolidation,employed,1
Anita Agarwal,46,325374,158759,538,10.0,0.07774658175210307,MORTGAGE,education,self_employed,1
Neha Singh,30,288319,178330,610,0.0,0.16085252999184418,OWN,business,employed,1
Swati Jain,18,325846,157241,759,0.0,0.16017213463463828,OWN,debt_consolidation,employed,0
Suresh Kumar,20,773991,129932,639,1.0,0.20593321959613123,RENT,business,self_employed,1
Sunita Patel,40,445308,111454,598,2.0,0.39151862993009584,RENT,debt_consolidation,employed,1
Dinesh Kumar,43,404486,255815,560,9.0,0.02518757025806848,RENT,debt_consolidation,employed,1
Amit Verma,29,418736,164772,715,0.0,0.1844098091660267,RENT,education,self_employed,1
Sneha Shah,47,844103,301432,785,5.0,0.09731732413931289,MORTGAGE,education,employed,0
Divya Chakraborty,20,304191,131848,756,0.0,0.15103207758865198,MORTGAGE,business,employed,1
Sunita Shah,39,854057,136773,710,8.0,0.3015353486740823,MORTGAGE,education,employed,0
Manish Singh,25,491515,225536,502,7.0,0.21175760996219004,RENT,home_improvement,self_employed,1
Manish Shah,32,408313,85034,614,3.0,0.07952324925368016,RENT,debt_consolidation,employed,0
Mukesh Menon,40,1544869,100169,844,1.0,0.1574541608156382,OWN,business,self_employed,0
Sanjay Mukherjee,29,260975,252456,762,5.0,0.049027997954455005,RENT,debt_consolidation,employed,0
Swati Chatterjee,35,370703,101846,496,0.0,0.04222915739025195,MORTGAGE,education,self_employed,1
Manish Gupta,52,238896,78619,644,1.0,0.05162539261482692,OWN,home_improvement,employed,0
Divya Verma,33,712283,343660,686,4.0,0.25219820936488807,MORTGAGE,business,employed,1
Naresh Iyer,50,1029510,93197,573,23.0,0.16063871493289467,RENT,business,self_employed,0
Shweta Reddy,26,1019641,175193,419,11.0,0.3028482614838274,RENT,education,unemployed,1
Divya Patel,46,815840,167315,659,4.0,0.12936338451482837,RENT,education,employed,0
Rahul Gupta,57,400788,52878,571,3.0,0.2996499798091458,RENT,debt_consolidation,self_employed,1
Kavita Chakraborty,18,368567,146250,571,32.0,0.06782102039270457,MORTGAGE,debt_consolidation,employed,0
Ajay Sharma,30,200000,194729,614,,0.2531825796164501,MORTGAGE,other,employed,1
Ramesh Patel,46,1224369,187535,636,2.0,0.29000084330958364,RENT,home_improvement,unemployed,1
Ajay Verma,37,559326,233609,649,,0.16326877557739586,RENT,home_improvement,unemployed,1
Ramesh Mishra,44,345940,139386,561,,0.055305772826775575,RENT,debt_consolidation,employed,0
Rashmi Mukherjee,32,859433,216425,627,0.0,0.07802472971791029,OWN,business,employed,0
Suresh Pillai,41,272016,123533,474,5.0,0.09386976634719106,OWN,debt_consolidation,employed,0
Sunita Patel,38,542157,92578,681,,0.2233147427694764,MORTGAGE,education,employed,0
Sneha Chakraborty,54,405828,96849,364,2.0,0.39343885182582633,MORTGAGE,debt_consolidation,employed,0
Neha Chatterjee,43,608856,90685,621,2.0,0.03661347475717908,OWN,home_improvement,employed,0
Amit Chatterjee,44,428571,243734,741,3.0,0.18062589562564776,OWN,debt_consolidation,employed,0
Pooja Iyer,35,214172,88802,544,23.0,0.07866774979716931,MORTGAGE,business,employed,0
Arun Reddy,34,459451,181609,721,1.0,0.1902626743694217,OWN,other,unemployed,1
Anita Singh,34,747457,146331,765,2.0,0.15612266093443952,RENT,debt_consolidation,employed,0
Rekha Mishra,44,435997,156207,319,0.0,,RENT,debt_consolidation,employed,1
Arun Iyer,34,651842,280812,634,4.0,0.20069071464652835,RENT,home_improvement,employed,0
Mukesh Chatterjee,43,262297,136574,362,6.0,,OWN,education,retired,1
Meena Menon,64,436642,207864,638,3.0,0.270766127414053,OWN,other,employed,1
Dinesh Banerjee,50,323755,165218,649,,0.20791820832104926,RENT,debt_consolidation,employed,1
Priya Pillai,36,642736,153152,401,4.0,0.16630552138629606,MORTGAGE,education,unemployed,1
Amit Reddy,54,449434,408393,842,3.0,0.29242431365753396,OWN,home_improvement,employed,1
Sanjay Reddy,35,624706,91442,678,0.0,0.2545124710871514,RENT,debt_consolidation,employed,0
Anjali Menon,18,762116,272570,565,2.0,0.17378893448134605,MORTGAGE,debt_consolidation,employed,0
Rekha Mukherjee,27,625189,211623,796,2.0,0.2137297304037881,MORTGAGE,other,retired,0
Dinesh Sharma,18,507148,134348,470,20.0,0.1298240822214814,RENT,education,employed,0
Anita Banerjee,35,268577,312302,527,9.0,0.35330855887693824,MORTGAGE,debt_consolidation,unemployed,1
Manish Iyer,40,441797,77711,420,6.0,0.13564594267843874,RENT,other,employed,1
Priya Agarwal,60,338898,132097,830,10.0,0.09782309319911364,MORTGAGE,debt_consolidation,employed,0
Vijay Nair,43,372490,100368,683,6.0,0.11189784694287062,MORTGAGE,debt_consolidation,employed,0
Divya Chatterjee,37,366859,191919,715,11.0,0.28186634904267666,MORTGAGE,business,unemployed,1
Suresh Pillai,49,271044,104273,680,0.0,0.22333174707836648,MORTGAGE,other,employed,0
Ramesh Verma,18,200000,193537,707,3.0,0.05596559224367773,MORTGAGE,home_improvement,employed,0
Rajesh Patel,42,316769,151058,657,6.0,0.21126347692166275,RENT,education,employed,0
Swati Kumar,49,487326,134357,677,4.0,0.11199199425076979,RENT,other,employed,0
Sunita Shah,22,225463,190129,660,0.0,0.39958868047006485,MORTGAGE,debt_consolidation,employed,1
Manish Chatterjee,53,445896,146173,589,2.0,0.03730158380006945,MORTGAGE,debt_consolidation,self_employed,0
Anjali Sharma,44,1144106,105297,645,1.0,0.09074744393179132,MORTGAGE,debt_consolidation,employed,0
Suresh Ghosh,35,737873,499093,677,1.0,0.3247049664290592,MORTGAGE,education,employed,1
Geeta Jain,47,1006279,133938,661,2.0,0.23501185276962058,RENT,business,employed,0
Mukesh Mishra,67,537973,67034,502,3.0,0.19289102725856186,MORTGAGE,debt_consolidation,employed,1
Meena Banerjee,42,793139,116210,515,9.0,0.1365043587960204,MORTGAGE,home_improvement,employed,0
Rahul Banerjee,42,308050,98035,758,6.0,0.19888981405510406,OWN,home_improvement,employed,0
Neha Gupta,34,320561,226490,619,9.0,0.053271613278078014,MORTGAGE,business,employed,0
Kavita Singh,29,200000,185101,708,10.0,0.30989895833560116,RENT,education,employed,1
Manish Singh,49,800564,190896,540,2.0,0.13581906307221286,MORTGAGE,debt_consolidation,employed,0
Suresh Kumar,29,955664,140363,502,2.0,0.007220407673436747,MORTGAGE,home_improvement,unemployed,1
Rashmi Shah,40,335511,145547,565,0.0,0.18981798660177962,RENT,debt_consolidation,employed,0
Vijay Patel,34,389657,140312,627,13.0,0.0848456045221777,OWN,education,employed,0
Neha Chatterjee,45,303479,157553,583,0.0,0.22348389223703874,OWN,business,unemployed,1
Rashmi Jain,44,535698,227324,779,6.0,0.2521136259524795,RENT,education,self_employed,0
Manish Banerjee,52,776433,186172,667,2.0,0.20237176216813346,RENT,debt_consolidation,unemployed,1
Vikram Menon,33,200000,198798,834,14.0,0.16018096196127968,RENT,home_improvement,employed,0
Rajesh Ghosh,36,542921,198754,690,2.0,0.15922667832066406,OWN,education,employed,0
Vijay Kumar,28,385256,231834,408,8.0,0.34857048918863315,OWN,education,employed,0
Rekha Gupta,34,468221,182637,755,1.0,0.1653451457941352,MORTGAGE,other,employed,0
Sanjay Iyer,44,556541,187876,499,1.0,0.15233851324178765,RENT,debt_consolidation,employed,1
Arun Mukherjee,49,402680,261848,673,4.0,0.055629486350623425,MORTGAGE,debt_consolidation,employed,0
Sanjay Sharma,28,420082,124739,572,31.0,0.10438171632598015,RENT,home_improvement,employed,1
Meena Shah,50,397544,115578,850,3.0,0.18696024213421994,MORTGAGE,home_improvement,employed,0
Dinesh Chakraborty,56,718670,101278,793,13.0,0.23439857208809078,MORTGAGE,debt_consolidation,employed,0
Ajay Chatterjee,44,545457,175109,575,7.0,,OWN,home_improvement,self_employed,0
Rekha Kumar,62,494000,77536,637,7.0,0.3412803949309592,RENT,business,employed,0
Manish Banerjee,30,234339,195802,674,2.0,0.38816634857323523,MORTGAGE,business,employed,1
Rashmi Nair,25,366117,155799,736,2.0,0.05673344314601694,RENT,debt_consolidation,self_employed,1
Arun Banerjee,18,693380,256236,652,1.0,0.18183491373597235,OWN,other,employed,0
Ramesh Banerjee,57,450831,124396,547,16.0,0.14360182953133027,RENT,business,unemployed,1
Deepak Pillai,47,615238,150042,578,16.0,0.11159498086206229,RENT,home_improvement,employed,0
Sunita Reddy,39,1070092,254964,649,6.0,0.2392569688621367,MORTGAGE,other,self_employed,1
Rekha Agarwal,43,743633,283014,773,1.0,0.28024632395185456,MORTGAGE,debt_consolidation,employed,0
Mukesh Jain,26,463508,123987,692,1.0,0.1292650354312985,OWN,home_improvement,employed,1
Ajay Menon,69,342663,175029,572,22.0,0.0823126182423229,RENT,education,unemployed,1
Kavita Iyer,41,200000,183096,714,0.0,0.1322850989965201,RENT,home_improvement,unemployed,1
Priya Reddy,41,406690,188992,611,9.0,0.1896144556464575,MORTGAGE,education,self_employed,1
Shweta Chatterjee,48,375868,146527,739,2.0,0.21983858586271124,MORTGAGE,other,self_employed,0
Mukesh Menon,45,537768,271727,850,2.0,0.20078234185531021,RENT,debt_consolidation,employed,0
Deepak Kumar,42,409645,76429,614,8.0,0.23272695582014977,MORTGAGE,debt_consolidation,self_employed,1
Rashmi Verma,30,376927,137523,730,0.0,0.22353612237970827,MORTGAGE,home_improvement,employed,0
Vikram Mukherjee,45,200000,194691,575,2.0,0.12772372776922236,RENT,home_improvement,employed,0
Ajay Reddy,62,276513,195416,638,15.0,0.25178630042701655,MORTGAGE,debt_consolidation,employed,0
Rekha Singh,56,561476,279596,652,6.0,0.3111860195752048,OWN,debt_consolidation,employed,0
Rekha Pillai,59,1043356,262837,630,7.0,0.06624211957642283,RENT,other,employed,0
Anjali Mukherjee,33,421357,145187,850,7.0,0.24159669621884944,RENT,business,employed,0
Sunita Pillai,28,521208,273743,619,0.0,0.09803640561551029,OWN,debt_consolidation,employed,0
Rahul Kumar,38,712289,122318,708,1.0,0.0874437328150885,MORTGAGE,other,employed,0
Neha Kumar,40,294947,236181,456,3.0,0.21098179119340457,MORTGAGE,education,employed,1
Amit Chatterjee,53,531472,335779,693,,0.06747466832166542,RENT,home_improvement,employed,0
Geeta Patel,19,305515,264600,764,2.0,0.32519397019982726,OWN,education,employed,1
Arun Ghosh,58,681745,169788,597,7.0,0.1745360305426264,OWN,business,employed,0
Mukesh Menon,38,477205,142527,398,0.0,0.2746910824696044,OWN,business,employed,1
Suresh Gupta,34,513613,88306,646,5.0,0.2679001862480813,MORTGAGE,debt_consolidation,employed,0
Rekha Reddy,27,299150,184280,651,0.0,0.11197400109981234,OWN,debt_consolidation,employed,0
Rekha Banerjee,20,630025,104183,722,0.0,0.16260834773911853,RENT,debt_consolidation,employed,0
Deepak Reddy,49,1254636,118509,850,,0.17801616830282038,RENT,debt_consolidation,employed,0
Suresh Chatterjee,40,267277,101083,611,9.0,0.06910461563771524,OWN,home_improvement,unemployed,1
Rekha Banerjee,24,373293,135380,564,0.0,0.1482275078625173,MORTGAGE,home_improvement,employed,0
Priya Ghosh,24,496730,160944,533,4.0,0.11914441999222192,OWN,debt_consolidation,self_employed,0
Amit Jain,35,655532,181578,669,5.0,0.2352591199369191,MORTGAGE,other,employed,1
Suresh Shah,60,334444,128001,697,1.0,0.12178940501393189,MORTGAGE,business,employed,0
Kavita Gupta,36,200000,249624,595,3.0,0.16899420129511447,OWN,home_improvement,employed,1
Neha Singh,21,872916,149749,727,12.0,0.1176813906258147,MORTGAGE,other,employed,0
Ramesh Singh,37,647098,118766,696,3.0,0.18209856467493726,RENT,other,self_employed,1
Manish Mishra,36,200000,178174,654,0.0,0.18882382042870344,MORTGAGE,debt_consolidation,employed,0
Mukesh Shah,18,326509,356975,559,4.0,0.23849130863106718,RENT,business,employed,0
Naresh Sharma,39,969069,186104,601,4.0,0.23738493003992525,OWN,education,employed,1
Priya Reddy,37,912458,140766,407,0.0,0.3064274241529403,OWN,debt_consolidation,employed,1
Geeta Verma,48,707377,88345,673,0.0,0.29008006732390645,OWN,debt_consolidation,self_employed,1
Meena Nair,62,405122,149079,652,0.0,0.42898962351913467,MORTGAGE,debt_consolidation,self_employed,0
Pooja Iyer,53,461156,178790,668,0.0,0.1053490665993278,RENT,debt_consolidation,employed,0
Vikram Jain,36,414379,139381,700,1.0,0.21240853441055788,MORTGAGE,other,self_employed,0
Vijay Iyer,26,777718,83603,688,3.0,0.17948009195271145,MORTGAGE,education,employed,0
Ajay Mishra,70,285523,115817,638,,0.19975135671072544,RENT,debt_consolidation,employed,0
Sneha Mishra,40,295699,291214,654,11.0,0.23873686416794704,MORTGAGE,education,unemployed,1
Amit Ghosh,40,733173,288831,509,4.0,0.09954212781250836,OWN,debt_consolidation,employed,1
Rekha Menon,39,432708,114158,591,10.0,0.13640206174813854,MORTGAGE,home_improvement,self_employed,0
Divya Jain,42,881370,213011,655,3.0,0.0339958511699438,MORTGAGE,debt_consolidation,employed,0
Rashmi Chakraborty,38,316235,101576,576,0.0,0.23387341868234082,MORTGAGE,debt_consolidation,employed,1
Vikram Jain,33,430460,285422,736,3.0,0.07479607061876335,RENT,debt_consolidation,self_employed,0
Manish Patel,33,278951,179529,584,8.0,0.1089416485288473,MORTGAGE,education,employed,1
Manish Patel,39,444045,237959,671,1.0,0.07403429399295064,RENT,debt_consolidation,employed,0
Anita Sharma,33,211234,81958,661,0.0,0.23454415587111735,OWN,education,employed,0
Naresh Pillai,31,346688,213428,724,1.0,0.2524453564709375,RENT,debt_consolidation,employed,0
Naresh Shah,41,215749,162255,740,2.0,0.06966478102813925,RENT,business,employed,0
Anita Banerjee,36,625909,228838,719,1.0,0.0068659466720154575,RENT,other,employed,0
Sneha Gupta,58,633043,234672,439,0.0,0.24745446417286915,MORTGAGE,debt_consolidation,employed,1
Manish Nair,18,200000,167094,769,1.0,0.3512282112937896,MORTGAGE,business,retired,0
Ajay Shah,53,861941,127984,802,5.0,0.2598003790596118,MORTGAGE,home_improvement,employed,0
Suresh Iyer,54,1542180,222321,601,2.0,0.30327636402211067,MORTGAGE,debt_consolidation,employed,0
Mukesh Patel,18,452708,158885,673,5.0,0.12978206045349389,MORTGAGE,debt_consolidation,employed,0
Manish Shah,35,321079,114793,560,3.0,0.25242120793344575,RENT,business,employed,0
Rajesh Menon,35,1816033,112638,455,3.0,0.3155373638041632,MORTGAGE,debt_consolidation,employed,1
Rekha Chatterjee,23,228779,90141,576,1.0,0.056041183392047986,MORTGAGE,debt_consolidation,employed,0
Anjali Jain,30,446883,132704,595,3.0,0.4289844203104693,RENT,education,employed,1
Deepak Chakraborty,26,483985,252982,614,0.0,0.17287247067062342,MORTGAGE,other,employed,0
Pooja Chakraborty,61,866808,174753,554,2.0,0.1248237365170452,OWN,debt_consolidation,employed,0
Meena Shah,51,529595,131675,576,4.0,0.2914656514513065,OWN,education,unemployed,1
Rahul Menon,55,344787,224569,648,1.0,0.07439209726275114,MORTGAGE,other,employed,0
Sanjay Sharma,48,274967,116658,572,1.0,0.15859033330999672,OWN,debt_consolidation,employed,1
Ajay Verma,26,372908,169082,704,1.0,0.12610410534178548,RENT,home_improvement,employed,0
Sunita Ghosh,33,267409,151470,718,0.0,,MORTGAGE,debt_consolidation,unemployed,0
Shweta Chatterjee,45,453120,222270,850,2.0,0.3180377920814316,MORTGAGE,education,employed,0
Dinesh Shah,25,333668,86604,762,19.0,0.11722322920708314,RENT,debt_consolidation,unemployed,1
Ramesh Jain,48,209605,115834,674,2.0,0.24528730175868188,RENT,debt_consolidation,unemployed,1
Divya Nair,37,828666,84516,587,3.0,0.20085387284451092,MORTGAGE,business,unemployed,1
Kavita Agarwal,35,344953,146702,679,5.0,0.37565674965558266,RENT,education,employed,0
Divya Patel,48,234669,264228,682,5.0,0.261089068143046,OWN,home_improvement,employed,0
Anita Kumar,45,406716,132962,598,14.0,0.0758719444559378,RENT,business,self_employed,0
Suresh Singh,35,457799,132684,728,9.0,0.1287387008311136,MORTGAGE,other,employed,0
Naresh Verma,53,200000,230657,510,7.0,0.0706784065700283,MORTGAGE,other,employed,0
Meena Pillai,27,522209,249551,625,15.0,0.4092014916906644,OWN,education,employed,1
Priya Chakraborty,47,262084,157089,705,1.0,0.23968237286814043,MORTGAGE,other,self_employed,0
Pooja Kumar,47,1040814,214033,621,4.0,0.21834759084005795,MORTGAGE,other,employed,1
Amit Shah,36,574916,105790,629,10.0,0.058637840222207416,MORTGAGE,education,self_employed,0
Arun Iyer,43,362235,282431,636,4.0,0.13060318556143405,MORTGAGE,other,self_employed,0
Sneha Agarwal,24,304801,384416,566,18.0,0.05910795418467208,MORTGAGE,education,employed,0
Vikram Banerjee,51,419792,200483,767,0.0,0.24923208247272532,OWN,home_improvement,employed,0
Naresh Nair,37,601027,70704,548,2.0,0.11972093241992215,OWN,home_improvement,employed,1
Vijay Mukherjee,33,436809,130184,681,18.0,0.17415687851484674,MORTGAGE,debt_consolidation,employed,0
Sunita Patel,52,396892,207966,691,2.0,0.23143513644843752,MORTGAGE,debt_consolidation,employed,1
Dinesh Mishra,31,455515,137503,555,6.0,0.19117676292473576,MORTGAGE,education,employed,0
Sanjay Chatterjee,23,327116,270730,657,0.0,0.1998272319988009,RENT,business,unemployed,1
Geeta Shah,21,372650,205924,559,5.0,0.08775200693034915,MORTGAGE,education,employed,1
Shweta Reddy,47,200000,122689,789,13.0,0.22968006283460818,MORTGAGE,other,employed,0
Geeta Singh,24,719896,164868,536,2.0,0.04619911874453174,MORTGAGE,home_improvement,employed,1
Manish Gupta,61,513702,113830,584,0.0,0.14026676825086143,RENT,debt_consolidation,self_employed,0
Vikram Jain,18,300520,151291,527,0.0,0.034751748648639884,MORTGAGE,business,employed,0
Rekha Menon,60,1143229,130374,514,11.0,0.2505158720616909,RENT,debt_consolidation,employed,1
Rekha Banerjee,42,462086,260381,809,6.0,0.1722808172324929,MORTGAGE,business,employed,0
Pooja Gupta,38,263531,379422,704,0.0,0.24100910030331868,MORTGAGE,home_improvement,employed,1
Geeta Menon,33,678994,91814,664,0.0,0.19220478330631585,OWN,education,employed,0
Rahul Patel,44,539837,75411,584,8.0,0.11544677891707555,MORTGAGE,home_improvement,employed,0
Swati Singh,39,538902,147551,740,8.0,0.07282336053929171,MORTGAGE,debt_consolidation,employed,0
Manish Nair,53,357582,88666,567,0.0,0.3562792517933991,RENT,debt_consolidation,self_employed,0
Anita Patel,41,554181,165791,729,1.0,0.35309034789181853,MORTGAGE,business,unemployed,1
Ajay Menon,41,388139,219602,562,7.0,0.3871232315007574,RENT,home_improvement,employed,1
Dinesh Nair,35,584183,295864,585,3.0,0.035964128018949486,MORTGAGE,home_improvement,employed,0
Anjali Jain,39,200000,176408,725,15.0,0.19631916269148803,OWN,debt_consolidation,self_employed,0
Rashmi Sharma,43,356134,150653,736,3.0,0.2614249147491723,OWN,education,employed,0
Divya Banerjee,19,1046621,73765,709,5.0,0.07023462625452875,MORTGAGE,other,self_employed,0
Arun Ghosh,23,301482,164468,545,3.0,0.18914601499913286,OWN,debt_consolidation,employed,0
Kavita Gupta,48,327119,167462,605,14.0,0.16211073553908953,RENT,education,employed,0
Suresh Pillai,42,353634,210151,665,2.0,0.11311745419283545,MORTGAGE,debt_consolidation,employed,0
Sunita Shah,37,241010,122590,565,1.0,0.03176825319942486,MORTGAGE,education,employed,0
Suresh Iyer,40,200000,136759,787,1.0,0.2622428148473674,MORTGAGE,home_improvement,self_employed,1
Anjali Kumar,44,394236,90111,409,9.0,0.15950664232522932,MORTGAGE,business,employed,1
Priya Verma,33,473510,65087,572,3.0,,MORTGAGE,debt_consolidation,employed,1
Meena Chatterjee,30,430950,104464,599,2.0,,RENT,other,employed,0
Anjali Singh,42,411498,86844,365,3.0,0.26628006468304805,RENT,debt_consolidation,employed,1
Kavita Banerjee,28,452037,186220,510,0.0,0.12826307333792084,OWN,other,employed,0
Vikram Menon,44,737794,132289,712,0.0,0.2285604392633008,OWN,debt_consolidation,unemployed,1
Manish Nair,19,402229,131229,653,1.0,0.26930026947612173,RENT,debt_consolidation,self_employed,1
Anita Banerjee,52,332022,109780,807,4.0,0.05506937425776332,MORTGAGE,business,self_employed,0
Neha Chakraborty,45,384399,50000,804,6.0,,RENT,other,employed,0
Shweta Kumar,43,591060,297546,693,8.0,0.19217250859558543,MORTGAGE,business,employed,0
Naresh Iyer,51,896284,109085,681,13.0,0.2889416658146927,MORTGAGE,debt_consolidation,employed,0
Suresh Singh,59,323168,138003,656,2.0,0.3580303497339167,RENT,other,employed,0
Dinesh Chatterjee,52,464848,90947,384,6.0,0.08410532531748759,RENT,business,unemployed,1
Divya Iyer,18,523964,240090,510,0.0,0.07635437973636718,MORTGAGE,debt_consolidation,self_employed,1
Sanjay Verma,24,269334,172365,660,0.0,0.22901049964059,MORTGAGE,business,employed,1
Mukesh Nair,32,446952,116944,711,0.0,0.31794643431529285,MORTGAGE,business,self_employed,1
Rajesh Pillai,40,212599,139122,678,2.0,0.08008691357322323,RENT,business,employed,0
Manish Jain,46,200000,318466,560,1.0,0.21080643200317736,MORTGAGE,education,employed,0
Rekha Nair,31,531454,158072,743,1.0,0.0036621360140995335,MORTGAGE,other,employed,0
Anjali Nair,42,365149,151343,798,5.0,0.26553246143423914,RENT,education,employed,0
Swati Nair,30,489500,111686,743,2.0,0.3389413069482909,OWN,business,self_employed,1
Priya Menon,32,438472,76280,748,4.0,0.045579519946720694,MORTGAGE,debt_consolidation,employed,0
Sanjay Agarwal,23,271522,152662,594,2.0,0.245933587572389,RENT,education,self_employed,0
Anjali Pillai,28,432515,185385,757,0.0,0.21439260544705296,MORTGAGE,other,employed,0
Amit Agarwal,23,238816,252668,664,0.0,0.19722586360631786,MORTGAGE,debt_consolidation,retired,0
Suresh Ghosh,28,886898,66210,701,1.0,0.15602580909832078,RENT,business,unemployed,1
Rahul Verma,52,224586,103773,686,0.0,0.10210770655117678,MORTGAGE,education,self_employed,1
Geeta Reddy,28,401156,129017,637,4.0,0.0334884343524708,OWN,business,employed,0
Kavita Kumar,71,262725,162528,563,7.0,0.2403646160828673,OWN,other,employed,1
Geeta Chakraborty,45,588428,153581,641,2.0,0.20009679926914184,MORTGAGE,home_improvement,employed,0
Rajesh Gupta,42,374851,155022,748,2.0,0.17717016853953843,MORTGAGE,home_improvement,employed,1
Dinesh Banerjee,29,341351,191614,605,8.0,0.2520268657281752,OWN,debt_consolidation,employed,1
Rajesh Chakraborty,48,677795,113400,739,,0.04781607838588689,RENT,other,employed,0
Rajesh Jain,33,448971,236488,723,0.0,0.37927608098300986,OWN,debt_consolidation,employed,0
Arun Kumar,41,572817,193567,620,3.0,0.3442645762157422,OWN,other,employed,1
Geeta Ghosh,70,270854,143209,788,5.0,0.05223299910310925,MORTGAGE,debt_consolidation,employed,0
Rahul Patel,38,219167,308773,614,4.0,0.16291935971040372,MORTGAGE,debt_consolidation,employed,0
Rekha Kumar,53,466775,303326,800,6.0,0.4294036532862588,MORTGAGE,home_improvement,self_employed,1
Vikram Banerjee,31,377217,236371,693,0.0,0.2678854074389731,OWN,business,employed,0
Sanjay Mishra,39,605141,50000,648,2.0,0.2877705444630498,OWN,home_improvement,employed,0
Anjali Sharma,61,425085,306072,561,1.0,0.18138673848679795,RENT,home_improvement,employed,1
Vikram Sharma,32,490184,223664,641,7.0,0.1670399517227827,RENT,home_improvement,employed,0
Pooja Jain,61,200000,363147,629,10.0,0.1720111433368409,MORTGAGE,other,employed,1
Ajay Reddy,48,1137357,266995,524,1.0,0.11567407703795135,RENT,other,employed,1
Rahul Mishra,33,407533,305998,628,0.0,0.1789357494126634,RENT,debt_consolidation,unemployed,1
Sanjay Verma,47,627057,231297,569,1.0,0.263031960755433,RENT,business,unemployed,1
Vikram Iyer,51,291254,279142,708,0.0,0.08073530156133556,RENT,education,employed,1
Vijay Singh,47,516073,361367,780,1.0,0.20633149940599757,OWN,business,unemployed,0
Shweta Gupta,21,230631,177481,527,3.0,0.15665641182550324,OWN,debt_consolidation,retired,0
Rashmi Pillai,31,554617,86777,821,18.0,0.27633178848950535,RENT,home_improvement,employed,0
Ramesh Nair,37,370279,143920,637,2.0,0.06019759887864351,RENT,education,unemployed,0
Vijay Chakraborty,39,448917,190227,552,1.0,0.2807375315140203,RENT,debt_consolidation,retired,1
Anjali Pillai,47,627178,167703,725,0.0,0.2378331246566889,OWN,debt_consolidation,self_employed,0
Vijay Jain,42,238883,98851,605,0.0,0.13887949920113474,MORTGAGE,debt_consolidation,employed,0
Divya Verma,23,314190,84759,641,,0.24929356686272383,RENT,other,employed,1
Shweta Mukherjee,44,556077,120998,609,7.0,,MORTGAGE,other,employed,0
Meena Pillai,47,1263139,224829,568,0.0,0.13968881157499222,RENT,debt_consolidation,retired,0
Suresh Sharma,46,412899,306243,722,29.0,0.4123291780935892,RENT,education,employed,1
Priya Chatterjee,52,594554,234832,621,3.0,0.15328447490389366,OWN,home_improvement,unemployed,1
Rekha Menon,50,419372,248443,506,3.0,0.14165175194409602,OWN,business,employed,0
Neha Singh,45,1168373,157577,705,2.0,0.2164235421887499,RENT,home_improvement,employed,0
Rashmi Pillai,39,200000,81078,529,5.0,0.13303764626336917,RENT,home_improvement,unemployed,1
Amit Gupta,20,463847,135660,534,3.0,0.1989203970583104,RENT,other,unemployed,1
Arun Ghosh,45,200000,146751,769,1.0,0.18695190030680614,MORTGAGE,business,employed,0
Vikram Gupta,42,200000,133409,530,1.0,0.18747248330952584,RENT,debt_consolidation,retired,0
Vikram Patel,43,513359,166354,418,12.0,0.08484514290506522,RENT,debt_consolidation,unemployed,1
Divya Chakraborty,24,474372,194185,712,1.0,0.22857937539613232,MORTGAGE,other,unemployed,1
Swati Reddy,27,383686,228937,619,2.0,0.10418292909954874,RENT,debt_consolidation,employed,0
Deepak Ghosh,52,419535,145619,628,2.0,0.16249918152449436,RENT,education,retired,0
Vijay Shah,39,2082645,76000,618,0.0,0.10226034533856772,RENT,home_improvement,self_employed,0
Manish Mukherjee,48,388835,134168,673,1.0,0.18027047053877146,RENT,debt_consolidation,unemployed,1
Divya Iyer,40,570953,165625,574,1.0,0.19367686096653883,RENT,education,employed,0
Anjali Singh,40,319757,265434,797,5.0,0.16454501613195302,MORTGAGE,other,employed,1
Rekha Banerjee,51,512787,129686,502,2.0,0.1205579242702143,MORTGAGE,debt_consolidation,unemployed,1
Shweta Agarwal,33,392732,199789,694,7.0,0.10016840144527923,OWN,debt_consolidation,employed,0
Neha Pillai,41,360317,182779,714,6.0,0.01087597336706249,OWN,education,self_employed,1
Naresh Jain,34,1098492,165638,574,1.0,0.21489907959977161,OWN,home_improvement,retired,1
Neha Reddy,34,796986,236147,547,4.0,0.10042673322389063,OWN,business,self_employed,1
Dinesh Pillai,36,473720,124949,751,6.0,0.2709508387517715,MORTGAGE,home_improvement,employed,1
Deepak Iyer,42,200000,129304,550,5.0,0.22833321904169693,OWN,home_improvement,employed,1
Shweta Singh,34,369348,161981,589,,0.125938166666088,RENT,debt_consolidation,employed,0
Arun Iyer,55,1709162,125987,738,6.0,0.07787246402235247,RENT,business,employed,0
Arun Patel,29,394221,199427,653,0.0,0.11879790804974093,MORTGAGE,debt_consolidation,employed,0
Pooja Kumar,37,768048,122360,470,6.0,0.3548487976337396,RENT,education,employed,0
Anita Chatterjee,34,909791,178175,824,1.0,0.24495648427365851,MORTGAGE,home_improvement,employed,1
Amit Gupta,57,493600,156362,596,4.0,0.13498746107642282,MORTGAGE,education,unemployed,1
Dinesh Gupta,42,290421,177365,609,1.0,0.07753589835230247,OWN,other,employed,0
Amit Iyer,52,200000,135415,675,,,RENT,other,employed,0
Anjali Nair,22,622862,142111,712,3.0,0.13759000608454316,RENT,business,employed,0
Geeta Kumar,43,294378,169126,846,5.0,0.2636254198415558,OWN,debt_consolidation,employed,1
Swati Verma,50,483146,176456,483,7.0,0.05451193851971869,MORTGAGE,home_improvement,employed,0
Ajay Banerjee,40,236828,162481,732,11.0,0.1814303272254729,MORTGAGE,business,employed,0
Swati Reddy,52,387465,321947,724,6.0,0.35192898060975125,OWN,education,employed,0
Anita Singh,33,449935,109502,636,0.0,0.1470082999900063,OWN,debt_consolidation,employed,0
Neha Nair,56,506002,158628,728,9.0,0.049254178754587735,MORTGAGE,other,unemployed,1
Rekha Iyer,67,253365,86729,743,4.0,0.14356083124807997,MORTGAGE,debt_consolidation,employed,0
Rekha Verma,35,804885,188873,511,4.0,0.13231379717662559,MORTGAGE,business,retired,0
Meena Ghosh,34,328257,104182,824,12.0,0.10724101684547171,OWN,home_improvement,self_employed,0
Meena Nair,57,200000,145608,494,1.0,0.16260398156519662,RENT,business,self_employed,1
Anjali Chakraborty,58,418942,140248,536,1.0,0.18447237361683805,RENT,home_improvement,employed,0
Vijay Agarwal,33,450083,182108,623,3.0,0.27078639422673056,OWN,debt_consolidation,employed,1
Vikram Chatterjee,34,479401,130468,842,6.0,0.20735979432595067,MORTGAGE,other,self_employed,0
Kavita Singh,36,874201,128268,619,2.0,0.23678189447371784,OWN,other,employed,0
Pooja Banerjee,23,393082,289046,646,5.0,0.21833069128340035,MORTGAGE,home_improvement,employed,0
Pooja Singh,28,416728,182376,793,3.0,0.05966205349985873,MORTGAGE,debt_consolidation,employed,0
Ramesh Patel,27,254844,130037,619,4.0,0.17146917986043855,RENT,debt_consolidation,employed,0
Ajay Jain,30,666820,147217,532,8.0,0.21455933941759706,MORTGAGE,debt_consolidation,employed,0
Geeta Iyer,39,485121,314312,608,0.0,0.24519298726192168,RENT,business,retired,0
Rekha Banerjee,42,358608,148143,787,5.0,0.35501597954498443,RENT,home_improvement,employed,1
Ramesh Ghosh,58,200000,123536,657,7.0,0.12986364966684708,MORTGAGE,home_improvement,employed,0
Divya Banerjee,28,910916,123747,843,2.0,0.12544787782622613,MORTGAGE,home_improvement,employed,1
Rahul Ghosh,51,239464,130659,723,1.0,0.1852582810414667,MORTGAGE,other,employed,0
Sunita Patel,37,329180,128309,585,0.0,0.11837971002709158,MORTGAGE,debt_consolidation,employed,0
Rahul Mishra,39,529226,97552,655,7.0,0.0795067370413235,MORTGAGE,home_improvement,employed,0
Sanjay Shah,48,243219,103810,564,1.0,0.08874964694852057,OWN,education,employed,0
Sunita Reddy,26,209660,116806,583,2.0,,MORTGAGE,other,employed,1
Pooja Sharma,44,200000,206205,850,2.0,0.037208790649341426,RENT,education,employed,0
Sneha Kumar,41,634440,139735,751,,0.35980461748941833,RENT,home_improvement,employed,0
Ajay Menon,45,336854,149811,736,6.0,0.14049546636027344,MORTGAGE,education,employed,1
Amit Kumar,43,1911951,270502,587,7.0,0.13945636304230388,MORTGAGE,other,self_employed,1
Shweta Sharma,69,269095,273211,806,2.0,0.19073391579754387,OWN,other,employed,0
Amit Mukherjee,32,279085,145386,759,5.0,0.030785949364893466,OWN,debt_consolidation,employed,0
Rajesh Menon,33,333468,126456,838,6.0,0.32934217381724823,MORTGAGE,business,self_employed,1
Neha Pillai,32,499602,115177,833,1.0,0.20202182601856386,OWN,education,employed,0
Arun Mishra,33,349723,214724,502,0.0,0.16552923313632226,MORTGAGE,business,employed,1
Pooja Shah,32,600889,149958,539,11.0,0.21676273362949253,MORTGAGE,home_improvement,self_employed,1
Shweta Reddy,54,271225,139441,549,5.0,0.16423933393287876,MORTGAGE,debt_consolidation,employed,1
Ramesh Chakraborty,57,221727,117540,555,5.0,0.17371058239553885,RENT,business,self_employed,1
Divya Gupta,33,200000,119626,682,0.0,0.1667642013467138,RENT,home_improvement,employed,0
Naresh Verma,30,200000,184983,593,8.0,0.044749883555525644,OWN,home_improvement,self_employed,1
Vikram Mishra,45,341453,96165,850,4.0,0.13941275473602907,MORTGAGE,education,employed,0
Ramesh Ghosh,33,380602,242303,840,9.0,0.19909346604126898,OWN,debt_consolidation,unemployed,1
Priya Gupta,47,322636,131460,649,18.0,0.2622705475496324,MORTGAGE,business,self_employed,0
Sanjay Pillai,42,823816,153299,845,15.0,0.26793859814196713,MORTGAGE,other,employed,0
Anita Iyer,21,817507,95340,798,9.0,,RENT,business,employed,0
Rashmi Ghosh,58,374219,161951,604,0.0,0.1524859283399931,MORTGAGE,home_improvement,employed,0
Manish Iyer,61,200000,142724,449,10.0,0.016872765950230177,RENT,debt_consolidation,employed,1
Sanjay Agarwal,32,333249,159526,628,0.0,0.22218013026978722,RENT,business,employed,1
Ramesh Mukherjee,35,327777,293221,585,9.0,0.2731553099014235,RENT,other,employed,1
Anjali Nair,43,318517,174744,670,1.0,0.010684889120587496,RENT,education,retired,0
Neha Singh,44,312119,118436,658,4.0,0.13618636537086032,MORTGAGE,business,self_employed,1
Meena Chakraborty,47,319102,122451,656,0.0,0.0052065529725342065,MORTGAGE,home_improvement,employed,0
Rashmi Mukherjee,64,364663,206499,702,7.0,0.2864939806234142,OWN,debt_consolidation,self_employed,1
Anita Shah,37,321975,273615,528,0.0,0.03420451379233935,MORTGAGE,business,employed,1
Priya Jain,30,490981,182183,691,2.0,0.4381140219876481,MORTGAGE,debt_consolidation,employed,1
Deepak Ghosh,23,529762,214375,606,8.0,0.10948217812773864,OWN,other,employed,0
Priya Sharma,31,280597,207709,669,5.0,0.22850613876058043,MORTGAGE,home_improvement,retired,1
Rajesh Shah,39,835288,287111,745,0.0,0.04878226460490413,OWN,home_improvement,employed,0
Rajesh Kumar,61,271025,74620,527,2.0,0.14311199975035568,MORTGAGE,debt_consolidation,employed,0
Ramesh Patel,33,200000,212540,621,0.0,0.1154824627610262,MORTGAGE,home_improvement,employed,0
Meena Reddy,42,535196,241227,638,5.0,0.2292629864239528,RENT,business,employed,1
Anjali Sharma,39,293988,95273,598,17.0,0.1133095561196181,OWN,debt_consolidation,employed,0
Rashmi Iyer,54,519512,114202,739,5.0,0.1516756802935523,MORTGAGE,education,unemployed,1
Sneha Kumar,70,200000,115807,577,1.0,0.08224319391141754,MORTGAGE,business,employed,0
Deepak Banerjee,33,887556,121598,594,2.0,0.16441889471014878,RENT,home_improvement,employed,0
Mukesh Jain,34,619177,134230,579,18.0,0.07567588508521868,RENT,debt_consolidation,self_employed,0
Vijay Banerjee,52,208931,179340,759,1.0,0.07768979069999583,OWN,other,employed,0
Dinesh Nair,48,211210,230100,600,4.0,0.4083176481853479,RENT,debt_consolidation,self_employed,1
Amit Menon,62,1020836,250829,696,2.0,0.13256643024707715,RENT,education,self_employed,0
Rekha Verma,47,305990,116409,847,7.0,,RENT,home_improvement,self_employed,0
Neha Sharma,35,291532,116089,642,10.0,0.052743042518099297,RENT,education,unemployed,1
Manish Gupta,47,200000,275496,761,2.0,0.08950261238723037,OWN,home_improvement,self_employed,1
Rekha Reddy,53,371242,210806,817,,0.2248652303253814,MORTGAGE,debt_consolidation,employed,0
Ajay Iyer,49,394802,168239,752,3.0,0.0805549802070608,RENT,other,retired,0
Ajay Menon,46,632696,196680,648,1.0,0.093021993002575,OWN,debt_consolidation,employed,0
Mukesh Iyer,52,219797,160826,714,1.0,0.17060872234672814,OWN,debt_consolidation,unemployed,1
Meena Singh,54,206872,200753,521,3.0,0.11980893351112518,MORTGAGE,home_improvement,employed,0
Deepak Sharma,56,554311,142283,571,0.0,0.1275276607665856,OWN,other,employed,0
Arun Mishra,47,731875,181229,589,8.0,0.43755631340553164,RENT,debt_consolidation,self_employed,1
Geeta Ghosh,37,201677,88945,850,0.0,0.11455248639291643,MORTGAGE,business,employed,0
Manish Nair,41,759759,123609,568,0.0,0.19885182657948464,MORTGAGE,home_improvement,employed,1
Amit Iyer,54,450796,124143,567,2.0,0.32726789574373877,MORTGAGE,debt_consolidation,employed,1
Rekha Singh,30,763678,140118,545,0.0,0.16214700659230938,RENT,business,employed,0
Kavita Iyer,44,427149,112352,705,3.0,0.05443789409770323,RENT,home_improvement,employed,0
Ajay Menon,35,200000,131476,664,2.0,,RENT,business,employed,0
Vijay Gupta,40,410042,88808,758,6.0,0.038775051262224865,RENT,debt_consolidation,employed,0
Deepak Shah,55,751684,202699,717,15.0,0.005219702469885602,RENT,other,self_employed,0
Shweta Reddy,42,282978,157470,511,7.0,0.18695286468768968,RENT,debt_consolidation,self_employed,1
Kavita Reddy,40,364403,82282,569,0.0,0.0862062110645654,RENT,business,employed,0
Ramesh Mishra,23,405117,116549,786,13.0,,MORTGAGE,other,unemployed,0
Amit Mukherjee,48,200000,186211,629,2.0,0.4044679998409456,MORTGAGE,debt_consolidation,employed,1
Suresh Singh,47,1020367,130978,768,3.0,0.39237522321866586,RENT,debt_consolidation,employed,0
Vijay Mukherjee,65,281901,123158,635,2.0,0.2143076064386872,MORTGAGE,debt_consolidation,unemployed,1
Rajesh Nair,36,569701,157970,553,1.0,0.2892352946893731,MORTGAGE,education,employed,0
Pooja Kumar,42,423644,186733,619,11.0,0.0514899941875121,RENT,education,retired,0
Kavita Singh,42,829691,91624,553,2.0,0.05314162457537439,RENT,education,employed,0
Vikram Patel,58,542003,202815,593,4.0,0.1729006300886303,RENT,home_improvement,self_employed,1
Rajesh Mishra,38,393382,118170,670,1.0,0.11207890007551852,MORTGAGE,other,employed,1
Divya Kumar,43,283011,161591,701,7.0,0.18753509239988617,RENT,home_improvement,unemployed,1
Ramesh Gupta,47,659294,160465,490,7.0,0.17865922602322756,RENT,education,employed,0
Sneha Chatterjee,42,200000,131817,648,1.0,0.3349163469682292,OWN,home_improvement,employed,1
Manish Chakraborty,34,611056,108070,591,5.0,0.1770452635757021,MORTGAGE,debt_consolidation,employed,1
Ramesh Chakraborty,42,255372,145179,585,6.0,0.03854539897740466,RENT,debt_consolidation,employed,0
Manish Chakraborty,52,827481,311804,663,4.0,0.24760400145961642,OWN,debt_consolidation,employed,0
Suresh Ghosh,27,479572,94403,594,4.0,0.0749086048439024,RENT,debt_consolidation,retired,0
Arun Reddy,41,610517,320271,788,4.0,0.2522688255260406,OWN,home_improvement,unemployed,1
Vikram Pillai,31,460926,146695,768,0.0,0.21191896704979996,OWN,debt_consolidation,self_employed,0
Amit Chatterjee,54,200000,165073,768,5.0,0.26287184845564,OWN,home_improvement,self_employed,1
Manish Shah,21,287689,105378,600,,0.23239520666892519,OWN,debt_consolidation,unemployed,1
Geeta Patel,33,619206,119550,553,2.0,0.3341714726164139,RENT,home_improvement,unemployed,1
Ajay Verma,44,480858,133097,658,9.0,0.040401196303534614,RENT,other,unemployed,0
Pooja Mukherjee,58,798503,107121,634,0.0,0.09053017016306332,RENT,home_improvement,unemployed,1
Amit Shah,39,541250,149706,589,1.0,0.2792867401941991,RENT,debt_consolidation,employed,1
Manish Pillai,33,272842,138301,532,0.0,0.07747735391427674,RENT,debt_consolidation,employed,0
Priya Verma,62,297142,341230,645,0.0,0.06743898601324673,RENT,education,employed,0
Pooja Shah,22,465775,102090,609,1.0,0.209505029503008,OWN,debt_consolidation,employed,0
Amit Gupta,18,200000,169579,718,22.0,0.18939110195944894,RENT,home_improvement,employed,0
Divya Ghosh,45,1021436,179716,716,,,MORTGAGE,education,self_employed,1
Vijay Menon,33,551762,106071,760,5.0,0.0734778488629841,MORTGAGE,debt_consolidation,employed,0
Manish Chakraborty,27,817100,214214,524,0.0,,RENT,home_improvement,employed,0
Swati Verma,48,200726,138783,690,4.0,0.2558701072335301,OWN,debt_consolidation,retired,1
Manish Chakraborty,42,824294,60056,577,20.0,0.1254328755608218,MORTGAGE,debt_consolidation,employed,0
Suresh Agarwal,33,1350181,211914,527,1.0,0.07446374917394624,OWN,debt_consolidation,employed,0
Arun Ghosh,24,228561,104112,607,9.0,0.3397796925450239,MORTGAGE,home_improvement,employed,1
Rashmi Mukherjee,50,650632,107032,756,,0.0986933957864655,MORTGAGE,education,employed,1
Vikram Verma,47,442658,214306,612,4.0,0.16983363538036858,MORTGAGE,home_improvement,employed,0
Manish Singh,38,204389,141652,806,1.0,0.06292630954370539,RENT,home_improvement,employed,0
Geeta Reddy,62,566052,234945,704,5.0,0.1560205334951916,RENT,debt_consolidation,employed,0
Mukesh Gupta,27,671186,264095,610,9.0,0.1673058100788167,RENT,debt_consolidation,self_employed,1
Vijay Mishra,21,327563,125747,766,0.0,0.10636460497228951,OWN,home_improvement,self_employed,1
Priya Jain,31,792508,223530,694,,0.19453152470548335,OWN,other,employed,0
Mukesh Pillai,39,200000,120308,556,1.0,0.13180376908366373,RENT,debt_consolidation,unemployed,1
Manish Mukherjee,42,209529,397617,835,1.0,0.18752721199003997,RENT,business,employed,0
Vijay Ghosh,37,473685,123354,675,9.0,0.34774167904762493,MORTGAGE,other,employed,0
Sneha Nair,44,448064,245348,651,2.0,0.05721087334341002,RENT,home_improvement,employed,0
Pooja Shah,24,309190,228094,564,2.0,0.1595186315800396,MORTGAGE,business,unemployed,0
Deepak Iyer,57,663177,184690,767,4.0,0.10276806678684146,MORTGAGE,business,employed,0
Ramesh Reddy,39,576913,124465,701,1.0,0.22286694469304588,OWN,debt_consolidation,employed,0
Anita Ghosh,53,679470,153191,712,1.0,0.11873694871457595,RENT,debt_consolidation,employed,0
Priya Reddy,44,415996,68772,599,3.0,0.06706957437778742,MORTGAGE,debt_consolidation,self_employed,0
Amit Reddy,45,597966,178040,733,2.0,0.06516222798386402,RENT,debt_consolidation,employed,0
Anjali Banerjee,46,354043,187183,741,1.0,0.10050146345807533,MORTGAGE,education,unemployed,0
Anita Menon,45,1235404,171682,583,,0.11698639956890755,MORTGAGE,home_improvement,employed,0
Meena Patel,47,294704,50000,508,3.0,0.13452398382876918,OWN,education,employed,0
Shweta Ghosh,55,1267616,98100,708,8.0,,MORTGAGE,debt_consolidation,employed,0
Rekha Kumar,42,450198,120663,492,9.0,0.17726320473188853,OWN,education,employed,1
Arun Gupta,48,222402,182894,665,1.0,0.32126400066199706,MORTGAGE,debt_consolidation,employed,0
Ajay Kumar,38,876804,182724,605,4.0,0.24919345144803334,RENT,debt_consolidation,employed,0
Sunita Nair,57,471158,152041,771,9.0,0.272448615916969,OWN,home_improvement,employed,0
Meena Menon,31,677091,209839,610,2.0,0.4709516466031898,RENT,other,employed,1
Vikram Ghosh,61,815802,107958,760,13.0,,MORTGAGE,home_improvement,employed,1
Mukesh Gupta,39,523858,207750,598,11.0,0.2729101640344146,MORTGAGE,home_improvement,employed,0
Meena Banerjee,22,329021,196790,749,,0.3404822366239159,MORTGAGE,home_improvement,employed,1
Deepak Reddy,41,720612,189287,850,1.0,0.0271032541947384,OWN,home_improvement,employed,0
Dinesh Kumar,31,442580,151324,543,0.0,0.057851322356827994,RENT,debt_consolidation,employed,0
Anita Mukherjee,50,623390,338506,679,1.0,0.10016567996689783,OWN,home_improvement,self_employed,1
Amit Iyer,32,200000,198248,850,11.0,0.026198362130615806,MORTGAGE,home_improvement,employed,0
Vijay Nair,34,553208,110488,656,13.0,0.14178627066154803,MORTGAGE,education,employed,0
Rahul Nair,18,321485,179749,656,0.0,0.09396046809072388,OWN,debt_consolidation,employed,0
Meena Mishra,34,1011206,219914,728,4.0,,MORTGAGE,business,unemployed,1
Rajesh Reddy,18,604129,128637,654,4.0,0.2119361392423816,RENT,business,employed,0
Ramesh Chatterjee,20,498784,251628,479,2.0,0.06720391113314222,MORTGAGE,home_improvement,self_employed,0
Rajesh Jain,49,564194,189626,763,4.0,0.23723848394582903,OWN,home_improvement,employed,0
Vikram Kumar,49,268546,63768,449,14.0,0.28005782577725236,RENT,education,employed,1
Amit Shah,45,996125,183481,608,0.0,0.17938476335181514,MORTGAGE,home_improvement,employed,0
Rekha Singh,28,1197426,138356,770,0.0,,MORTGAGE,debt_consolidation,employed,0
Vijay Banerjee,39,538453,201767,614,0.0,0.08956329973757038,OWN,education,employed,0
Dinesh Mukherjee,39,979896,237443,580,2.0,0.14980635607088666,OWN,other,unemployed,1
Priya Reddy,26,332842,175969,737,2.0,0.13770989249975585,MORTGAGE,debt_consolidation,self_employed,0
Naresh Ghosh,58,296986,316823,564,2.0,0.3171514590683453,MORTGAGE,other,employed,1
Vikram Ghosh,50,451559,151526,527,3.0,0.07774181425790187,MORTGAGE,home_improvement,employed,1
Deepak Kumar,37,549888,208966,677,7.0,0.2229886375265516,RENT,home_improvement,employed,0
Sneha Mishra,40,363308,224577,631,2.0,0.35128225492262205,OWN,other,self_employed,1
Dinesh Ghosh,42,578899,156539,525,2.0,0.47181932207079613,MORTGAGE,other,employed,0
Geeta Mishra,18,515655,222239,713,8.0,0.1247058118280942,OWN,debt_consolidation,unemployed,1
Shweta Pillai,37,268564,128300,696,9.0,0.20626240086265052,OWN,home_improvement,employed,1
Priya Iyer,31,573433,137444,614,1.0,0.23272124143488765,OWN,other,employed,1
Pooja Jain,27,681304,96278,620,1.0,0.45421750208575734,OWN,home_improvement,employed,0
Manish Ghosh,36,482016,179254,697,8.0,0.21659810011790512,RENT,debt_consolidation,employed,0
Meena Pillai,61,787268,185368,769,0.0,0.20488432587471705,RENT,other,employed,0
Kavita Banerjee,47,240697,260851,621,1.0,0.19451327893573161,MORTGAGE,debt_consolidation,employed,1
Kavita Shah,33,559039,223341,715,2.0,0.030781496882481548,OWN,business,unemployed,1
Geeta Chatterjee,46,246436,145231,706,1.0,0.25910225192283926,MORTGAGE,home_improvement,employed,0
Naresh Agarwal,56,253459,101592,737,0.0,0.19496566209313046,RENT,home_improvement,employed,1
Pooja Chakraborty,51,322718,193520,653,2.0,0.05370881860220394,RENT,debt_consolidation,employed,1
Manish Pillai,40,276224,253799,558,7.0,0.33983423750591163,MORTGAGE,debt_consolidation,employed,1
Ramesh Shah,32,336381,220152,603,9.0,0.026946976503610328,OWN,debt_consolidation,employed,0
Ramesh Menon,48,397489,251146,684,19.0,0.11350379706096031,RENT,education,employed,1
Vijay Mukherjee,44,672378,149528,831,0.0,0.25581357335852983,MORTGAGE,business,employed,0
Neha Mishra,50,376781,135043,601,1.0,0.0908505122049208,MORTGAGE,education,employed,0
Dinesh Agarwal,47,200223,121205,730,7.0,0.11916946030223913,OWN,business,employed,1
Geeta Ghosh,52,782331,159156,617,3.0,0.24141276191465771,MORTGAGE,debt_consolidation,employed,0
Vikram Patel,33,291109,157717,661,1.0,0.1514394627832508,RENT,other,employed,0
Priya Chatterjee,55,429612,176781,801,1.0,0.27174938619374345,OWN,debt_consolidation,employed,0
Rekha Nair,42,553085,154551,726,1.0,0.18695111048001553,MORTGAGE,home_improvement,employed,0
Swati Singh,64,488847,154283,525,2.0,0.12164126336532491,OWN,education,employed,1
Mukesh Mukherjee,31,764585,119291,592,0.0,0.02815726030235021,MORTGAGE,debt_consolidation,employed,0
Rekha Singh,60,562137,237197,775,16.0,0.02746568000645705,RENT,debt_consolidation,employed,0
Meena Gupta,42,287605,167813,664,0.0,0.11402084311952988,RENT,other,employed,0
Ramesh Mishra,32,1314913,151785,535,21.0,0.05180048321752189,OWN,debt_consolidation,employed,0
Sanjay Pillai,34,487559,120695,568,9.0,0.19903513487729185,MORTGAGE,business,employed,0
Naresh Mukherjee,36,410992,95533,720,2.0,0.11383596627534129,RENT,other,retired,0
Vikram Iyer,45,716377,274631,749,6.0,0.13354606614365827,RENT,other,retired,0
Amit Jain,46,501182,203181,651,5.0,0.26974317118202124,MORTGAGE,debt_consolidation,employed,0
Dinesh Pillai,33,540156,85002,850,1.0,0.17976819397283175,MORTGAGE,debt_consolidation,employed,0
Naresh Nair,39,1538151,220853,732,2.0,0.012778471255703939,RENT,education,employed,0
Sunita Sharma,65,385555,235388,625,3.0,0.25088652586753424,OWN,debt_consolidation,employed,0
Neha Verma,60,377422,171056,568,5.0,0.16069564057388036,OWN,business,employed,0
Deepak Mukherjee,45,468967,308428,552,3.0,0.15392003246285105,MORTGAGE,home_improvement,unemployed,1
Pooja Jain,40,755970,177493,683,3.0,0.18760143579053476,OWN,business,employed,0
Deepak Gupta,41,208299,92343,601,2.0,0.06972115590586579,MORTGAGE,business,employed,0
Pooja Jain,47,200000,188351,817,3.0,0.14190652924231037,MORTGAGE,other,employed,1
Rahul Reddy,27,329866,179505,796,2.0,0.09201268725626595,OWN,debt_consolidation,employed,0
Sunita Singh,36,200000,127858,713,3.0,0.04745519278448278,RENT,business,retired,0
Dinesh Reddy,19,357748,204725,532,10.0,0.05619359952073231,OWN,debt_consolidation,employed,0
Geeta Kumar,44,568780,83527,582,5.0,0.08997584332451185,MORTGAGE,debt_consolidation,employed,1
Vikram Verma,47,283403,241887,775,6.0,0.047316205866937,OWN,debt_consolidation,employed,0
Meena Chatterjee,34,216768,114548,593,4.0,0.20300005062035076,MORTGAGE,business,self_employed,0
Mukesh Kumar,58,458020,109756,762,5.0,0.1366771075899707,MORTGAGE,other,employed,0
Ramesh Chatterjee,25,680968,155510,697,4.0,0.08298049499103131,OWN,education,employed,1
Manish Ghosh,22,200000,193530,655,0.0,0.03233174422390005,OWN,debt_consolidation,employed,1
Rahul Gupta,42,666713,173784,579,39.0,0.0696966904402661,MORTGAGE,education,employed,0
Rahul Patel,52,665739,120926,640,0.0,0.125017745095485,RENT,debt_consolidation,employed,0
Rajesh Kumar,60,712861,132928,668,2.0,,OWN,education,employed,0
Swati Ghosh,34,813613,103443,753,0.0,0.10337275018284388,RENT,other,employed,0
Vijay Iyer,52,1330422,148765,561,0.0,0.039477523844701067,MORTGAGE,debt_consolidation,self_employed,0
Anjali Shah,39,370257,250198,623,7.0,0.1309504394668372,MORTGAGE,debt_consolidation,employed,0
Kavita Shah,37,467327,162477,654,2.0,0.16504766074840854,RENT,debt_consolidation,unemployed,1
Anjali Verma,50,359252,229524,716,8.0,0.26988564901030415,MORTGAGE,debt_consolidation,employed,1
Kavita Iyer,47,442850,291315,559,1.0,0.2022697427110714,MORTGAGE,business,employed,0
Suresh Ghosh,21,952110,128642,518,1.0,0.1586565488239661,MORTGAGE,debt_consolidation,employed,1
Manish Gupta,57,225819,151050,717,1.0,0.19360234122059536,MORTGAGE,debt_consolidation,employed,0
Anjali Chatterjee,56,287642,387890,498,4.0,0.23489601708155633,RENT,home_improvement,employed,1
Divya Banerjee,32,880804,290029,778,8.0,0.19885107633614868,RENT,other,employed,0
Rahul Mukherjee,44,736760,83369,634,3.0,0.2864476810255288,RENT,home_improvement,employed,1
Ajay Jain,45,368956,190015,495,2.0,0.06187596587889828,MORTGAGE,home_improvement,self_employed,1
Mukesh Kumar,43,678202,162791,601,18.0,0.05984679447541347,OWN,debt_consolidation,unemployed,1
Meena Iyer,33,524713,226518,687,0.0,0.330496510910156,MORTGAGE,home_improvement,employed,0
Rahul Ghosh,31,936717,120814,596,3.0,0.18191126309198682,OWN,debt_consolidation,self_employed,1
Pooja Jain,39,459206,116326,652,2.0,0.23373022114565992,OWN,other,employed,0
Ajay Iyer,54,738824,124190,724,0.0,0.11223522375057837,MORTGAGE,debt_consolidation,employed,0
Sneha Gupta,46,1657806,129473,629,1.0,0.07989540891136468,MORTGAGE,debt_consolidation,employed,0
Vijay Nair,35,596628,225512,556,0.0,0.27506925035727653,RENT,debt_consolidation,employed,1
Amit Mukherjee,49,453460,101470,620,10.0,0.05335873438557203,RENT,other,employed,0
Swati Mukherjee,18,634900,126874,791,4.0,0.34070444398949656,RENT,home_improvement,employed,0
Geeta Mukherjee,53,368560,79570,818,8.0,0.10160174304545706,MORTGAGE,education,employed,0
Swati Sharma,19,1460053,243493,448,3.0,0.07166811919750844,MORTGAGE,business,employed,1
Deepak Chatterjee,35,484094,270604,759,4.0,0.23923367175922566,RENT,other,employed,0
Priya Menon,26,385977,142795,675,6.0,0.36310211980959667,RENT,debt_consolidation,retired,0
Pooja Patel,24,291313,144469,742,11.0,0.08455858646830597,OWN,debt_consolidation,employed,0
Shweta Sharma,53,765749,195104,594,0.0,0.05602097517984468,OWN,education,unemployed,1
Pooja Gupta,34,682551,293546,473,2.0,0.13212583157803745,OWN,business,employed,0
Pooja Jain,44,345007,191653,708,6.0,0.19633418044188553,MORTGAGE,business,employed,0
Shweta Singh,39,590205,123128,555,15.0,0.14652902961100575,MORTGAGE,business,employed,0
Ramesh Chakraborty,45,208089,85175,511,19.0,0.2770276533123697,RENT,business,employed,1
Shweta Reddy,40,485281,104187,518,5.0,0.16306475555292596,RENT,other,employed,0
Vikram Verma,24,554808,167592,710,1.0,0.29712253886562606,RENT,other,employed,1
Pooja Banerjee,51,1038891,125225,663,0.0,0.03252933926910099,RENT,debt_consolidation,employed,0
Arun Mishra,34,300917,175955,728,14.0,0.15791487259422013,MORTGAGE,home_improvement,employed,0
Dinesh Pillai,21,233473,130461,716,2.0,0.06989693675076569,OWN,home_improvement,employed,0
Mukesh Chatterjee,34,282740,106589,607,,,OWN,home_improvement,self_employed,1
Suresh Mishra,58,226775,101639,642,13.0,0.13385398851704153,OWN,debt_consolidation,employed,0
Geeta Kumar,50,863136,304048,598,0.0,0.20815307973276026,RENT,home_improvement,employed,0
Amit Pillai,35,959645,232255,628,6.0,0.045293663393909216,RENT,other,self_employed,0
Priya Shah,35,519233,325203,553,4.0,0.15103458373891518,MORTGAGE,debt_consolidation,employed,1
Rajesh Verma,36,814758,201991,689,0.0,0.16123755434307907,MORTGAGE,education,unemployed,0
Geeta Agarwal,64,473060,137036,757,2.0,0.10880022455668045,RENT,debt_consolidation,employed,0
Naresh Verma,44,421866,276325,568,,0.12238180119292186,MORTGAGE,business,employed,1
Arun Shah,45,374550,160616,778,4.0,0.2057009082463541,MORTGAGE,home_improvement,self_employed,0
Vijay Menon,52,378815,177786,661,3.0,0.29953862981935914,MORTGAGE,debt_consolidation,employed,0
Dinesh Banerjee,42,204045,159990,674,,0.29106265428473815,MORTGAGE,other,self_employed,1
Rashmi Patel,36,504905,50073,480,18.0,0.2803046264099804,MORTGAGE,other,employed,1
Priya Agarwal,37,433580,309246,469,2.0,0.05057262434330497,RENT,home_improvement,employed,1
Meena Nair,39,642216,198075,664,1.0,,OWN,business,employed,1
Rekha Verma,39,463592,185707,728,1.0,0.23292651265751543,MORTGAGE,business,self_employed,1
Rekha Reddy,48,407847,158782,582,0.0,0.07804345480117393,MORTGAGE,debt_consolidation,employed,0
Sanjay Singh,40,286187,173749,817,35.0,0.17214813458215958,RENT,debt_consolidation,unemployed,1
Geeta Nair,48,458665,128166,723,1.0,0.027113113102258373,OWN,education,employed,0
Neha Menon,39,639932,208278,559,2.0,0.3637531656338004,RENT,home_improvement,employed,0
Shweta Pillai,40,249778,96486,653,10.0,0.14102576748161552,MORTGAGE,debt_consolidation,employed,1
Naresh Menon,18,462192,175330,850,5.0,0.20519248409212137,MORTGAGE,other,retired,0
Arun Mishra,50,497087,203745,525,2.0,0.17958616941867517,RENT,debt_consolidation,self_employed,1
Rashmi Chatterjee,44,308960,150321,702,11.0,0.15555625096712908,MORTGAGE,debt_consolidation,employed,0
Pooja Mukherjee,51,329743,188781,617,6.0,0.10573784896567394,OWN,other,unemployed,1
Sanjay Gupta,18,496483,109476,720,1.0,0.1727506204097304,RENT,home_improvement,unemployed,0
Shweta Iyer,65,251020,110599,776,5.0,,MORTGAGE,business,employed,0
Amit Iyer,38,527003,178918,611,12.0,0.15470441631268358,RENT,debt_consolidation,employed,0
Divya Mishra,53,282751,213505,761,3.0,0.20793431802847806,OWN,other,employed,0
Swati Shah,27,752703,76884,850,6.0,0.44279764848460057,OWN,debt_consolidation,employed,0
Arun Singh,47,1423905,200547,656,17.0,0.08666098808866647,MORTGAGE,debt_consolidation,employed,0
Amit Reddy,27,287685,130969,728,5.0,0.1441282721642761,RENT,debt_consolidation,unemployed,0
Anita Shah,32,577869,150674,590,0.0,0.2960383196917095,MORTGAGE,home_improvement,employed,0
Meena Pillai,62,307622,95243,651,1.0,0.14026183516208365,RENT,education,self_employed,0
Divya Iyer,37,744506,115769,632,4.0,0.11849621307263766,MORTGAGE,debt_consolidation,unemployed,0
Sneha Pillai,42,235007,239533,729,1.0,0.18980196484016146,RENT,debt_consolidation,self_employed,0
Pooja Pillai,50,562582,164908,770,15.0,0.07549936676941954,MORTGAGE,home_improvement,employed,0
Priya Nair,45,285930,139649,639,2.0,0.3080711961845534,MORTGAGE,other,employed,1
Divya Iyer,41,398916,155345,803,3.0,0.3475582713110345,RENT,debt_consolidation,self_employed,1
Sanjay Verma,44,264206,197933,803,6.0,0.28582029212383214,RENT,home_improvement,employed,0
Amit Menon,68,667420,194113,734,3.0,0.11835095093726411,RENT,business,self_employed,1
Pooja Mukherjee,39,291125,157942,598,2.0,0.22013479701401276,MORTGAGE,education,employed,1
Geeta Mishra,42,583023,251999,588,0.0,0.12052755372921932,OWN,education,employed,0
Rahul Kumar,52,372484,239949,568,4.0,0.17311934530790302,MORTGAGE,debt_consolidation,self_employed,1
Rekha Ghosh,53,417802,192018,744,10.0,0.14553768441211884,RENT,home_improvement,employed,0
Anita Pillai,54,476335,166349,528,5.0,0.07500408592653438,RENT,debt_consolidation,unemployed,1
Priya Kumar,47,302273,211700,717,2.0,0.08799401624417305,MORTGAGE,business,employed,0
Amit Jain,26,491483,184555,541,0.0,0.07774750630977295,MORTGAGE,debt_consolidation,employed,0
Ramesh Nair,59,950902,248778,732,8.0,0.098776998127943,MORTGAGE,debt_consolidation,employed,0
Pooja Menon,26,299824,233240,651,14.0,0.08706015528026703,MORTGAGE,debt_consolidation,employed,0
Ajay Verma,43,794847,108304,783,2.0,0.3302629197017557,MORTGAGE,other,employed,0
Divya Kumar,30,935698,105410,764,6.0,0.1634956916156768,RENT,education,self_employed,0
Anita Pillai,39,294172,122945,793,2.0,0.0866865381991778,RENT,debt_consolidation,employed,0
Pooja Nair,43,213730,240495,796,3.0,0.21603610916572005,RENT,debt_consolidation,employed,1
Manish Gupta,43,514515,86636,664,9.0,0.04512749209514157,MORTGAGE,debt_consolidation,self_employed,0
Ajay Kumar,45,336480,190594,534,0.0,0.10004827944607662,OWN,debt_consolidation,employed,0
Vijay Nair,59,1126134,188154,544,3.0,0.286758688867114,OWN,business,employed,1
Deepak Reddy,45,450180,259123,441,1.0,0.13206908235167777,MORTGAGE,education,employed,0
Suresh Patel,37,296232,174929,541,2.0,0.1407414634286638,MORTGAGE,education,employed,1
Kavita Singh,51,249301,95103,656,5.0,0.09666100576272205,RENT,other,self_employed,1
Rahul Mishra,54,762953,110886,594,0.0,0.24644596057318957,OWN,home_improvement,employed,1
Rashmi Mukherjee,25,332504,101437,631,4.0,0.17216965193454595,RENT,other,employed,1
Deepak Banerjee,47,452215,131245,699,1.0,0.263052280934085,OWN,education,employed,1
Anjali Patel,48,713474,151272,619,5.0,0.31554706820395256,RENT,home_improvement,employed,0
Ramesh Patel,36,347274,102111,537,0.0,0.04094318907000515,RENT,other,employed,0
Mukesh Pillai,56,432369,293098,644,6.0,0.07264913103391757,MORTGAGE,other,employed,0
Rajesh Ghosh,38,438763,95787,560,5.0,0.19106369374181367,MORTGAGE,other,employed,0
Meena Chatterjee,41,622601,278853,622,17.0,0.04913412948721725,MORTGAGE,debt_consolidation,employed,0
Rajesh Singh,37,594438,261467,784,12.0,0.18845224324200494,RENT,debt_consolidation,employed,0
Vikram Gupta,40,396306,233122,622,1.0,0.1968096407559156,MORTGAGE,other,employed,0
Manish Mishra,26,456719,123314,827,0.0,0.06706235721694719,MORTGAGE,home_improvement,employed,0
Naresh Pillai,22,367364,186648,793,5.0,0.17737518434531255,MORTGAGE,education,self_employed,0
Amit Reddy,59,211333,97640,592,4.0,0.24616305076398046,MORTGAGE,business,employed,1
Anita Nair,29,503228,234301,538,0.0,0.11224411267255069,MORTGAGE,education,self_employed,1
Mukesh Gupta,28,1139495,158008,644,0.0,0.11035812634315424,RENT,debt_consolidation,employed,0
Swati Banerjee,18,284400,138174,765,4.0,0.012101699319350285,MORTGAGE,home_improvement,self_employed,0
Meena Shah,32,300584,99757,600,12.0,0.20284736777961282,MORTGAGE,other,self_employed,1
Rekha Mishra,24,286254,60415,740,11.0,0.03236615029702774,RENT,home_improvement,self_employed,0
Mukesh Mishra,59,635581,107428,770,0.0,0.2458982702244844,OWN,business,employed,0
Geeta Nair,52,553624,254007,572,2.0,0.0917091801103478,RENT,education,retired,1
Vijay Jain,31,408697,138533,582,0.0,0.21574081507869858,MORTGAGE,debt_consolidation,employed,0
Anjali Agarwal,67,279565,152096,721,3.0,0.15433011832597537,MORTGAGE,debt_consolidation,employed,0
Geeta Kumar,51,463327,211551,665,6.0,0.1796405536634646,MORTGAGE,education,self_employed,0
Kavita Chatterjee,36,202336,335127,581,7.0,0.08793041624493785,OWN,debt_consolidation,self_employed,1
Rahul Nair,18,475305,276509,614,3.0,0.11416950980900277,RENT,debt_consolidation,self_employed,0
Swati Chakraborty,67,684033,110311,642,0.0,0.056633282716017155,MORTGAGE,other,unemployed,0
Pooja Pillai,23,236664,74829,493,2.0,0.02214001432123085,RENT,business,employed,0
Geeta Banerjee,20,205610,418254,726,13.0,0.15120497069079802,OWN,other,unemployed,1
Vikram Ghosh,52,974538,403364,602,1.0,0.22249727491633892,MORTGAGE,debt_consolidation,employed,0
Naresh Gupta,69,325826,175497,371,1.0,0.14984127243047465,MORTGAGE,business,unemployed,1
Amit Shah,56,780721,97910,647,6.0,0.1744404707578479,MORTGAGE,debt_consolidation,employed,0
Deepak Chatterjee,46,409626,239256,575,6.0,0.16518158413330278,RENT,debt_consolidation,employed,0
Vijay Iyer,47,408000,155874,818,12.0,0.06084732358386956,RENT,other,self_employed,0
Ramesh Iyer,50,550843,155563,591,2.0,0.21012446840933707,MORTGAGE,debt_consolidation,employed,1
Dinesh Chakraborty,49,284361,232764,540,3.0,0.31400105287661034,RENT,debt_consolidation,employed,0
Amit Kumar,43,472715,186046,700,3.0,0.08649478787289032,RENT,education,employed,0
Arun Gupta,41,365585,101283,583,13.0,0.07593302001945686,OWN,education,employed,0
Manish Pillai,39,228605,142928,572,7.0,0.25090690918841607,OWN,other,self_employed,1
Anita Mukherjee,30,523734,212025,700,8.0,0.040475367238242,OWN,debt_consolidation,employed,0
Pooja Kumar,36,387839,199606,545,0.0,0.26385058378046206,OWN,debt_consolidation,retired,0
Naresh Banerjee,19,409007,180738,504,7.0,0.08740192450145398,OWN,home_improvement,employed,1
Suresh Chakraborty,38,241571,236420,822,2.0,0.1558482908731353,RENT,business,self_employed,0
Sneha Kumar,28,980384,140830,707,0.0,0.10232312552960601,RENT,debt_consolidation,retired,0
Neha Mukherjee,26,685810,174812,623,0.0,0.2697656890488878,MORTGAGE,debt_consolidation,employed,0
Sunita Verma,42,716460,50000,649,5.0,0.15371249659112313,OWN,education,employed,0
Dinesh Singh,56,379753,135963,700,2.0,0.1516081699012871,OWN,business,employed,0
Vijay Kumar,51,200000,220921,747,10.0,0.35177591655191276,OWN,debt_consolidation,unemployed,1
Meena Mishra,21,1174624,139224,574,6.0,0.20953626192794816,RENT,other,self_employed,0
Sneha Reddy,28,429102,135064,686,0.0,0.1177442857338168,RENT,debt_consolidation,employed,0
Sunita Jain,51,304248,107303,599,5.0,0.13616068332375222,OWN,other,employed,0
Pooja Mukherjee,28,544923,243128,631,1.0,0.22685882672265253,OWN,other,self_employed,1
Naresh Shah,37,792985,202680,666,2.0,0.08180842933941627,OWN,home_improvement,employed,0
Rekha Gupta,46,437343,226424,649,4.0,0.09291483623502406,RENT,home_improvement,employed,0
Sanjay Agarwal,28,838431,81594,723,10.0,0.09711278988537454,RENT,debt_consolidation,self_employed,0
Suresh Banerjee,41,760324,152637,698,3.0,0.15359189934004366,OWN,education,retired,0
Sanjay Kumar,23,258282,145503,499,8.0,0.10750656015123959,OWN,debt_consolidation,employed,0
Suresh Shah,32,315875,145476,514,7.0,0.06003207968313717,MORTGAGE,business,employed,1
Divya Banerjee,43,714093,127209,613,2.0,0.044666174363700024,RENT,business,self_employed,0
Amit Mukherjee,20,200000,141712,832,3.0,0.3218805576512713,MORTGAGE,debt_consolidation,employed,0
Suresh Mishra,45,410557,228629,564,6.0,0.17726036442646875,MORTGAGE,other,retired,0
Ajay Chakraborty,39,216335,75724,629,0.0,0.32162052701449245,OWN,education,unemployed,1
Vikram Mishra,46,348614,331345,596,11.0,0.21986556329237397,MORTGAGE,debt_consolidation,employed,1
Anita Ghosh,42,381013,197508,594,7.0,0.05064423003938058,MORTGAGE,home_improvement,employed,0
Shweta Ghosh,56,369859,160022,667,1.0,0.12836213138027927,RENT,home_improvement,employed,0
Arun Chakraborty,41,335665,233919,790,19.0,0.21395475002141975,RENT,other,employed,0
Priya Sharma,34,255615,91059,695,0.0,0.17955196368669568,RENT,debt_consolidation,employed,0
Amit Verma,41,1391587,124756,569,12.0,0.1700133433716177,OWN,other,employed,0
Suresh Chakraborty,46,1125492,155060,850,1.0,0.31487312028062714,RENT,debt_consolidation,employed,0
Sanjay Agarwal,40,247450,281032,657,7.0,0.2953960655777031,MORTGAGE,debt_consolidation,employed,0
Ramesh Chakraborty,40,975844,159755,592,3.0,0.12448263355623104,OWN,business,employed,0
Neha Ghosh,31,362314,194857,791,6.0,0.09245129958542765,MORTGAGE,debt_consolidation,employed,0
Suresh Sharma,32,471933,128562,603,0.0,0.20528498172250612,RENT,other,employed,1
Rashmi Banerjee,23,428635,197745,816,1.0,0.15227453344460415,MORTGAGE,debt_consolidation,unemployed,0
Meena Shah,60,318101,318346,562,0.0,0.03868432192587043,MORTGAGE,other,employed,0
Rashmi Jain,25,723550,242367,793,10.0,0.20928877913631005,OWN,other,unemployed,0
Geeta Menon,31,471155,157537,670,1.0,0.14816294912382885,MORTGAGE,education,employed,0
Meena Pillai,31,348615,213244,779,5.0,0.10640853661243638,OWN,home_improvement,employed,0
Amit Verma,50,230430,205049,840,8.0,0.40004380154827884,RENT,home_improvement,employed,0
Sneha Pillai,36,283000,199313,536,11.0,0.3006718876454538,MORTGAGE,home_improvement,self_employed,1
Neha Chatterjee,54,200000,253921,777,0.0,0.27945645237936045,OWN,other,self_employed,1
Manish Agarwal,31,445125,253163,509,11.0,0.20765680294465544,RENT,debt_consolidation,self_employed,1
Arun Ghosh,43,243206,154683,545,1.0,0.11454270713090234,OWN,home_improvement,employed,0
Vikram Reddy,29,387402,210397,569,6.0,0.1167313476277949,MORTGAGE,other,employed,0
Rekha Reddy,65,877691,139631,700,6.0,0.09104519195143222,OWN,home_improvement,employed,0
Shweta Nair,25,805847,112507,653,0.0,0.06357532318049208,MORTGAGE,home_improvement,retired,0
Deepak Kumar,43,435330,146122,633,1.0,,MORTGAGE,business,employed,0
Ramesh Nair,47,423563,157863,664,3.0,0.3659416881588754,RENT,other,retired,1
Vijay Banerjee,44,1132499,83731,709,2.0,0.14935551004168418,RENT,debt_consolidation,employed,0
Anjali Reddy,37,573996,229608,716,12.0,0.3136887606425261,MORTGAGE,other,self_employed,1
Kavita Pillai,38,375531,53802,759,2.0,0.11379679911428749,MORTGAGE,debt_consolidation,self_employed,1
Anjali Patel,40,216856,482109,832,13.0,0.03328671964472307,RENT,education,self_employed,0
Manish Jain,38,538712,296781,647,3.0,0.3172269976696534,RENT,debt_consolidation,self_employed,1
Vikram Singh,51,669751,146619,597,16.0,0.14713731482082176,MORTGAGE,debt_consolidation,employed,0
Priya Shah,66,322601,163369,711,6.0,0.1428258262221564,MORTGAGE,education,employed,0
Deepak Ghosh,33,511755,183723,535,8.0,0.09601060442462271,MORTGAGE,home_improvement,unemployed,1
Neha Jain,23,368875,128583,582,0.0,0.24726603471694503,RENT,home_improvement,employed,1
Rekha Mishra,38,403520,175790,749,4.0,0.3072619248680402,MORTGAGE,home_improvement,retired,0
Dinesh Reddy,70,200000,153644,637,0.0,0.20133844851696575,RENT,business,employed,1
Sunita Chakraborty,30,395976,156731,529,,0.13093462752112614,MORTGAGE,debt_consolidation,employed,0
Shweta Reddy,59,718330,175007,501,4.0,0.14760738868354625,MORTGAGE,debt_consolidation,employed,0
Rajesh Mishra,60,322642,96238,654,6.0,0.13091511215464216,OWN,home_improvement,self_employed,0
Rashmi Mukherjee,33,454186,165351,764,0.0,0.3164369738780662,RENT,debt_consolidation,employed,0
Manish Chatterjee,46,303162,173751,762,3.0,0.22556437889344713,MORTGAGE,business,employed,1
Naresh Shah,59,529781,171363,661,4.0,0.11726089301067881,MORTGAGE,education,employed,0
Rashmi Sharma,35,397018,149293,850,0.0,0.07839252552733067,OWN,education,employed,0
Amit Menon,37,276614,256566,639,3.0,0.05918688412254463,MORTGAGE,home_improvement,employed,0
Vijay Pillai,33,861366,141285,636,6.0,0.0546728003854778,RENT,business,employed,0
Kavita Agarwal,27,703952,178247,393,0.0,0.037951680019268415,MORTGAGE,debt_consolidation,employed,0
Ajay Nair,32,326944,273462,605,7.0,0.12919690812873755,MORTGAGE,other,employed,0
Priya Verma,25,567442,157668,735,4.0,,RENT,business,employed,0
Meena Chatterjee,40,578796,177333,806,8.0,0.25187955733344325,MORTGAGE,debt_consolidation,retired,0
Divya Chatterjee,30,609961,156599,566,1.0,0.34277216874304395,MORTGAGE,debt_consolidation,self_employed,1
Meena Banerjee,42,200000,266985,696,8.0,0.06768862548588418,OWN,business,employed,0
Rahul Singh,21,731829,146812,754,0.0,0.2527537392776208,RENT,business,employed,0
Neha Kumar,43,332751,271941,651,2.0,0.13766897975884357,RENT,debt_consolidation,employed,1
Naresh Patel,50,369936,156148,421,1.0,0.17411055363317832,MORTGAGE,home_improvement,employed,1
Shweta Nair,18,1654386,115406,674,10.0,0.10173307978087234,OWN,business,retired,0
Ramesh Menon,44,514492,213576,726,6.0,0.22855645130952967,RENT,debt_consolidation,unemployed,1
Pooja Verma,54,364703,144081,555,0.0,0.064373878632523,MORTGAGE,home_improvement,employed,0
Deepak Verma,25,200000,208605,624,0.0,0.2420812511013004,RENT,debt_consolidation,employed,1
Ajay Banerjee,60,886363,54624,534,1.0,0.0860368199200111,OWN,debt_consolidation,retired,0
Rajesh Nair,45,225797,163094,392,0.0,0.1169991390207046,RENT,home_improvement,employed,0
Swati Shah,31,267876,135422,752,4.0,0.06572587548325527,MORTGAGE,education,employed,0
Amit Menon,39,374865,106371,649,5.0,0.08887349065771388,OWN,debt_consolidation,employed,0
Vijay Pillai,46,898251,130444,809,14.0,0.42823671189140744,MORTGAGE,education,self_employed,1
Ramesh Banerjee,40,651231,129381,735,15.0,0.13326549992699915,OWN,business,employed,0
Sanjay Ghosh,46,408840,159660,614,5.0,0.43093306342335574,RENT,home_improvement,employed,1
Anita Ghosh,28,516146,94190,641,0.0,0.1122562579511703,OWN,other,employed,0
Anjali Kumar,42,327684,184703,706,2.0,0.039306315068455826,OWN,other,employed,0
Anjali Menon,23,474409,281105,746,3.0,0.1432874035963981,MORTGAGE,business,employed,0
Pooja Reddy,38,458937,182110,682,3.0,0.15059813043096706,MORTGAGE,business,employed,1
Swati Nair,29,718114,224941,760,4.0,0.3023350515928569,MORTGAGE,debt_consolidation,employed,1
Ramesh Kumar,31,717543,252161,620,16.0,0.33921565024109895,RENT,other,employed,0
Rajesh Ghosh,54,566361,266891,550,10.0,,RENT,other,employed,0
Vijay Menon,53,369101,343882,643,0.0,0.079396061269426,OWN,education,retired,1
Vijay Verma,47,641081,133294,670,1.0,0.17153044142523347,MORTGAGE,debt_consolidation,employed,0
Priya Verma,26,422530,122101,529,8.0,0.1505183869402584,MORTGAGE,education,unemployed,1
Vikram Reddy,36,257568,222656,516,8.0,0.06457409566382127,MORTGAGE,debt_consolidation,employed,0
Geeta Chatterjee,54,361622,216058,694,1.0,0.19220540425793836,MORTGAGE,debt_consolidation,employed,0
Vijay Pillai,41,461512,221963,609,6.0,0.13324608180878222,RENT,education,employed,0
Vikram Ghosh,67,697395,346525,633,5.0,,MORTGAGE,other,employed,0
Naresh Mukherjee,44,403622,163496,614,3.0,0.3501672600830878,MORTGAGE,debt_consolidation,employed,1
Vikram Reddy,42,241687,193003,802,1.0,0.16212576373868576,OWN,debt_consolidation,employed,0
Sunita Ghosh,36,455144,109957,776,10.0,0.39698855237542413,MORTGAGE,debt_consolidation,employed,0
Arun Mishra,41,468236,382364,526,5.0,0.15903262005910537,MORTGAGE,other,unemployed,1
Deepak Ghosh,38,485492,142255,596,,0.13588594364044948,OWN,business,retired,0
Shweta Shah,48,700770,143876,735,6.0,0.05781874126326467,RENT,business,employed,0
Ajay Reddy,51,736350,141676,710,6.0,0.0916375007068162,OWN,home_improvement,employed,1
Vijay Mukherjee,30,328697,125748,645,,0.11800210155287663,MORTGAGE,home_improvement,employed,0
Swati Chatterjee,24,325113,121567,536,1.0,0.2961191138022897,MORTGAGE,debt_consolidation,self_employed,1
Mukesh Chakraborty,18,262997,131994,581,22.0,0.05547961356896093,RENT,debt_consolidation,retired,0
Meena Chatterjee,46,627442,94247,598,0.0,0.31417868978537944,MORTGAGE,education,employed,0
Dinesh Sharma,26,912925,118880,677,4.0,0.04863960189508888,RENT,home_improvement,self_employed,1
Pooja Reddy,18,377928,354897,820,5.0,0.2421084260131809,RENT,debt_consolidation,self_employed,0
Anita Singh,44,392104,218438,581,2.0,0.08806674832224604,OWN,business,self_employed,0
Neha Chakraborty,69,921162,235710,547,3.0,0.22718345727351705,OWN,debt_consolidation,self_employed,1
Meena Sharma,39,569650,260636,639,11.0,0.15256714397365587,RENT,home_improvement,employed,0
Divya Chatterjee,50,550244,338965,753,5.0,0.1451780181666044,MORTGAGE,debt_consolidation,self_employed,0
Sanjay Chakraborty,40,243906,80132,505,3.0,0.0727344330512534,MORTGAGE,education,employed,0
Ajay Jain,38,621172,99513,795,0.0,0.2586674391624819,OWN,debt_consolidation,self_employed,0
Shweta Verma,51,278015,118008,632,0.0,0.08830404384764629,RENT,home_improvement,employed,0
Ajay Chatterjee,36,250945,134875,576,0.0,0.061515455249646245,RENT,education,unemployed,1
Sneha Mukherjee,43,371987,144317,489,15.0,0.33707327514144786,RENT,business,self_employed,1
Suresh Ghosh,43,330084,136108,720,7.0,0.3015410794158471,RENT,home_improvement,employed,0
Ramesh Menon,31,396012,177677,632,17.0,0.26670803661132203,MORTGAGE,debt_consolidation,employed,0
Vikram Jain,51,215240,165068,667,0.0,0.04036966146274143,OWN,other,self_employed,0
Priya Chakraborty,37,714549,121889,559,5.0,0.11376054848581518,RENT,debt_consolidation,unemployed,0
Mukesh Singh,30,777503,68171,618,0.0,0.03729268049137194,RENT,education,employed,0
Rajesh Sharma,46,200000,109409,601,7.0,0.14645746632645787,MORTGAGE,other,retired,0
Manish Reddy,29,721601,130653,639,2.0,0.1942170595910739,OWN,debt_consolidation,employed,0
Neha Kumar,40,295001,147438,583,0.0,0.26662578531571607,OWN,debt_consolidation,self_employed,1
Neha Agarwal,39,679075,103583,496,4.0,0.13482230702495396,OWN,debt_consolidation,employed,0
Neha Mukherjee,53,427528,133743,850,,0.0815790069932885,RENT,debt_consolidation,employed,0
Ramesh Ghosh,45,448824,103528,513,5.0,0.1632303709869203,MORTGAGE,home_improvement,employed,0
Sunita Chatterjee,39,403306,154766,668,5.0,0.0792412488457526,RENT,home_improvement,self_employed,0
Rekha Verma,49,811033,105954,472,,0.2914402053554988,MORTGAGE,education,employed,0
Mukesh Kumar,56,238042,115894,450,24.0,0.18570291103414657,RENT,other,self_employed,1
Vijay Agarwal,46,599541,96425,659,2.0,0.17639271012012622,OWN,home_improvement,employed,0
Swati Reddy,40,767324,153062,667,3.0,0.3254900954845634,MORTGAGE,education,employed,0
Anita Chatterjee,24,632964,115084,776,8.0,0.1935905929057993,MORTGAGE,debt_consolidation,self_employed,0
Vijay Menon,27,1414588,233915,689,4.0,0.05702809279213375,RENT,debt_consolidation,employed,0
Arun Mishra,36,339600,191441,635,0.0,0.08947826655529365,OWN,debt_consolidation,employed,1
Manish Banerjee,32,714010,158270,555,9.0,0.17898455106531264,RENT,business,employed,0
Arun Banerjee,37,419557,118303,799,0.0,0.09297715076847372,MORTGAGE,other,employed,0
Pooja Patel,40,819707,189512,742,0.0,0.20432134942654642,MORTGAGE,other,employed,0
Divya Chatterjee,46,440715,214546,525,,0.2653803421361723,OWN,debt_consolidation,employed,1
Rajesh Jain,39,364419,172314,653,0.0,0.11151191580894666,RENT,debt_consolidation,employed,0
Sanjay Banerjee,45,850037,309118,664,0.0,0.06834876786119475,RENT,debt_consolidation,unemployed,1
Meena Jain,40,346008,195605,615,0.0,0.04893692097365888,MORTGAGE,debt_consolidation,employed,0
Meena Shah,18,218302,234554,727,2.0,0.22924909136165492,OWN,debt_consolidation,employed,0
Mukesh Agarwal,28,341661,171686,733,1.0,0.11788902287770765,RENT,debt_consolidation,employed,0
Mukesh Chatterjee,38,602905,213259,630,0.0,0.24867559446790857,MORTGAGE,debt_consolidation,employed,0
Arun Chatterjee,25,887371,118336,621,5.0,0.06298217856510006,RENT,debt_consolidation,employed,0
Pooja Banerjee,47,467691,135488,799,1.0,0.1878407928799921,RENT,debt_consolidation,employed,0
Sunita Patel,58,855206,187164,743,0.0,0.1945080395565967,RENT,business,employed,0
Meena Singh,54,224338,186621,657,2.0,0.035208724601084075,RENT,business,employed,0
Ajay Banerjee,37,354466,199395,487,,0.1353943681216797,OWN,other,employed,0
Deepak Menon,57,382970,252750,684,1.0,0.17202676285081336,MORTGAGE,home_improvement,employed,0
Dinesh Nair,41,417784,92043,719,2.0,0.13155166411843727,RENT,home_improvement,employed,0
Ramesh Kumar,35,461412,110218,374,5.0,0.22099560474625024,RENT,debt_consolidation,self_employed,1
Meena Verma,32,624967,178408,675,4.0,0.25243688437343587,RENT,debt_consolidation,employed,0
Meena Gupta,36,354192,121814,608,13.0,0.0848208781413423,RENT,business,employed,0
Pooja Pillai,35,474261,628510,627,3.0,0.23411207262260017,RENT,debt_consolidation,employed,0
Suresh Patel,42,432543,200043,559,3.0,0.10127948556129392,RENT,education,employed,0
Shweta Chatterjee,41,278467,157734,635,1.0,0.2186784091181217,RENT,education,unemployed,1
Rajesh Agarwal,40,417970,132430,789,7.0,0.21982082394758803,MORTGAGE,education,employed,0
Dinesh Banerjee,45,411749,134313,605,0.0,0.2814837560576333,RENT,business,employed,0
Sanjay Banerjee,54,407362,164728,746,3.0,0.06355977825568276,MORTGAGE,education,employed,0
Mukesh Patel,51,449494,170210,569,2.0,0.13559385410358984,RENT,home_improvement,employed,0
Vikram Singh,22,459473,135580,725,5.0,0.09224827656039014,MORTGAGE,business,employed,0
Divya Chakraborty,18,356415,145909,650,12.0,0.27006194690464297,MORTGAGE,home_improvement,employed,0
Kavita Jain,51,835977,278650,685,14.0,0.2433627070910778,MORTGAGE,debt_consolidation,employed,0
Priya Mukherjee,23,246535,283169,650,0.0,0.2869772234858085,RENT,debt_consolidation,employed,1
Kavita Jain,37,308511,180018,714,1.0,0.10621658676767258,RENT,home_improvement,employed,0
Priya Singh,25,1776191,95177,393,8.0,0.07854236442787733,MORTGAGE,debt_consolidation,self_employed,1
Neha Reddy,18,263288,201874,508,3.0,0.18027139717320043,OWN,other,employed,0
Mukesh Chatterjee,46,224835,303068,691,3.0,0.23767036037600708,RENT,debt_consolidation,employed,0
Anjali Kumar,49,638730,281506,445,,0.05345131281834373,MORTGAGE,debt_consolidation,self_employed,1
Rahul Banerjee,33,200000,218331,596,4.0,0.0874811975674386,MORTGAGE,home_improvement,unemployed,0
Sunita Mishra,18,393313,287497,644,17.0,0.15821293444856882,MORTGAGE,education,unemployed,0
Neha Chatterjee,33,1293564,166267,567,4.0,0.19603257510798744,RENT,home_improvement,employed,0
Rashmi Agarwal,44,204338,209240,580,3.0,0.14520044166622173,RENT,debt_consolidation,employed,0
Ramesh Shah,22,200000,123956,677,3.0,0.2258900451802079,OWN,home_improvement,employed,1
Arun Shah,42,209066,182938,750,8.0,0.23489904617637478,OWN,business,self_employed,1
Suresh Verma,39,693273,277011,554,4.0,0.3496244663446304,RENT,education,employed,1
Sunita Gupta,46,776373,128570,592,5.0,0.1614399368569266,OWN,education,employed,0
Suresh Chakraborty,41,342389,115314,576,17.0,0.2614849738916843,MORTGAGE,education,self_employed,1
Kavita Banerjee,28,622566,169226,407,4.0,0.1079314705247722,RENT,debt_consolidation,self_employed,1
Shweta Verma,54,886580,148647,664,2.0,0.2144112757096682,MORTGAGE,debt_consolidation,employed,0
Sunita Mishra,38,1081298,211009,743,5.0,0.14825836536696294,OWN,other,employed,0
Neha Mishra,39,391144,135767,751,5.0,0.2344298806033568,OWN,debt_consolidation,employed,0
Sunita Verma,28,200000,323636,562,0.0,0.14893223988358928,RENT,debt_consolidation,employed,1
Dinesh Menon,34,293478,97161,524,3.0,0.05486905138266052,MORTGAGE,education,self_employed,1
Geeta Chatterjee,29,357395,268738,652,6.0,0.14440325340238366,RENT,business,employed,0
Sneha Shah,37,388687,119857,732,3.0,0.2706277412744145,MORTGAGE,home_improvement,employed,0
Naresh Verma,60,402749,79348,665,7.0,0.09051914337588678,OWN,debt_consolidation,unemployed,1
Rahul Shah,23,774092,179001,678,2.0,,OWN,debt_consolidation,employed,0
Ajay Ghosh,20,836694,146995,764,20.0,0.09574336867227252,MORTGAGE,education,employed,0
Anjali Reddy,57,406022,104417,576,1.0,0.22895148328735526,RENT,debt_consolidation,employed,0
Meena Pillai,37,766233,83070,628,,0.24698775764336522,OWN,home_improvement,self_employed,0
Suresh Banerjee,31,529046,162211,813,2.0,0.09457039416826578,OWN,education,employed,0
Vijay Chatterjee,52,456915,240466,630,3.0,0.14170453375196634,MORTGAGE,other,retired,0
Naresh Kumar,32,696116,205660,523,2.0,0.06406011053549054,MORTGAGE,other,employed,0
Rekha Mukherjee,61,458688,166488,583,1.0,0.2010016831407775,MORTGAGE,other,unemployed,0
Manish Patel,48,1237873,197114,556,5.0,0.09422750347317889,RENT,home_improvement,employed,1
Rajesh Singh,34,215516,160992,685,2.0,0.23027115023272743,RENT,other,employed,0
Arun Mishra,65,341948,91868,560,4.0,0.3775167511762348,RENT,business,employed,1
Shweta Pillai,32,415293,92193,677,7.0,0.12710906924168153,MORTGAGE,other,retired,0
Suresh Patel,48,551130,150051,576,7.0,,OWN,debt_consolidation,employed,0
Mukesh Mishra,43,833992,152624,437,2.0,0.07717866181683977,RENT,debt_consolidation,employed,1
Rahul Reddy,55,437049,228751,680,4.0,0.08329951839141905,MORTGAGE,home_improvement,self_employed,0
Geeta Shah,58,217267,220338,664,2.0,0.1860942075459812,MORTGAGE,education,employed,0
Ajay Agarwal,40,674183,207327,701,10.0,0.24912882944266734,RENT,home_improvement,unemployed,1
Sneha Ghosh,30,645305,145493,582,10.0,0.11319978624863475,MORTGAGE,other,employed,0
Rekha Menon,45,200000,93689,572,2.0,0.1471549797798105,RENT,debt_consolidation,employed,0
Dinesh Iyer,31,441572,191918,690,0.0,0.06959987156595547,RENT,debt_consolidation,self_employed,1
Vijay Reddy,64,200000,200800,801,0.0,0.21722214764593328,MORTGAGE,education,employed,0
Amit Menon,41,317322,62604,651,2.0,0.06820752021692654,OWN,business,self_employed,0
Anita Singh,35,281699,116572,692,4.0,0.20071722527363,MORTGAGE,home_improvement,employed,0
Sneha Kumar,42,663067,123448,617,5.0,0.047096261019797366,OWN,education,employed,0
Rashmi Reddy,23,469026,170644,495,2.0,0.18593351457406262,MORTGAGE,education,employed,0
Sunita Jain,28,232630,118025,746,5.0,0.05391925620502603,RENT,debt_consolidation,employed,0
Rahul Patel,54,686961,160290,740,13.0,0.005862188173829244,MORTGAGE,education,employed,0
Deepak Jain,32,216013,149609,721,5.0,0.07659129220674354,MORTGAGE,debt_consolidation,employed,0
Manish Patel,27,521808,152716,631,0.0,0.40509261220170983,OWN,business,employed,0
Arun Shah,46,294488,122203,709,4.0,0.22704397251550468,RENT,debt_consolidation,unemployed,1
Ajay Chakraborty,54,368487,126046,739,3.0,0.2810698660075678,RENT,debt_consolidation,employed,0
Rahul Patel,48,569284,105650,812,10.0,0.0766559639951163,MORTGAGE,home_improvement,unemployed,0
Suresh Nair,51,574195,189477,748,2.0,0.1785137396899768,OWN,debt_consolidation,retired,0
Mukesh Jain,30,863271,204524,656,2.0,0.0907887698491894,OWN,debt_consolidation,self_employed,0
Priya Singh,22,424587,119581,519,,0.10693226693580506,MORTGAGE,home_improvement,employed,0
Manish Shah,58,515671,299017,665,3.0,0.23196892884535725,MORTGAGE,home_improvement,unemployed,1
Sneha Menon,36,355446,143509,675,6.0,0.22211855586824464,OWN,debt_consolidation,employed,0
Anita Mukherjee,36,484559,300160,720,0.0,0.24811954373266046,MORTGAGE,debt_consolidation,employed,0
Sunita Shah,55,551139,125888,785,4.0,0.13188919366952015,OWN,debt_consolidation,retired,0
Mukesh Singh,46,421192,72357,640,0.0,,MORTGAGE,debt_consolidation,employed,0
Suresh Shah,45,200000,191162,850,1.0,0.1966482745889293,RENT,home_improvement,employed,1
Pooja Ghosh,65,522163,179767,474,5.0,0.1324020171344515,RENT,debt_consolidation,employed,1
Kavita Jain,32,530874,165009,691,0.0,0.05493751676686243,MORTGAGE,other,employed,0
Vikram Chatterjee,51,314869,125882,570,1.0,0.15510212374454369,RENT,debt_consolidation,employed,0
Vikram Pillai,40,232770,160519,459,6.0,0.08468202426879419,RENT,debt_consolidation,unemployed,1
Shweta Ghosh,43,925361,132653,629,5.0,,MORTGAGE,home_improvement,employed,0
Pooja Iyer,58,565645,144214,504,0.0,0.2877349798999835,OWN,debt_consolidation,employed,1
Mukesh Banerjee,46,394533,227897,633,4.0,0.12238549451608911,RENT,debt_consolidation,employed,1
Sunita Chatterjee,46,250567,175200,653,0.0,0.2156282108648289,MORTGAGE,education,employed,1
Ramesh Banerjee,52,293341,207727,761,1.0,0.16229250208042773,MORTGAGE,business,employed,0
Geeta Agarwal,35,848559,148338,499,3.0,0.11934573423700603,MORTGAGE,debt_consolidation,employed,0
Ramesh Jain,29,473937,141944,740,0.0,0.11571191981184328,OWN,home_improvement,employed,0
Anita Ghosh,27,335946,102601,659,25.0,0.2556903266432675,OWN,debt_consolidation,employed,0
Rekha Gupta,18,570828,140362,752,0.0,0.28329373413948566,OWN,home_improvement,employed,0
Vijay Pillai,64,294431,50000,606,7.0,0.2640540706890833,RENT,home_improvement,employed,0
Vijay Nair,26,936984,128529,516,8.0,0.12988778080008534,RENT,education,unemployed,1
Amit Chakraborty,37,870132,157510,528,25.0,0.363039436784135,RENT,education,employed,1
Anjali Verma,36,350358,203917,520,2.0,0.25704757418294943,MORTGAGE,other,employed,1
Dinesh Banerjee,43,323083,146170,697,10.0,0.06478100254297209,MORTGAGE,debt_consolidation,self_employed,0
Naresh Mukherjee,49,200000,187038,797,15.0,0.3406952068488123,OWN,home_improvement,employed,0
Rajesh Chakraborty,50,210914,68055,593,0.0,0.25170136328317827,RENT,debt_consolidation,self_employed,1
Swati Kumar,33,226446,159096,712,3.0,0.1100088825306483,RENT,education,employed,0
Sneha Reddy,37,473352,83133,497,0.0,0.2677887017068421,RENT,home_improvement,employed,0
Rekha Mukherjee,43,375826,100376,668,4.0,0.19430155384484493,MORTGAGE,debt_consolidation,employed,0
Manish Singh,37,225783,151014,716,4.0,,OWN,debt_consolidation,employed,0
Anita Agarwal,59,384391,271171,505,1.0,0.11464477616087607,MORTGAGE,debt_consolidation,employed,1
Mukesh Chakraborty,45,569588,188807,629,7.0,0.22325006979405326,OWN,education,employed,0
Rashmi Gupta,48,576032,163946,721,0.0,0.14345543147533218,MORTGAGE,debt_consolidation,employed,0
Naresh Mukherjee,47,200000,161488,356,,,MORTGAGE,business,employed,0
Manish Verma,54,414931,122338,783,0.0,0.12019000884448487,RENT,education,employed,0
Manish Kumar,42,221533,130928,685,5.0,0.14014767426688,OWN,education,self_employed,0
Vijay Iyer,24,694442,193097,721,0.0,0.1863690387204002,MORTGAGE,other,self_employed,1
Manish Chakraborty,44,654792,93513,608,1.0,0.07158980032745124,OWN,debt_consolidation,employed,0
Priya Banerjee,32,282373,206327,477,6.0,0.05600401115047048,OWN,home_improvement,employed,0
Manish Shah,33,301636,139329,703,1.0,0.028306985847190533,OWN,home_improvement,self_employed,0
Shweta Sharma,47,351289,226437,641,3.0,0.40162954753411845,OWN,debt_consolidation,unemployed,1
Deepak Patel,54,200000,239052,653,12.0,0.10044033358298941,OWN,education,employed,0
Dinesh Sharma,40,523338,83346,758,0.0,0.23621155371334437,RENT,business,employed,0
Shweta Agarwal,43,385994,128974,726,8.0,0.16285424941764362,MORTGAGE,home_improvement,employed,0
Ajay Gupta,60,718619,115588,842,0.0,0.17321853789439348,RENT,home_improvement,employed,0
Priya Iyer,42,255453,78818,665,0.0,0.11280464532867022,OWN,other,retired,0
Pooja Gupta,71,324629,107687,580,0.0,0.1593616125556722,RENT,debt_consolidation,employed,0
Swati Verma,46,208300,432138,631,25.0,0.11215527870489683,RENT,debt_consolidation,employed,1
Sunita Gupta,18,267762,207690,691,,0.14582951601585664,MORTGAGE,other,retired,0
Sunita Chatterjee,49,244998,350429,751,11.0,0.1619543351662636,MORTGAGE,debt_consolidation,employed,0
Priya Shah,44,727949,226758,503,23.0,0.31222030269643214,MORTGAGE,education,employed,0
Neha Mishra,55,312034,120965,650,2.0,0.4350267546793268,RENT,education,self_employed,1
Ramesh Kumar,48,470752,139705,810,4.0,0.06132238010796917,OWN,other,self_employed,0
Ramesh Iyer,38,365718,205947,625,,0.16937216168721095,RENT,debt_consolidation,employed,0
Pooja Menon,25,234513,193881,743,2.0,0.23029886743757982,OWN,other,employed,0
Manish Menon,37,406707,129193,699,0.0,0.24582141040934824,RENT,debt_consolidation,employed,0
Deepak Gupta,29,596927,88965,745,2.0,0.07759072179967882,MORTGAGE,debt_consolidation,self_employed,0
Anita Banerjee,33,241861,606284,569,7.0,0.13178948665909526,RENT,debt_consolidation,unemployed,1
Vikram Nair,47,663017,153820,569,7.0,0.1684354227045227,RENT,debt_consolidation,employed,0
Anjali Mishra,60,289276,142872,652,1.0,0.12003137797538044,MORTGAGE,other,employed,0
Swati Menon,44,347495,170302,496,0.0,0.16073113133469916,MORTGAGE,education,employed,1
Vijay Kumar,25,576852,147695,623,12.0,0.33123167064416276,RENT,home_improvement,employed,0
Shweta Jain,45,317515,170944,675,0.0,0.2869676720762722,RENT,debt_consolidation,employed,1
Dinesh Sharma,54,450803,272332,828,6.0,0.2610169745981572,MORTGAGE,home_improvement,employed,0
Ramesh Sharma,32,378001,154845,690,0.0,0.2194991075249048,OWN,debt_consolidation,employed,1
Meena Pillai,38,471976,102223,712,9.0,0.12940952707447995,MORTGAGE,debt_consolidation,self_employed,0
Anita Banerjee,40,200000,152564,766,11.0,0.12660873052974725,OWN,business,employed,0
Neha Banerjee,30,200000,135163,553,1.0,0.2151027358453439,RENT,education,employed,0
Deepak Jain,47,601982,287667,633,0.0,0.17823329151471715,RENT,home_improvement,employed,0
Kavita Pillai,38,743103,260002,850,3.0,0.26388517241852255,OWN,home_improvement,employed,0
Pooja Kumar,45,280619,169907,642,1.0,0.09926721428980782,MORTGAGE,business,employed,0
Sanjay Agarwal,29,391595,97587,761,2.0,0.09572512666750012,MORTGAGE,debt_consolidation,self_employed,0
Sunita Singh,34,512655,99672,746,5.0,0.14485855512572723,MORTGAGE,education,self_employed,1
Priya Iyer,48,625689,163742,502,1.0,0.3166345286691897,RENT,education,self_employed,0
Divya Sharma,35,200000,186191,681,2.0,0.05652790761787278,MORTGAGE,home_improvement,employed,0
Kavita Agarwal,60,284071,140105,664,7.0,0.30433532829479604,MORTGAGE,debt_consolidation,employed,0
Amit Singh,35,374636,134313,682,5.0,0.09619282813110593,MORTGAGE,home_improvement,self_employed,1
Divya Verma,42,628800,128396,574,1.0,0.19992482333157377,OWN,debt_consolidation,employed,0
Manish Ghosh,51,1542963,161238,538,5.0,0.26535635622478776,MORTGAGE,education,self_employed,0
Anita Verma,22,394745,62748,602,7.0,0.2586674903182397,OWN,debt_consolidation,unemployed,1
Kavita Verma,18,218930,104764,640,4.0,0.23731019051213367,OWN,debt_consolidation,employed,1
Deepak Pillai,21,540978,126649,768,1.0,0.28175922167549083,RENT,other,employed,1
Kavita Banerjee,55,856404,263814,831,0.0,0.08583023580603909,MORTGAGE,home_improvement,employed,0
Rajesh Verma,33,466963,117533,789,8.0,0.07466316512989996,MORTGAGE,education,employed,0
Vikram Mukherjee,70,281159,174938,736,8.0,0.08853364341782466,RENT,business,unemployed,0
Meena Jain,33,714256,178192,549,5.0,0.1583757201943796,OWN,debt_consolidation,employed,0
Dinesh Chakraborty,42,616474,273530,609,0.0,0.23907949216541055,OWN,debt_consolidation,employed,0
Arun Chakraborty,58,264860,269690,670,4.0,0.21481804552297662,MORTGAGE,education,unemployed,1
Divya Reddy,64,535369,159053,586,8.0,0.2803550277506371,MORTGAGE,education,employed,0
Kavita Shah,64,728419,134565,707,2.0,0.13982244641826302,OWN,debt_consolidation,unemployed,1
Naresh Kumar,54,798863,124799,722,1.0,0.2657958674587745,MORTGAGE,debt_consolidation,employed,0
Anita Mukherjee,52,427955,147794,703,,0.10226449993242184,RENT,education,unemployed,1
Kavita Iyer,47,369889,136815,752,8.0,0.22640591197084564,RENT,other,employed,0
Meena Patel,49,817198,203099,559,0.0,0.07681907605446234,RENT,education,employed,0
Priya Banerjee,33,241571,192552,743,4.0,,RENT,business,employed,0
Ajay Mishra,30,550889,206224,580,5.0,,MORTGAGE,other,employed,1
Suresh Iyer,39,223013,269335,555,4.0,0.28223127549933935,MORTGAGE,debt_consolidation,employed,1
Swati Chatterjee,37,753653,342884,703,5.0,0.34981590436726406,RENT,debt_consolidation,employed,0
Priya Nair,34,388861,171076,771,4.0,0.13100195168340437,MORTGAGE,debt_consolidation,self_employed,0
Suresh Menon,48,834252,252656,698,0.0,0.18966394042481183,MORTGAGE,other,self_employed,1
Geeta Mukherjee,51,565636,141398,652,1.0,0.12520740675189138,RENT,other,self_employed,0
Arun Iyer,41,239998,261451,681,,0.15528442620924754,RENT,debt_consolidation,self_employed,1
Neha Kumar,57,901949,248849,663,0.0,0.17314135093854646,MORTGAGE,home_improvement,employed,0
Meena Menon,26,960897,243620,537,5.0,0.18605573409618212,MORTGAGE,debt_consolidation,employed,0
Sneha Banerjee,37,687724,168995,525,5.0,0.09252410535403632,RENT,education,employed,0
Rashmi Jain,31,302309,124574,642,1.0,0.32533478398014587,RENT,home_improvement,employed,1
Rekha Jain,18,379645,93170,657,4.0,0.10178823107359487,MORTGAGE,other,self_employed,1
Meena Kumar,39,475781,160169,651,3.0,0.06207250570716659,RENT,debt_consolidation,self_employed,0
Geeta Pillai,38,311185,300500,717,1.0,0.24655821805824565,MORTGAGE,education,self_employed,1
Sunita Verma,58,1031137,143783,628,3.0,0.3273152999797927,RENT,home_improvement,unemployed,1
Swati Iyer,47,475519,222804,706,12.0,0.19124829422404985,OWN,debt_consolidation,employed,0
Neha Banerjee,27,200000,228109,635,2.0,0.064445688049095,OWN,home_improvement,retired,1
Vijay Kumar,62,524225,145295,832,4.0,0.23192186784222152,OWN,home_improvement,employed,0
Deepak Jain,54,371729,275553,658,0.0,0.20112864773862824,RENT,debt_consolidation,unemployed,1
Sanjay Agarwal,46,426145,50844,850,0.0,0.12992477449362708,RENT,business,employed,0
Arun Gupta,37,367945,99797,685,0.0,0.015292727991958396,MORTGAGE,business,employed,0
Sunita Pillai,28,662332,112842,628,7.0,0.07967524012305444,RENT,debt_consolidation,employed,0
Rekha Nair,35,774400,117255,560,2.0,0.08721160721829824,MORTGAGE,business,employed,0
Amit Banerjee,53,509673,186186,505,1.0,0.188298055786973,MORTGAGE,education,employed,1
Shweta Agarwal,62,373377,182775,550,6.0,0.2622811747299176,MORTGAGE,debt_consolidation,employed,1
Priya Patel,58,433363,190535,562,0.0,0.07536957027915042,RENT,business,self_employed,0
Deepak Ghosh,34,446770,206577,689,1.0,0.0890780671246774,MORTGAGE,education,unemployed,1
Divya Verma,26,296198,111297,597,2.0,0.18787549623295016,MORTGAGE,education,employed,1
Rekha Gupta,41,590936,99980,668,2.0,0.30688315165829405,RENT,debt_consolidation,retired,0
Rajesh Chakraborty,18,556833,190713,778,4.0,0.14897721613027828,OWN,business,self_employed,0
Shweta Banerjee,43,955720,126488,641,2.0,0.20812604084314895,RENT,education,employed,0
Rajesh Chatterjee,38,828750,86838,850,2.0,0.12571370715162913,OWN,home_improvement,employed,0
Rajesh Reddy,34,314004,240034,532,9.0,0.019775733273916206,MORTGAGE,home_improvement,retired,0
Meena Sharma,20,666735,284372,634,10.0,0.14083501086268196,MORTGAGE,debt_consolidation,self_employed,1
Rajesh Agarwal,46,274999,303417,596,8.0,0.3394293802184189,MORTGAGE,debt_consolidation,employed,1
Shweta Singh,33,626538,175396,743,10.0,0.11643083758660855,OWN,home_improvement,employed,0
Shweta Chatterjee,25,341701,209059,426,4.0,,MORTGAGE,debt_consolidation,self_employed,1
Sunita Jain,18,265235,281516,505,5.0,0.21652847950819376,OWN,home_improvement,employed,1
Mukesh Ghosh,39,508908,125923,639,4.0,0.3722081310958412,OWN,debt_consolidation,employed,1
Mukesh Agarwal,61,200000,253792,805,,0.20320931133019723,MORTGAGE,debt_consolidation,employed,0
Deepak Jain,59,200000,181708,672,4.0,0.09813298792231549,RENT,home_improvement,employed,1
Swati Reddy,34,404842,234564,514,0.0,0.12103805790135858,RENT,education,employed,0
Ramesh Shah,32,461031,175332,530,8.0,0.16451634422283717,MORTGAGE,debt_consolidation,employed,0
Deepak Pillai,45,367816,273348,817,7.0,0.03215813500542976,MORTGAGE,business,self_employed,0
Swati Nair,28,200843,177976,587,8.0,0.21109777134018273,RENT,debt_consolidation,employed,0
Meena Patel,43,293917,89895,555,1.0,0.09978825764858214,MORTGAGE,debt_consolidation,employed,0
Pooja Mukherjee,49,537995,290910,797,1.0,0.24104003851062125,OWN,other,unemployed,1
Naresh Chatterjee,54,591780,111411,751,1.0,0.058700675140672336,MORTGAGE,business,self_employed,0
Manish Singh,38,438839,268665,777,3.0,0.1208960570179077,RENT,debt_consolidation,self_employed,0
Geeta Chatterjee,37,788917,156984,554,0.0,0.04004995209536932,MORTGAGE,business,employed,0
Ramesh Reddy,29,539662,260512,497,2.0,0.20021466925822373,MORTGAGE,debt_consolidation,employed,0
Sunita Agarwal,30,304453,256249,663,1.0,0.34025452982864574,OWN,other,employed,0
Pooja Reddy,37,384519,193311,683,1.0,0.05142542497474558,MORTGAGE,debt_consolidation,self_employed,0
Neha Verma,44,219381,199469,686,6.0,0.12404100136770019,MORTGAGE,education,employed,0
Ajay Jain,50,419127,192731,797,9.0,0.09986128101147439,OWN,debt_consolidation,employed,0
Shweta Kumar,30,771467,72727,476,0.0,0.11698594361075397,MORTGAGE,business,employed,0
Rahul Patel,57,623213,170643,735,4.0,0.0964251218659843,MORTGAGE,other,employed,0
Swati Chakraborty,36,891806,104148,540,,0.1140390275523694,RENT,debt_consolidation,retired,1
Ajay Iyer,39,380239,174289,735,0.0,0.07142520997829462,RENT,debt_consolidation,employed,0
Meena Kumar,31,867221,103034,602,6.0,0.2369748253889758,RENT,business,employed,1
Rajesh Reddy,18,401654,101317,568,6.0,0.04222242756866639,OWN,debt_consolidation,self_employed,1
Kavita Menon,50,923376,309271,589,8.0,0.23313149473204214,RENT,education,employed,0
Ajay Jain,48,437604,249640,505,,0.052409850781229866,RENT,business,employed,0
Rashmi Banerjee,36,630088,162485,654,9.0,0.035974058337616494,MORTGAGE,debt_consolidation,self_employed,0
Suresh Reddy,40,925006,175239,572,0.0,0.31525425849781025,MORTGAGE,education,employed,1
Sanjay Chatterjee,46,401629,147389,728,1.0,0.1696308313616171,MORTGAGE,debt_consolidation,unemployed,0
Shweta Chatterjee,21,493458,204423,714,0.0,0.2098435818051342,MORTGAGE,other,employed,0
Manish Mishra,33,842755,124191,818,7.0,0.24509787905811856,OWN,debt_consolidation,employed,0
Shweta Nair,49,413949,242194,686,1.0,0.021502524443809522,MORTGAGE,education,employed,0
Sneha Kumar,24,228559,147084,702,0.0,0.036857942204762954,RENT,debt_consolidation,self_employed,0
Shweta Banerjee,43,1291743,137593,790,4.0,0.074490855866421,OWN,education,employed,0
Rashmi Mishra,23,349800,164174,587,0.0,0.2194127354289856,RENT,debt_consolidation,employed,0
Sunita Banerjee,45,478962,128481,501,0.0,0.12468538028509853,RENT,debt_consolidation,employed,1
Suresh Verma,39,788591,185622,670,0.0,0.16620709063844313,RENT,debt_consolidation,employed,0
Vijay Verma,20,326358,131275,507,0.0,0.1828495875687672,OWN,home_improvement,employed,1
Dinesh Gupta,53,267283,196301,850,5.0,0.1609464387599767,MORTGAGE,home_improvement,employed,0
Dinesh Verma,31,502257,264713,795,4.0,0.36867229787577216,RENT,home_improvement,employed,0
Ramesh Sharma,30,200000,122060,850,1.0,0.27754841142059,OWN,other,employed,1
Neha Kumar,42,383098,154472,656,1.0,0.2587442397023067,MORTGAGE,debt_consolidation,employed,0
Dinesh Jain,53,500077,195737,705,8.0,0.16618467158567204,OWN,education,self_employed,1
Amit Kumar,27,386552,136715,604,3.0,0.2966719993831849,MORTGAGE,home_improvement,employed,1
Rahul Agarwal,40,204490,195972,738,5.0,0.19042309348796643,RENT,debt_consolidation,employed,0
Vijay Pillai,45,981747,203243,528,3.0,0.30972774034940337,RENT,debt_consolidation,self_employed,1
Pooja Verma,48,465919,251024,395,1.0,0.31649376255635137,OWN,business,retired,1
Divya Ghosh,42,904896,127721,570,17.0,0.054894689591356856,OWN,debt_consolidation,employed,0
Sunita Chatterjee,35,388474,111623,504,4.0,0.18819751405959828,RENT,education,employed,0
Anita Chatterjee,30,284928,143913,797,,0.2366464342597797,RENT,other,employed,0
Rahul Sharma,41,506151,110514,831,2.0,0.17557458527060923,MORTGAGE,debt_consolidation,employed,0
Swati Banerjee,27,397164,203984,509,1.0,0.2691657099526255,RENT,debt_consolidation,employed,1
Neha Sharma,18,245516,102262,779,1.0,0.21382547244044495,OWN,debt_consolidation,employed,0
Rahul Mukherjee,45,922545,413828,745,13.0,0.19906591923792358,MORTGAGE,home_improvement,retired,0
Shweta Patel,50,324118,273312,493,10.0,0.10603186227690622,MORTGAGE,debt_consolidation,employed,0
Swati Shah,18,200000,163575,610,1.0,0.030487868162887455,OWN,other,employed,0
Rahul Mukherjee,27,859480,230258,591,2.0,0.2178585477709115,OWN,education,unemployed,1
Dinesh Iyer,47,343812,84565,724,7.0,0.21426719477275802,OWN,other,employed,0
Geeta Mishra,64,326468,446569,527,1.0,0.10982804624844174,MORTGAGE,home_improvement,employed,1
Anjali Singh,40,200000,128529,640,4.0,0.1698117669294735,MORTGAGE,debt_consolidation,employed,0
Vijay Kumar,31,1056498,155096,581,6.0,0.15831818810455303,MORTGAGE,home_improvement,employed,0
Kavita Agarwal,37,232178,77468,697,5.0,0.2629838614892602,MORTGAGE,home_improvement,employed,0
Divya Mukherjee,56,455533,197701,628,6.0,0.276583514251526,RENT,education,employed,0
Sanjay Nair,32,698234,104554,596,6.0,0.07729757161129693,RENT,other,employed,0
Sanjay Menon,30,546264,169509,628,16.0,0.07399045651319448,MORTGAGE,home_improvement,self_employed,0
Amit Nair,34,429412,130913,850,2.0,0.1661258018684021,RENT,debt_consolidation,employed,0
Deepak Pillai,28,200000,105757,608,10.0,0.24010543597249628,MORTGAGE,debt_consolidation,self_employed,1
Ajay Jain,41,295120,117978,545,0.0,0.21877703386144604,OWN,business,employed,0
Mukesh Jain,59,485969,178138,708,1.0,0.3170813390851756,OWN,business,employed,0
Meena Gupta,43,298466,97480,635,0.0,0.44555912468948783,MORTGAGE,home_improvement,employed,0
Suresh Verma,36,489764,120629,508,5.0,0.025566357883758783,MORTGAGE,debt_consolidation,retired,0
Amit Menon,36,622109,212205,850,0.0,0.14987826646317262,MORTGAGE,other,employed,0
Deepak Menon,21,715868,460925,614,9.0,0.04409477782749983,MORTGAGE,education,self_employed,1
Swati Chatterjee,50,239644,197015,612,5.0,0.10089517941142771,OWN,debt_consolidation,employed,0
Priya Sharma,39,1326856,112768,665,0.0,0.05357971151677538,MORTGAGE,home_improvement,retired,0
Mukesh Mishra,37,649358,140526,823,6.0,0.16112317939756432,MORTGAGE,home_improvement,employed,0
Amit Chatterjee,78,442034,164824,482,9.0,0.21150806142495976,RENT,home_improvement,employed,0
Rekha Iyer,43,762813,141524,677,5.0,0.0777524672123328,MORTGAGE,home_improvement,self_employed,0
Suresh Reddy,30,1443676,233566,850,0.0,0.14228846710432103,MORTGAGE,education,employed,0
Ajay Singh,34,215483,177546,662,9.0,0.15016804430510122,MORTGAGE,debt_consolidation,unemployed,1
Naresh Mukherjee,53,395287,234015,526,6.0,0.15940245768060143,OWN,home_improvement,employed,1
Sunita Verma,41,200000,143518,588,2.0,,MORTGAGE,debt_consolidation,self_employed,1
Kavita Agarwal,22,487149,276564,670,1.0,0.17345588414145183,RENT,debt_consolidation,employed,1
Naresh Chakraborty,51,531095,152269,783,3.0,0.06474776592682752,RENT,home_improvement,employed,0
Rashmi Patel,31,433834,110362,616,10.0,0.20209986466094948,MORTGAGE,debt_consolidation,employed,0
Priya Gupta,62,318932,388841,732,1.0,0.32766751658708915,OWN,debt_consolidation,unemployed,1
Anita Patel,52,200000,78433,506,0.0,0.2284952887569907,RENT,home_improvement,employed,1
Naresh Banerjee,34,533261,121116,505,,0.05052533495236246,OWN,other,employed,0
Ajay Verma,55,915950,126650,601,0.0,0.23898656999816656,RENT,business,employed,1
Sneha Reddy,40,329223,443885,793,12.0,0.14250869475445613,MORTGAGE,debt_consolidation,self_employed,0
Rahul Agarwal,50,551297,335287,656,1.0,0.027466604361819563,OWN,home_improvement,employed,0
Ajay Kumar,45,201980,295839,678,3.0,0.08596670572041198,OWN,home_improvement,employed,1
Ramesh Menon,29,556046,142591,677,0.0,0.2770401254852487,RENT,debt_consolidation,employed,0
Sunita Gupta,32,363417,429540,760,,0.12310628138634527,MORTGAGE,debt_consolidation,employed,0
Meena Mishra,52,302183,188591,588,6.0,0.12679576675734963,MORTGAGE,debt_consolidation,self_employed,1
Ajay Jain,35,302494,240603,718,12.0,0.2572425567260498,MORTGAGE,home_improvement,employed,0
Ajay Menon,35,363376,174883,566,5.0,0.3019748467187234,OWN,business,self_employed,1
Anita Banerjee,28,535639,159566,848,1.0,0.23246605150458755,MORTGAGE,business,employed,0
Arun Menon,45,229559,147161,569,1.0,0.08073683864629418,RENT,other,self_employed,1
Ramesh Kumar,64,362740,149663,561,3.0,0.09671435842677696,RENT,debt_consolidation,employed,0
Geeta Gupta,27,433334,207605,704,,0.16059607312760246,OWN,other,employed,0
Vijay Nair,40,255372,188505,657,13.0,0.3432749211354385,RENT,home_improvement,employed,0
Priya Singh,56,1086348,160718,682,2.0,0.24368450178150725,RENT,debt_consolidation,self_employed,0
Neha Jain,39,288731,297690,672,6.0,0.09387679926733203,OWN,other,self_employed,1
Dinesh Gupta,45,316564,50000,540,16.0,0.12428070096174824,OWN,home_improvement,employed,0
Arun Ghosh,27,271263,199576,811,0.0,0.3302833502987983,MORTGAGE,debt_consolidation,unemployed,1
Ramesh Ghosh,45,1087334,216879,739,9.0,0.14154987314365064,RENT,debt_consolidation,employed,0
Divya Menon,37,583297,257502,785,2.0,0.17174748286647332,MORTGAGE,debt_consolidation,employed,0
Ramesh Reddy,51,276980,158585,597,6.0,0.1845124064993882,OWN,other,employed,0
Rahul Patel,54,769207,176869,691,1.0,0.38453563793423173,OWN,debt_consolidation,employed,0
Geeta Pillai,71,489113,241440,669,2.0,0.24215144230070476,RENT,other,employed,0
Rashmi Jain,46,503141,295512,762,0.0,0.16526512855789324,OWN,debt_consolidation,employed,1
Pooja Banerjee,43,372413,144319,766,17.0,0.051421008879342214,MORTGAGE,debt_consolidation,employed,0
Deepak Iyer,42,304154,181097,669,8.0,0.04957570726069284,MORTGAGE,debt_consolidation,unemployed,1
Sneha Chakraborty,35,523809,318516,498,0.0,0.10716167355458266,RENT,home_improvement,employed,0
Anita Menon,44,336871,69590,827,38.0,0.03367150803467824,OWN,debt_consolidation,employed,0
Amit Ghosh,36,1097316,123499,705,4.0,0.1267524250205902,OWN,business,employed,0
Meena Jain,42,234533,292533,589,9.0,0.1660096731159563,RENT,debt_consolidation,employed,0
Mukesh Gupta,55,953675,251957,690,0.0,0.1852624076330149,MORTGAGE,education,employed,0
Amit Patel,27,418461,200581,498,2.0,0.11672467205387664,OWN,education,employed,1
Vikram Menon,53,513776,136020,755,5.0,0.11238353626327395,OWN,debt_consolidation,employed,0
Mukesh Kumar,55,671036,114378,502,0.0,0.08833952270094915,RENT,education,employed,0
Shweta Menon,38,322828,128478,627,3.0,0.24494580824277554,RENT,other,employed,0
Arun Nair,18,681549,302308,674,2.0,0.0349846551840191,MORTGAGE,business,employed,0
Anjali Gupta,32,200000,126579,753,1.0,0.24783181985233033,RENT,home_improvement,self_employed,0
Rahul Shah,55,308662,169493,660,1.0,0.048826334591206264,OWN,home_improvement,employed,0
Manish Nair,39,278721,120393,713,17.0,0.21671508771580217,MORTGAGE,education,employed,0
Ramesh Patel,28,236392,228001,647,1.0,0.2054756305894011,RENT,debt_consolidation,self_employed,1
Anjali Kumar,33,397330,131204,646,1.0,0.20645013215746597,OWN,debt_consolidation,employed,0
Amit Mishra,50,536528,156523,658,3.0,0.16486191287434404,OWN,debt_consolidation,unemployed,1
Neha Pillai,46,628650,83004,631,5.0,0.1646623751141935,MORTGAGE,home_improvement,employed,0
Swati Banerjee,37,499038,85361,481,6.0,0.1281517711555285,MORTGAGE,debt_consolidation,self_employed,1
Vijay Iyer,35,317157,163255,573,7.0,0.0119569089071333,MORTGAGE,debt_consolidation,employed,0
Anjali Sharma,35,532058,95792,674,0.0,0.2599870596494638,MORTGAGE,home_improvement,employed,1
Amit Nair,28,470778,377767,625,2.0,0.15302257670429384,RENT,debt_consolidation,employed,0
Swati Gupta,59,706464,71352,634,7.0,0.22202018757968964,RENT,debt_consolidation,employed,0
Divya Ghosh,36,652436,118175,617,11.0,0.10873242515525083,MORTGAGE,home_improvement,employed,0
Geeta Reddy,54,449206,163845,563,4.0,0.08990416895763116,OWN,other,employed,0
Rekha Menon,58,282482,140638,600,0.0,0.12763380029223811,OWN,debt_consolidation,employed,0
Rahul Shah,51,319184,104646,619,2.0,0.08214485755327018,MORTGAGE,debt_consolidation,employed,1
Neha Menon,34,336080,110949,650,0.0,0.29846574883310373,RENT,debt_consolidation,employed,1
Ramesh Gupta,44,377893,109506,689,6.0,0.15469617893894624,OWN,other,employed,0
Shweta Banerjee,39,505865,145119,631,0.0,0.2508534601644217,MORTGAGE,home_improvement,employed,1
Naresh Jain,29,632595,355319,547,1.0,0.11200119712154757,MORTGAGE,debt_consolidation,self_employed,1
Ajay Mukherjee,43,431248,167908,510,2.0,0.26580787493939656,OWN,education,employed,1
Sneha Menon,25,445994,261230,850,3.0,0.13467946744812592,OWN,debt_consolidation,employed,0
Sneha Kumar,54,475277,199344,537,2.0,0.2615380398575504,RENT,debt_consolidation,employed,0
Sanjay Shah,34,341822,254115,598,3.0,0.03538709249771514,OWN,debt_consolidation,employed,0
Sanjay Chatterjee,42,278536,53104,701,6.0,0.16149873254383015,OWN,debt_consolidation,employed,0
Vikram Gupta,43,200000,144093,686,2.0,0.11137792647585347,MORTGAGE,business,employed,1
Sneha Iyer,36,312520,274540,702,3.0,0.16415349834323756,RENT,home_improvement,retired,0
Sanjay Iyer,47,560493,129483,605,1.0,0.26873160354284076,MORTGAGE,education,unemployed,1
Meena Chatterjee,34,311309,329387,673,2.0,,MORTGAGE,home_improvement,employed,1
Geeta Gupta,50,392815,294653,656,4.0,0.20321084506954068,MORTGAGE,home_improvement,employed,0
Pooja Patel,23,558614,134907,618,3.0,0.10776259597549845,OWN,home_improvement,unemployed,0
Kavita Chatterjee,41,573977,133083,674,6.0,0.18143048717776025,OWN,home_improvement,self_employed,0
Divya Ghosh,63,257875,108505,755,4.0,0.1759822767844989,MORTGAGE,debt_consolidation,employed,0
Rajesh Pillai,27,728344,126520,647,8.0,0.13189784586787281,MORTGAGE,business,employed,0
Anjali Kumar,31,777372,99405,648,2.0,0.27506815367277365,OWN,other,employed,0
Meena Sharma,46,251469,193208,756,3.0,0.06546530433091152,MORTGAGE,home_improvement,employed,0
Deepak Reddy,42,293045,90906,746,5.0,0.16685933146806295,OWN,home_improvement,employed,0
Dinesh Ghosh,44,802546,207211,808,1.0,0.28176101101418993,MORTGAGE,debt_consolidation,employed,0
Deepak Reddy,45,411092,209238,474,2.0,,RENT,other,employed,1
Manish Reddy,47,200000,83743,740,4.0,0.10224621215613952,MORTGAGE,other,employed,0
Neha Ghosh,53,219730,302527,710,0.0,0.04967584199046958,MORTGAGE,education,employed,0
Vikram Shah,44,390551,199874,561,2.0,0.43872137693411123,MORTGAGE,debt_consolidation,unemployed,1
Arun Ghosh,37,247329,219669,675,4.0,,MORTGAGE,other,self_employed,1
Mukesh Agarwal,48,359794,120154,755,17.0,0.17288839580067009,RENT,debt_consolidation,employed,0
Rashmi Reddy,62,449638,208762,567,10.0,0.3089799588820581,OWN,home_improvement,employed,1
Sneha Menon,38,919078,255392,694,1.0,0.12396787908431672,RENT,home_improvement,employed,0
Arun Shah,28,382610,156460,737,3.0,0.17761880830290605,RENT,education,employed,0
Shweta Chatterjee,53,756358,362496,542,0.0,0.2534032348605529,RENT,education,employed,1
Ajay Jain,38,903815,165648,635,1.0,0.21017268088674115,RENT,education,self_employed,0
Arun Menon,18,906326,256867,680,7.0,0.1120432816660051,MORTGAGE,other,employed,0
Sanjay Menon,50,510107,182993,570,0.0,0.4249086013778696,MORTGAGE,home_improvement,employed,1
Pooja Singh,33,200000,205707,562,1.0,0.10960341673392791,RENT,education,unemployed,1
Sunita Chakraborty,38,557051,83405,636,14.0,0.3714707140010423,MORTGAGE,debt_consolidation,employed,0
Rajesh Chakraborty,43,747283,188795,730,8.0,0.26663559411350213,RENT,home_improvement,self_employed,0
Swati Mishra,42,424839,121298,714,7.0,0.20455391377269494,RENT,debt_consolidation,employed,0
Anita Banerjee,48,1058424,116011,563,,0.2139653570552615,MORTGAGE,other,retired,0
Rahul Pillai,34,680046,326975,715,6.0,0.25805876859405436,OWN,other,employed,0
Mukesh Agarwal,46,587796,149416,566,0.0,0.1707767731007404,OWN,debt_consolidation,retired,0
Manish Shah,36,761610,108953,488,3.0,0.14378307752969785,RENT,home_improvement,employed,0
Dinesh Gupta,48,522659,140976,613,2.0,0.20316038642781245,MORTGAGE,debt_consolidation,employed,0
Dinesh Iyer,47,200000,96743,762,1.0,0.3451121119492425,RENT,debt_consolidation,unemployed,1
Anita Chatterjee,28,344700,288818,715,8.0,0.10142183320177621,RENT,home_improvement,employed,0
Vikram Shah,53,804989,123220,649,3.0,0.2256952374592589,OWN,debt_consolidation,employed,0
Kavita Patel,33,295435,201132,608,0.0,0.12050832914103231,MORTGAGE,debt_consolidation,employed,0
Anita Kumar,49,395641,279971,611,1.0,0.13431992272015297,RENT,business,employed,0
Mukesh Iyer,44,262388,133244,660,1.0,0.4532932462058099,RENT,debt_consolidation,employed,0
Geeta Menon,62,1079449,201351,543,10.0,0.3192744597067249,RENT,business,employed,1
Amit Pillai,37,1025556,107792,615,5.0,0.04878575071696615,OWN,debt_consolidation,unemployed,0
Divya Chatterjee,35,284379,432919,628,4.0,0.23538103015910772,RENT,education,employed,1
Ajay Menon,39,476226,236700,514,3.0,0.0489372937172648,RENT,business,employed,0
Swati Mukherjee,36,314818,150686,566,,0.26705006312116164,MORTGAGE,education,self_employed,1
Sunita Iyer,49,601674,119475,691,7.0,0.03651193491831906,RENT,debt_consolidation,employed,0
Swati Verma,20,570827,155500,650,4.0,0.028858177860701554,OWN,debt_consolidation,employed,0
Geeta Nair,27,663877,142060,619,13.0,0.21942923193162303,MORTGAGE,other,employed,1
Mukesh Banerjee,27,522280,355463,558,18.0,0.09020605967342067,RENT,home_improvement,employed,0
Divya Gupta,51,1919745,99686,807,,0.3374432190933233,MORTGAGE,home_improvement,employed,0
Anjali Jain,60,264616,171771,566,5.0,0.12169548524760883,OWN,other,retired,1
Anita Nair,38,200000,161565,675,13.0,0.22689187651853165,MORTGAGE,debt_consolidation,employed,1
Sneha Ghosh,37,363471,155287,601,2.0,0.20425994002257236,MORTGAGE,home_improvement,employed,0
Priya Chakraborty,40,201996,155835,653,9.0,0.07661572372304756,OWN,debt_consolidation,unemployed,1
Suresh Menon,53,209770,155371,695,11.0,0.29314148398150486,RENT,home_improvement,employed,0
Ramesh Reddy,28,268160,230781,512,11.0,0.13517624673526502,OWN,debt_consolidation,employed,1
Geeta Iyer,42,278982,207646,649,8.0,0.20122115456575004,MORTGAGE,debt_consolidation,employed,0
Anjali Sharma,51,274495,192444,769,2.0,0.16232852289227373,RENT,home_improvement,employed,0
Anjali Patel,46,573268,50000,826,0.0,0.33272491506261237,MORTGAGE,education,unemployed,1
Kavita Mukherjee,42,343487,183490,636,2.0,0.3667409269393393,MORTGAGE,other,self_employed,1
Shweta Mukherjee,52,404433,83930,654,7.0,0.06524002730693589,RENT,business,unemployed,1
Swati Chakraborty,18,691844,210771,850,1.0,0.0995202351961529,MORTGAGE,home_improvement,retired,0
Mukesh Chakraborty,48,301594,293548,763,3.0,0.07591904731486686,RENT,education,employed,0
Kavita Pillai,32,387599,112364,588,4.0,0.03957200054357359,OWN,home_improvement,self_employed,1
Pooja Menon,18,531192,146574,588,4.0,0.09683410744657872,OWN,home_improvement,employed,0
Manish Chakraborty,46,200000,128060,745,13.0,0.051511548989056126,OWN,debt_consolidation,retired,0
Mukesh Mukherjee,56,200000,266778,548,5.0,0.2340267108584583,OWN,education,employed,1
Vikram Nair,38,526001,169060,758,7.0,0.017227344116218086,OWN,home_improvement,employed,0
Rahul Chatterjee,51,565806,324919,683,4.0,0.08415133266093548,MORTGAGE,other,employed,0
Anjali Shah,59,1241846,192048,701,,0.17374446284302192,MORTGAGE,education,employed,0
Neha Gupta,55,478804,179329,624,1.0,0.2015875256187012,MORTGAGE,home_improvement,employed,0
Anjali Kumar,59,666549,167256,587,,0.1573771436411021,MORTGAGE,education,employed,1
Pooja Shah,48,401219,225753,796,13.0,0.10691373039392438,MORTGAGE,home_improvement,employed,1
Arun Pillai,40,513298,81220,625,5.0,0.1568779103662837,OWN,debt_consolidation,employed,1
Geeta Agarwal,20,1018282,168406,608,5.0,0.13884355700512047,RENT,home_improvement,employed,0
Vijay Chatterjee,37,200000,158257,641,3.0,0.26066434125894516,RENT,other,employed,1
Pooja Chatterjee,29,544056,217546,669,2.0,0.1189759573750618,OWN,other,employed,0
Anjali Pillai,66,1286959,150982,546,4.0,0.16439413241989198,MORTGAGE,business,employed,0
Shweta Pillai,37,509414,107420,593,0.0,0.17275237946793223,MORTGAGE,home_improvement,employed,0
Arun Gupta,41,1009823,163234,588,3.0,0.0651505013621714,MORTGAGE,debt_consolidation,employed,0
Meena Verma,46,322995,105541,734,3.0,0.16010216929160723,OWN,debt_consolidation,employed,0
Geeta Singh,40,435380,75349,561,3.0,0.24891588628977177,MORTGAGE,other,employed,0
Rahul Reddy,60,449891,217694,474,5.0,0.12473646607407782,MORTGAGE,education,unemployed,1
Suresh Singh,32,200000,205176,453,15.0,0.126523454963217,OWN,education,self_employed,1
Anita Mishra,42,246695,196189,502,5.0,0.027323067329850948,OWN,education,retired,0
Sunita Jain,31,255649,274078,786,10.0,0.09519823680069701,MORTGAGE,business,employed,0
Vijay Mishra,24,667325,124740,651,4.0,,OWN,business,employed,0
Swati Mishra,32,684248,91817,700,4.0,0.07920900224849742,MORTGAGE,home_improvement,retired,0
Arun Banerjee,39,520225,158258,703,0.0,0.1665926844892556,MORTGAGE,home_improvement,employed,0
Neha Pillai,34,668005,141633,655,0.0,0.11866638546066069,OWN,other,employed,0
Kavita Menon,31,407552,116201,642,4.0,0.0634573091992518,RENT,home_improvement,self_employed,1
Suresh Mishra,23,806908,157638,754,2.0,0.022840401220515727,MORTGAGE,education,employed,0
Sneha Iyer,39,444361,127434,664,8.0,0.1868973652509289,MORTGAGE,education,self_employed,0
Deepak Sharma,21,455400,78088,789,3.0,0.13717276062933373,RENT,education,employed,0
Shweta Ghosh,49,387396,136424,712,10.0,0.10828271075045531,OWN,debt_consolidation,employed,0
Naresh Agarwal,40,622952,103305,588,17.0,0.13173074957202155,OWN,debt_consolidation,employed,1
Manish Chakraborty,22,358398,178556,600,,0.007939942494581017,MORTGAGE,debt_consolidation,employed,0
Neha Menon,36,720871,125189,577,2.0,0.1704452030852259,RENT,education,unemployed,0
Rahul Agarwal,30,251180,253889,771,5.0,0.08897782996887722,OWN,other,self_employed,0
Rajesh Patel,43,255388,309139,609,1.0,0.33533418843743173,MORTGAGE,debt_consolidation,employed,1
Ramesh Gupta,56,623880,213576,570,1.0,0.17044671195236344,OWN,debt_consolidation,employed,0
Ajay Singh,18,423254,87517,681,8.0,0.10526738732226003,MORTGAGE,other,self_employed,0
Geeta Banerjee,41,352587,297175,640,19.0,0.07837246449960526,MORTGAGE,debt_consolidation,self_employed,1
Sneha Nair,38,690401,305678,679,7.0,0.2513797804403873,RENT,other,employed,0
Arun Agarwal,48,326560,163982,838,3.0,0.4151255627190488,RENT,home_improvement,unemployed,1
Manish Singh,42,400271,276280,741,2.0,0.3039041590648525,RENT,other,unemployed,1
Sanjay Chatterjee,30,890567,130526,652,3.0,0.13678213785917634,OWN,home_improvement,employed,0
Vijay Reddy,36,955099,77149,509,3.0,0.13994419108930667,MORTGAGE,debt_consolidation,unemployed,1
Divya Menon,30,971113,120076,600,3.0,0.18091298359834654,OWN,home_improvement,self_employed,0
Divya Menon,52,384207,325045,721,1.0,0.08801927335356162,RENT,other,unemployed,1
Ajay Singh,40,818600,89640,532,11.0,0.20561417942584018,RENT,debt_consolidation,employed,1
Pooja Nair,62,275274,162723,850,7.0,0.038496497481839836,RENT,business,employed,0
Rekha Pillai,39,281123,164992,651,5.0,0.4015753273034209,OWN,home_improvement,employed,0
Divya Mishra,31,200000,132562,654,14.0,0.13429227772672778,MORTGAGE,other,self_employed,1
Dinesh Shah,21,1021143,136296,583,1.0,0.2216252546789714,RENT,debt_consolidation,employed,0
Sunita Ghosh,18,287221,167526,699,0.0,0.0744986055491448,RENT,home_improvement,employed,0
Ajay Gupta,20,415290,129979,534,8.0,0.2891535076418896,MORTGAGE,debt_consolidation,employed,1
Anita Kumar,43,280642,92150,850,32.0,0.08909322264740784,MORTGAGE,business,employed,0
Arun Singh,46,626298,177373,781,4.0,0.04209932751193106,RENT,home_improvement,self_employed,0
Kavita Shah,21,366657,250032,748,0.0,0.2323398788259608,OWN,debt_consolidation,unemployed,0
Anjali Mishra,50,230404,230459,510,7.0,0.45066332646859586,RENT,education,self_employed,1
Pooja Kumar,34,551739,117724,670,0.0,0.1808900057313274,RENT,home_improvement,employed,0
Vijay Menon,41,216021,98667,770,3.0,0.03171383528605515,MORTGAGE,home_improvement,retired,0
Neha Ghosh,59,291063,145266,709,1.0,0.14565133999032173,OWN,home_improvement,employed,0
Vikram Chakraborty,50,200000,304710,549,12.0,0.220615771167001,MORTGAGE,home_improvement,employed,0
Deepak Iyer,36,217079,210710,584,3.0,0.10631273253380769,MORTGAGE,debt_consolidation,employed,0
Sneha Chatterjee,29,483721,215687,604,11.0,0.29880560139359086,MORTGAGE,education,retired,0
Suresh Banerjee,18,200000,232336,589,1.0,0.40158177659070166,OWN,debt_consolidation,employed,1
Mukesh Mishra,31,210960,192587,802,2.0,0.16385111329859414,OWN,education,employed,0
Swati Mishra,37,441889,170799,457,14.0,0.12181656961950632,RENT,debt_consolidation,employed,0
Rashmi Shah,28,337120,212123,715,1.0,0.1511716154047451,MORTGAGE,home_improvement,employed,0
Vikram Mishra,38,1197825,130814,520,4.0,,RENT,other,retired,0
Arun Pillai,40,1106760,92430,553,2.0,0.11779415090193925,RENT,home_improvement,employed,0
Divya Verma,37,286656,217335,449,,0.18265585311939941,RENT,debt_consolidation,employed,1
Rekha Nair,32,584533,267024,595,0.0,0.00617415531728976,RENT,debt_consolidation,self_employed,0
Rahul Chatterjee,42,643476,104058,801,2.0,0.10438798726948802,MORTGAGE,other,employed,0
Vikram Agarwal,45,328161,226108,676,6.0,0.18020994164464868,MORTGAGE,debt_consolidation,employed,0
Dinesh Menon,26,209447,318795,530,2.0,,MORTGAGE,other,self_employed,1
Swati Mukherjee,56,439701,162608,751,0.0,0.15291576162452183,MORTGAGE,debt_consolidation,unemployed,0
Suresh Chatterjee,38,405784,117336,773,6.0,0.18587864447166313,RENT,home_improvement,employed,0
Neha Chatterjee,40,355797,170963,660,3.0,,RENT,home_improvement,unemployed,1
Neha Pillai,48,551920,130585,850,0.0,0.09569303967666071,RENT,debt_consolidation,employed,0
Rashmi Mishra,42,303955,127173,732,4.0,0.3654886786514837,RENT,home_improvement,employed,0
Amit Chakraborty,51,248699,193546,718,12.0,0.08952464272351067,OWN,business,employed,0
Rahul Jain,43,467213,85691,569,0.0,0.07394817844529258,MORTGAGE,education,employed,0
Meena Verma,32,536587,91347,712,4.0,0.2810591185442738,MORTGAGE,home_improvement,employed,1
Sanjay Jain,44,245653,164015,671,6.0,0.2213456153807076,MORTGAGE,education,employed,0
Swati Shah,26,703656,161308,701,0.0,0.25657779858695534,OWN,education,employed,0
Sneha Pillai,41,200000,186730,581,0.0,0.25948530840958367,OWN,debt_consolidation,self_employed,1
Ajay Chatterjee,39,331354,344582,662,3.0,0.24519801861612933,MORTGAGE,home_improvement,employed,1
Swati Mukherjee,37,388868,169703,568,7.0,0.3402325331777186,MORTGAGE,debt_consolidation,self_employed,1
Anjali Chakraborty,38,321865,206750,435,0.0,0.22173550936398875,OWN,debt_consolidation,employed,1
Anjali Patel,18,333523,110170,749,9.0,0.269378761775529,RENT,education,employed,0
Ramesh Banerjee,33,1127526,221277,499,5.0,0.27858584588002855,RENT,home_improvement,employed,0
Dinesh Nair,41,289108,131853,660,2.0,0.024370154408528927,MORTGAGE,business,employed,0
Swati Verma,41,1499452,167471,683,3.0,0.16647751232182156,RENT,education,self_employed,0
Ramesh Pillai,27,550489,155820,682,16.0,0.13686624953206117,OWN,debt_consolidation,employed,0
Swati Agarwal,55,463252,246025,621,1.0,0.05390240070564938,MORTGAGE,home_improvement,unemployed,1
Neha Singh,29,561361,96375,677,3.0,0.2260735095554201,MORTGAGE,business,employed,0
Shweta Jain,51,1567455,65297,697,,0.15141151816678375,RENT,debt_consolidation,employed,0
Meena Verma,45,269198,149436,723,0.0,0.15795952311102707,RENT,education,employed,0
Manish Patel,32,252657,196302,823,0.0,0.16722816345946034,MORTGAGE,debt_consolidation,employed,0
Pooja Gupta,61,303327,172975,673,0.0,0.18458263270531153,OWN,business,employed,0
Manish Singh,25,449581,266433,656,1.0,0.15774098482875393,RENT,other,employed,0
Ramesh Jain,51,200000,193871,559,0.0,0.09672866473824228,MORTGAGE,home_improvement,self_employed,1
Rajesh Chakraborty,52,447382,129892,693,8.0,0.05377656298415128,MORTGAGE,debt_consolidation,employed,0
Mukesh Nair,31,1031756,64204,716,29.0,0.21684777996666832,OWN,debt_consolidation,unemployed,1
Rekha Ghosh,56,477206,148015,630,0.0,0.11021427662673107,MORTGAGE,debt_consolidation,employed,0
Suresh Iyer,36,382183,245532,704,,,RENT,education,employed,0
Sneha Ghosh,43,324785,139132,620,0.0,0.013894270259425625,MORTGAGE,debt_consolidation,employed,0
Vikram Agarwal,43,693326,164608,717,0.0,,MORTGAGE,debt_consolidation,employed,0
Dinesh Agarwal,38,292752,192633,741,1.0,0.30113379107978827,MORTGAGE,education,self_employed,1
Geeta Verma,49,1113699,108432,739,,0.1334640327501828,MORTGAGE,debt_consolidation,self_employed,1
Ajay Nair,49,1163193,208833,661,14.0,0.22403293075717692,MORTGAGE,business,self_employed,0
Swati Patel,19,503015,313278,546,2.0,0.04024119254974982,MORTGAGE,home_improvement,employed,0
Divya Banerjee,55,439873,151884,588,3.0,0.10597971307784126,OWN,debt_consolidation,retired,0
Sneha Reddy,20,740684,103608,709,,0.1454405834280928,OWN,home_improvement,employed,0
Mukesh Shah,52,764822,158476,850,0.0,,RENT,debt_consolidation,employed,0
Meena Chakraborty,53,295671,66852,615,11.0,,OWN,other,retired,0
Sanjay Mukherjee,26,340007,186234,695,0.0,0.23752463942443192,OWN,debt_consolidation,retired,0
Naresh Singh,35,228393,195030,594,16.0,0.16874761230524749,RENT,debt_consolidation,employed,1
Vikram Iyer,26,542819,318142,552,0.0,0.0631925757904221,MORTGAGE,home_improvement,employed,0
Sunita Verma,37,617425,150602,582,4.0,0.0796251425736808,OWN,debt_consolidation,employed,0
Sanjay Kumar,36,225265,191643,441,37.0,0.07960455954045534,OWN,education,employed,0
Mukesh Kumar,49,352357,115322,785,0.0,0.27452946590631927,RENT,home_improvement,self_employed,0
Kavita Kumar,55,225567,141128,426,2.0,0.18315459913721957,OWN,debt_consolidation,employed,0
Mukesh Reddy,56,282264,88426,623,7.0,0.12029259241078527,MORTGAGE,home_improvement,employed,0
Dinesh Jain,33,582747,150555,532,0.0,0.08029800480722574,OWN,debt_consolidation,employed,0
Ramesh Menon,37,306587,144044,561,5.0,0.15840029817739537,OWN,debt_consolidation,self_employed,1
Rashmi Kumar,19,380631,183446,787,0.0,0.1175354511188447,MORTGAGE,business,employed,0
Ajay Patel,30,200000,126824,670,1.0,,OWN,other,retired,1
Suresh Iyer,51,485772,168272,553,,0.2080160994005801,OWN,home_improvement,self_employed,1
Deepak Pillai,59,432727,142435,591,11.0,0.24290428514326062,RENT,debt_consolidation,employed,0
Amit Gupta,25,307281,142543,573,0.0,0.1953004762119076,OWN,education,employed,0
Deepak Mukherjee,32,402517,168071,645,0.0,0.25473177582205014,MORTGAGE,debt_consolidation,employed,0
Shweta Patel,39,484148,165414,667,4.0,0.0418012883060505,OWN,debt_consolidation,employed,0
Mukesh Nair,43,294362,220680,839,2.0,0.18549131885444503,RENT,home_improvement,unemployed,0
Manish Chatterjee,30,211476,155087,458,2.0,0.2651172249038875,RENT,business,employed,0
Arun Chakraborty,45,1091198,141498,646,0.0,0.12557474103524466,RENT,debt_consolidation,unemployed,0
Rahul Gupta,34,322340,151399,618,,0.0244492129864071,RENT,home_improvement,employed,0
Shweta Pillai,39,421518,122288,744,4.0,0.12079928977927379,OWN,business,employed,0
Suresh Nair,46,733380,140932,685,2.0,0.23595690593777174,RENT,home_improvement,employed,0
Rekha Gupta,40,2583169,366760,709,0.0,0.27917813351612575,MORTGAGE,business,self_employed,1
Geeta Banerjee,34,237460,112975,684,4.0,0.0930502912161558,MORTGAGE,business,employed,0
Deepak Agarwal,38,553996,145588,556,7.0,0.10842404088057843,RENT,home_improvement,employed,1
Neha Agarwal,38,310588,139386,771,1.0,0.2401609476932868,MORTGAGE,debt_consolidation,employed,0
Rashmi Patel,35,337933,147433,729,0.0,0.10078355869477991,MORTGAGE,debt_consolidation,employed,0
Arun Shah,36,308628,142558,741,1.0,0.20285170125164034,MORTGAGE,other,employed,0
Arun Banerjee,59,251997,181988,776,5.0,0.09531374452820468,RENT,business,unemployed,0
Ajay Kumar,46,433373,82119,691,22.0,0.07740598872588682,MORTGAGE,education,employed,0
Ajay Chatterjee,36,211662,246438,798,0.0,0.09234650486119303,MORTGAGE,other,employed,0
Geeta Reddy,48,710272,209616,687,1.0,0.056435610486325595,MORTGAGE,education,employed,0
Naresh Verma,35,454749,98997,628,0.0,0.21786345859335068,MORTGAGE,business,employed,0
Priya Singh,54,546460,65668,649,1.0,0.01794218989992099,RENT,business,self_employed,0
Suresh Pillai,44,350426,110102,647,2.0,0.09320801355775694,RENT,debt_consolidation,self_employed,0
Rahul Singh,38,368206,147699,598,12.0,0.1904627471217668,MORTGAGE,other,self_employed,0
Sunita Mishra,45,510824,456852,813,0.0,0.22733222536767472,RENT,home_improvement,self_employed,0
Manish Pillai,21,247205,202258,679,7.0,0.2627274414321615,RENT,debt_consolidation,employed,1
Rahul Iyer,26,369906,78981,659,2.0,0.07464814142021527,RENT,debt_consolidation,retired,0
Rajesh Kumar,25,287849,123517,688,8.0,0.28458060288236425,MORTGAGE,education,employed,0
Naresh Shah,41,283428,159327,850,3.0,0.23306394731603175,OWN,debt_consolidation,self_employed,0
Sneha Patel,60,200000,180137,536,0.0,0.24036608197086362,MORTGAGE,debt_consolidation,employed,0
Amit Nair,66,864289,96191,565,14.0,0.4107637700227798,MORTGAGE,home_improvement,employed,1
Sanjay Gupta,47,313868,154199,511,0.0,0.1691523510098595,OWN,education,employed,0
Pooja Mishra,46,791502,122142,626,4.0,0.19809762553624052,MORTGAGE,home_improvement,employed,1
Priya Menon,18,754941,104662,674,10.0,0.2164975726448033,OWN,education,employed,1
Suresh Shah,33,232582,180563,603,0.0,0.09904871547265534,RENT,education,employed,0
Shweta Jain,30,256733,221804,596,4.0,0.40621422842831817,MORTGAGE,other,employed,1
Neha Gupta,32,1591601,227844,664,8.0,0.1320596201608533,OWN,business,self_employed,0
Mukesh Singh,37,1061786,204792,599,21.0,0.2065742998524423,OWN,business,employed,1
Rahul Agarwal,34,435495,133392,681,6.0,0.09150791707339402,RENT,debt_consolidation,employed,0
Rashmi Gupta,18,503171,216602,761,1.0,0.02638134353502534,MORTGAGE,debt_consolidation,self_employed,0
Vikram Chakraborty,48,322731,184171,717,6.0,0.22680164500263744,OWN,home_improvement,employed,0
Kavita Mukherjee,27,549177,171712,738,6.0,0.1988388003418027,RENT,debt_consolidation,employed,0
Anita Pillai,42,309096,127430,758,6.0,0.043972661447122786,MORTGAGE,home_improvement,retired,0
Rahul Sharma,64,200000,133418,678,9.0,0.13454196678366867,RENT,debt_consolidation,employed,0
Mukesh Reddy,28,228484,167636,634,0.0,0.046741140282714595,OWN,debt_consolidation,employed,0
Dinesh Singh,18,447103,431900,572,0.0,0.10062592717032262,MORTGAGE,other,employed,1
Rekha Iyer,36,251315,183596,610,5.0,0.15507971540443324,MORTGAGE,business,self_employed,1
Mukesh Kumar,53,427778,127455,597,15.0,0.054830877117598896,MORTGAGE,business,employed,0
Rashmi Gupta,63,258504,116662,723,,0.06635832082505823,MORTGAGE,home_improvement,employed,0
Kavita Menon,25,299186,133691,684,16.0,0.21582311264719933,RENT,home_improvement,employed,1
Amit Singh,45,677783,388837,719,13.0,0.1434330138744786,MORTGAGE,debt_consolidation,employed,0
Anjali Reddy,34,500688,138731,533,11.0,0.3340979685389633,RENT,home_improvement,employed,1
Pooja Shah,38,440280,233923,793,12.0,0.25080538564919824,RENT,business,employed,0
Vikram Menon,71,686582,140032,607,11.0,0.11542233397930415,RENT,debt_consolidation,employed,1
Ramesh Kumar,21,562588,180678,539,8.0,0.43769997523526494,MORTGAGE,debt_consolidation,employed,1
Suresh Kumar,43,911896,223395,606,5.0,0.3312746593359408,OWN,home_improvement,self_employed,1
Amit Mukherjee,45,351537,129474,850,0.0,0.17584087301005585,RENT,home_improvement,employed,0
Ajay Sharma,53,356889,125939,611,0.0,0.07813631395489361,RENT,education,employed,0
Divya Mishra,41,230831,316015,617,0.0,0.23679758149440297,RENT,education,employed,1
Manish Nair,43,357006,241309,630,0.0,0.2411510161735871,MORTGAGE,debt_consolidation,employed,1
Shweta Agarwal,35,716680,223299,635,0.0,,RENT,home_improvement,employed,0
Suresh Kumar,43,847455,222996,571,12.0,0.1746361115593856,OWN,other,employed,0
Sunita Iyer,35,715082,195600,664,5.0,0.14260356946595976,MORTGAGE,education,employed,0
Divya Pillai,47,200000,364802,757,1.0,0.29075489234531826,MORTGAGE,debt_consolidation,employed,1
Rekha Agarwal,35,760379,165638,681,7.0,0.2604803614582944,MORTGAGE,debt_consolidation,self_employed,1
Amit Singh,44,200000,205028,538,3.0,0.15419842460569363,RENT,debt_consolidation,employed,0
Vikram Singh,39,693189,91092,615,0.0,0.24539632360795055,RENT,business,employed,0
Ajay Menon,53,368099,117010,594,10.0,0.12138414606836216,MORTGAGE,debt_consolidation,employed,0
Pooja Iyer,39,628610,100676,655,2.0,0.09541835261486042,MORTGAGE,home_improvement,unemployed,1
Arun Kumar,18,227243,270932,783,6.0,0.14761901495458968,OWN,education,employed,0
Kavita Patel,55,794591,58628,635,1.0,0.34329826575701144,MORTGAGE,education,unemployed,1
Suresh Gupta,29,212673,138562,641,3.0,0.06315237432425741,OWN,debt_consolidation,employed,0
Kavita Banerjee,32,316719,50000,827,8.0,0.18289470411805006,RENT,debt_consolidation,employed,0
Divya Ghosh,32,268593,116714,737,0.0,0.11516712534387476,OWN,education,employed,0
Shweta Ghosh,56,200000,133735,707,18.0,0.23368451156091308,RENT,home_improvement,employed,0
Meena Sharma,18,463825,283211,845,0.0,0.01768175116799885,OWN,education,employed,0
Rekha Shah,77,1091479,190737,698,3.0,0.08868495959863613,RENT,debt_consolidation,self_employed,0
Rajesh Mukherjee,52,1678569,116627,451,12.0,0.16284551526919464,RENT,other,employed,0
Divya Mukherjee,42,464435,249293,733,14.0,0.02336403557524395,MORTGAGE,home_improvement,employed,0
Rajesh Menon,39,773236,163919,490,1.0,0.411179543102901,RENT,debt_consolidation,employed,1
Meena Verma,43,496851,165218,695,0.0,0.3002931070640822,RENT,home_improvement,unemployed,1
Geeta Jain,46,567752,100602,478,6.0,0.09990657751636198,MORTGAGE,other,employed,0
Rashmi Menon,47,372847,109534,603,0.0,0.07370561731780044,OWN,home_improvement,employed,1
Anjali Jain,46,487740,117003,613,3.0,0.034174679259911495,OWN,debt_consolidation,employed,0
Rashmi Ghosh,41,578815,165807,572,7.0,0.1430006550210703,MORTGAGE,business,employed,0
Amit Mukherjee,37,331296,167905,615,4.0,0.22033474122965782,OWN,education,unemployed,0
Naresh Sharma,38,425598,301835,753,,0.09848016660066113,RENT,debt_consolidation,employed,0
Pooja Reddy,37,429675,189856,578,3.0,0.03091291040558428,OWN,debt_consolidation,employed,0
Vikram Menon,53,668774,55103,704,12.0,0.16355668656138986,MORTGAGE,debt_consolidation,employed,0
Rekha Chakraborty,47,259622,180783,553,4.0,0.09383298697183315,MORTGAGE,debt_consolidation,employed,1
Neha Nair,18,431157,91125,631,6.0,0.13727822304141596,RENT,debt_consolidation,employed,1
Swati Mishra,47,1150840,110592,682,2.0,0.1331074506072781,RENT,home_improvement,employed,0
Ramesh Chatterjee,42,791773,117610,550,1.0,0.13575530896510332,RENT,business,unemployed,1
Ramesh Gupta,39,868557,124824,518,1.0,0.2918741048530959,OWN,education,self_employed,1
Rahul Chakraborty,35,447851,93895,699,3.0,0.2970340422410881,RENT,business,self_employed,0
Amit Sharma,53,519435,176555,762,1.0,0.3268109366627168,MORTGAGE,debt_consolidation,self_employed,1
Sanjay Agarwal,51,730232,92566,642,3.0,0.15647976178942816,MORTGAGE,education,employed,0
Priya Verma,30,965235,187712,604,6.0,0.03625596682439705,MORTGAGE,business,employed,0
Geeta Menon,44,200000,398231,665,6.0,0.18490030315377212,MORTGAGE,other,self_employed,1
Vijay Shah,28,229183,95631,655,0.0,0.286733205808383,RENT,home_improvement,employed,1
Suresh Mukherjee,23,851472,145247,674,6.0,0.21590006782832946,MORTGAGE,debt_consolidation,employed,0
Ramesh Iyer,32,385214,59314,397,5.0,0.1859222981156122,MORTGAGE,business,self_employed,1
Neha Menon,50,316202,144296,543,0.0,0.2821510328968061,RENT,debt_consolidation,unemployed,1
Amit Banerjee,51,236314,210467,565,0.0,0.26785963919789085,RENT,other,employed,0
Swati Ghosh,46,335203,217130,665,5.0,0.2741735174509462,OWN,education,employed,1
Vikram Patel,48,219435,167870,668,2.0,0.16449937295479874,MORTGAGE,education,employed,0
Amit Shah,46,1258646,232281,713,0.0,0.2708820881358603,MORTGAGE,business,employed,0
Amit Mukherjee,32,437478,450638,675,,,MORTGAGE,debt_consolidation,self_employed,0
Sunita Agarwal,45,429778,322843,519,0.0,0.25461858860039543,MORTGAGE,home_improvement,employed,1
Geeta Kumar,49,593645,132057,794,15.0,,RENT,business,employed,0
Swati Reddy,49,715811,91085,777,6.0,0.12878035974959634,MORTGAGE,debt_consolidation,retired,0
Deepak Chakraborty,54,709945,138349,524,3.0,0.10794278102326996,MORTGAGE,business,employed,0
Suresh Gupta,48,756767,111436,683,14.0,0.05101631986594834,RENT,education,employed,0
Meena Iyer,44,322731,194957,590,4.0,0.09191316415968369,MORTGAGE,debt_consolidation,employed,0
Shweta Jain,52,381195,101470,663,6.0,0.2396733660470573,OWN,debt_consolidation,unemployed,1
Priya Jain,39,649862,158082,755,1.0,0.2995289598236555,MORTGAGE,other,self_employed,0
Amit Iyer,29,339865,227568,850,4.0,0.10297523243923021,OWN,debt_consolidation,employed,0
Anjali Pillai,38,441285,156329,725,0.0,0.053406381881580645,MORTGAGE,debt_consolidation,employed,1
Divya Ghosh,31,540031,111465,679,2.0,0.21004525855412814,RENT,home_improvement,retired,0
Priya Shah,31,655132,260387,616,0.0,0.16022785775131823,OWN,business,employed,1
Anita Mishra,38,200000,76757,668,1.0,0.0478644284152272,RENT,other,employed,0
Anjali Sharma,30,632460,142754,785,0.0,0.12044099791552841,RENT,home_improvement,employed,0
Mukesh Kumar,36,393618,160065,645,2.0,0.30690815490681467,RENT,other,employed,0
Mukesh Sharma,18,630159,163793,561,9.0,0.09574404821067985,OWN,home_improvement,employed,1
Sneha Chatterjee,42,652434,174940,488,2.0,0.22921063627521626,MORTGAGE,business,unemployed,0
Pooja Mukherjee,40,988513,207767,701,8.0,0.10430960526778132,OWN,debt_consolidation,employed,0
Vijay Patel,30,870416,160465,674,5.0,0.22552633644580872,OWN,home_improvement,self_employed,1
Sneha Nair,47,867426,140473,585,3.0,0.29241886622339763,MORTGAGE,other,self_employed,1
Vikram Patel,51,910578,138270,752,1.0,0.18383418278711552,MORTGAGE,debt_consolidation,employed,0
Shweta Singh,20,511800,127439,607,12.0,0.04156724705292111,RENT,debt_consolidation,retired,0
Ramesh Sharma,30,449590,223020,636,0.0,0.25373796968585827,RENT,home_improvement,employed,0
Arun Iyer,30,684475,125666,648,5.0,0.18233126262536134,RENT,home_improvement,employed,0
Sanjay Mukherjee,28,637966,228366,614,4.0,0.3387249722723341,RENT,debt_consolidation,employed,1
Amit Patel,49,379066,163996,673,2.0,0.06168803291954397,RENT,other,employed,0
Mukesh Chakraborty,37,541669,132124,765,1.0,0.14333473160463325,MORTGAGE,business,employed,0
Suresh Gupta,36,434717,208430,535,2.0,0.42337667208469765,RENT,debt_consolidation,employed,1
Rashmi Pillai,18,288668,121664,698,10.0,0.09138646198541123,OWN,other,employed,0
Vijay Nair,47,843428,210086,667,9.0,0.05433754340138229,OWN,debt_consolidation,employed,0
Priya Chatterjee,25,454793,177209,665,14.0,0.20043066635885373,OWN,education,self_employed,0
Rekha Chakraborty,40,1232252,128215,737,1.0,0.20603316726542967,MORTGAGE,debt_consolidation,self_employed,0
Sneha Nair,43,200000,201079,654,,0.10100642193598303,MORTGAGE,debt_consolidation,employed,0
Sneha Patel,56,334907,202528,698,0.0,0.26782600987405186,MORTGAGE,home_improvement,self_employed,1
Ramesh Singh,24,449692,258592,721,14.0,0.1716774562185386,OWN,business,employed,0
Naresh Chakraborty,18,781281,239535,599,1.0,0.19704401491437532,MORTGAGE,business,employed,1
Anita Singh,42,540221,198096,679,2.0,0.21304934744449625,MORTGAGE,debt_consolidation,employed,0
Kavita Mukherjee,61,516709,103669,624,11.0,0.21188718774975812,OWN,debt_consolidation,self_employed,0
Rahul Verma,54,251794,433407,636,3.0,0.2748560616294741,MORTGAGE,business,self_employed,1
Rekha Sharma,42,248085,92832,617,4.0,0.24169050026320937,OWN,other,employed,0
Kavita Verma,34,519827,237923,697,0.0,0.03837813471126055,MORTGAGE,business,employed,0
Rashmi Nair,49,223674,193399,658,3.0,0.11462857586175926,RENT,debt_consolidation,employed,0
Deepak Kumar,28,339103,101757,689,12.0,0.21623264301482203,OWN,home_improvement,self_employed,0
Sneha Verma,45,568330,154860,648,4.0,0.12091091612370632,OWN,business,unemployed,1
Swati Iyer,46,270719,157707,489,1.0,0.13249342699618932,MORTGAGE,debt_consolidation,employed,1
Kavita Reddy,52,987249,274370,653,0.0,0.25458988561893986,RENT,home_improvement,employed,0
Kavita Iyer,73,815835,122354,656,2.0,0.12651453507822838,OWN,home_improvement,employed,0
Sunita Reddy,44,201650,146564,674,4.0,0.1469761581519706,MORTGAGE,debt_consolidation,retired,1
Sanjay Gupta,33,277566,63931,590,,0.15570310990892258,MORTGAGE,business,unemployed,1
Ajay Nair,39,200000,325756,530,4.0,0.20715828856966348,OWN,business,retired,1
Anjali Mukherjee,18,299151,106065,712,3.0,0.39186935370053094,OWN,other,employed,0
Anita Verma,31,649004,185491,622,7.0,0.17461453040129024,MORTGAGE,home_improvement,employed,1
Sneha Jain,35,359709,156285,667,0.0,0.14028128072405058,MORTGAGE,home_improvement,unemployed,1
Geeta Mukherjee,33,557043,156498,621,7.0,0.08382818563181522,MORTGAGE,debt_consolidation,unemployed,1
Priya Menon,41,206660,225020,649,3.0,0.20484473109457013,MORTGAGE,home_improvement,employed,0
Amit Pillai,30,659335,317586,605,2.0,0.10256114668334608,RENT,debt_consolidation,self_employed,1
Rekha Shah,53,335187,179979,553,16.0,0.11440871673450335,MORTGAGE,debt_consolidation,unemployed,1
Ramesh Shah,40,445113,211510,697,,0.2848511982818775,RENT,debt_consolidation,unemployed,1
Arun Gupta,39,422338,185638,589,3.0,0.13672338397433423,OWN,business,self_employed,0
Swati Pillai,36,234269,244510,666,1.0,0.4401315829261337,OWN,business,employed,1
Rahul Nair,41,248564,135243,691,3.0,0.331228645192102,MORTGAGE,education,self_employed,1
Rajesh Shah,49,717764,250235,591,4.0,0.10601287142085539,RENT,home_improvement,employed,0
Ajay Shah,29,540092,253774,529,0.0,0.2876347005330454,MORTGAGE,home_improvement,employed,1
Shweta Ghosh,32,747899,250951,850,5.0,0.13106870189674757,RENT,debt_consolidation,employed,0
Kavita Pillai,36,520387,124983,597,5.0,0.06060773182912138,MORTGAGE,education,employed,0
Pooja Chakraborty,23,475202,152156,712,7.0,0.14316655158731176,OWN,debt_consolidation,employed,0
Rashmi Agarwal,30,200000,179115,843,0.0,0.28621041952160686,MORTGAGE,home_improvement,employed,0
Shweta Banerjee,34,386472,94057,728,1.0,0.10263724169646375,MORTGAGE,debt_consolidation,employed,0
Ramesh Jain,50,436397,308034,619,5.0,0.13299257437096063,RENT,education,employed,0
Vikram Sharma,43,1174735,161957,643,0.0,0.16122172130802628,MORTGAGE,business,employed,0
Sunita Iyer,42,623733,182329,566,5.0,0.22600489220726058,MORTGAGE,education,self_employed,1
Rahul Jain,50,953629,129210,738,,0.05560503567766883,OWN,debt_consolidation,employed,0
Swati Nair,38,596460,95726,706,2.0,0.27539064169651145,OWN,business,self_employed,0
Suresh Sharma,44,310006,127821,598,9.0,0.09656356820735067,MORTGAGE,business,employed,0
Arun Sharma,38,469095,177669,545,7.0,0.31571353721370515,RENT,debt_consolidation,employed,0
Ramesh Menon,43,497878,213069,517,5.0,0.23017456640067202,OWN,debt_consolidation,employed,0
Rekha Shah,33,276626,173636,748,10.0,,MORTGAGE,debt_consolidation,self_employed,0
Anjali Agarwal,18,365056,186967,662,6.0,0.10783420171628395,RENT,business,employed,0
Vijay Jain,38,399159,142228,671,3.0,0.12905728308180064,MORTGAGE,debt_consolidation,employed,1
Neha Chatterjee,57,987379,198491,567,19.0,0.20928217583929629,OWN,debt_consolidation,self_employed,0
Priya Kumar,51,200000,294529,503,5.0,0.26907329885322917,RENT,debt_consolidation,employed,1
Mukesh Patel,51,808478,215758,746,4.0,0.15355037837093904,MORTGAGE,home_improvement,employed,0
Amit Verma,54,276952,224991,654,2.0,0.3048764595343437,MORTGAGE,debt_consolidation,employed,1
Sunita Jain,41,222784,183066,740,11.0,0.07799966524618623,OWN,education,employed,0
Naresh Mukherjee,42,798085,89209,611,1.0,0.1364689006403918,RENT,debt_consolidation,employed,0
Neha Nair,32,637907,107165,626,0.0,0.19718786116061407,RENT,debt_consolidation,retired,1
Manish Gupta,36,828406,195233,721,1.0,0.12906046812628638,MORTGAGE,business,employed,0
Ajay Singh,47,660234,162044,723,0.0,0.029860241112340022,RENT,other,employed,0
Vijay Kumar,54,1239133,194062,729,1.0,0.09962345831087299,RENT,other,employed,0
Suresh Menon,38,584996,318242,620,8.0,0.10932870179539775,MORTGAGE,debt_consolidation,employed,1
Amit Chakraborty,34,409118,217600,711,5.0,0.16382929139216587,MORTGAGE,debt_consolidation,retired,0
Ajay Verma,40,525162,269292,760,0.0,0.14433620053602558,MORTGAGE,home_improvement,retired,1
Neha Kumar,47,823842,169036,639,7.0,0.15825296168226813,RENT,debt_consolidation,self_employed,1
Kavita Shah,22,299632,117843,598,3.0,0.09369524870147325,RENT,home_improvement,employed,0
Sanjay Reddy,18,319354,159030,784,3.0,0.21627595103636002,RENT,home_improvement,unemployed,1
Sunita Menon,33,379086,117959,584,2.0,0.07090169966164275,MORTGAGE,business,employed,0
Mukesh Reddy,25,200000,303554,712,9.0,0.23516532326694595,OWN,other,employed,1
Arun Pillai,33,474036,223274,644,1.0,0.36522335458077615,RENT,debt_consolidation,employed,1
Sanjay Jain,38,200000,200426,465,0.0,0.28758652486301917,RENT,business,employed,0
Amit Agarwal,34,454307,266832,762,1.0,0.07641954969679624,MORTGAGE,home_improvement,unemployed,1
Vikram Chakraborty,57,681904,72546,374,6.0,0.16426512601763765,MORTGAGE,home_improvement,retired,1
Anjali Kumar,43,348558,205922,451,5.0,0.26267925581211843,MORTGAGE,business,unemployed,1
Anjali Mishra,43,1023315,96349,702,1.0,0.1579029079792071,RENT,other,employed,0
Manish Pillai,47,213149,162283,702,0.0,0.33163100917431704,MORTGAGE,other,employed,1
Arun Iyer,26,802614,143676,586,5.0,0.1531531620769526,OWN,business,retired,0
Anjali Banerjee,52,620058,212074,664,5.0,0.24207174626890526,OWN,home_improvement,employed,0
Pooja Agarwal,39,200000,178309,396,2.0,0.12611503884271172,MORTGAGE,home_improvement,employed,1
Manish Shah,48,1715812,278743,720,9.0,0.2093606963805173,RENT,education,employed,0
Manish Patel,27,428534,127930,674,19.0,0.12634258699001163,OWN,debt_consolidation,employed,1
Rekha Singh,21,285289,216132,645,1.0,0.12044059861104406,MORTGAGE,business,unemployed,1
Amit Mishra,49,218918,173666,652,4.0,0.27907384670434227,RENT,home_improvement,employed,0
Geeta Shah,44,396325,84616,699,0.0,0.017448440944917952,OWN,business,employed,0
Dinesh Ghosh,29,415109,112707,647,,0.03515531920227042,MORTGAGE,debt_consolidation,employed,0
Priya Agarwal,29,465712,153284,462,2.0,0.05173803188093428,RENT,business,employed,0
Dinesh Reddy,53,381208,253956,850,1.0,0.3309390561706185,OWN,business,employed,0
Vikram Gupta,25,607199,195925,770,6.0,0.08025349809819766,MORTGAGE,debt_consolidation,employed,0
Mukesh Jain,59,364464,102027,521,8.0,0.4707244559513553,OWN,home_improvement,retired,1
Pooja Menon,29,200000,153871,615,0.0,0.04005882038369256,OWN,business,self_employed,1
Vijay Verma,47,410577,364806,626,0.0,0.02950328151914065,RENT,other,employed,0
Anita Shah,36,200000,170159,757,2.0,0.10517054116232576,RENT,debt_consolidation,self_employed,1
Sanjay Mishra,47,528017,142781,434,4.0,0.15044827004975705,MORTGAGE,debt_consolidation,self_employed,1
Rahul Menon,33,271128,198133,600,7.0,0.21697088259600988,MORTGAGE,debt_consolidation,employed,1
Rekha Pillai,38,480066,220876,473,3.0,0.10129750512888348,RENT,other,employed,0
Swati Banerjee,40,853445,135609,621,4.0,0.3340918238623876,OWN,education,unemployed,1
Kavita Singh,27,275302,198993,602,8.0,0.27163061607428834,OWN,business,employed,0
Manish Singh,48,752102,142692,657,3.0,0.124360770345814,RENT,debt_consolidation,employed,0
Geeta Kumar,33,356220,217017,589,4.0,0.25191975512261855,MORTGAGE,home_improvement,self_employed,1
Anjali Sharma,37,1062991,174185,574,3.0,0.13086388765092508,RENT,education,employed,0
Priya Jain,28,368583,197360,711,10.0,0.1006750451049679,MORTGAGE,other,self_employed,0
Vikram Agarwal,18,290614,120129,695,1.0,0.24388226008436353,RENT,home_improvement,self_employed,0
Dinesh Menon,37,623821,117182,705,1.0,0.11843851530116269,MORTGAGE,other,self_employed,1
Pooja Gupta,68,355793,237565,632,0.0,0.22002008414773025,OWN,debt_consolidation,employed,1
Ajay Chakraborty,49,290475,157667,592,,0.15012242946570006,MORTGAGE,home_improvement,retired,0
Sanjay Gupta,39,348390,182410,638,2.0,0.2747363647539173,MORTGAGE,other,employed,0
Rahul Gupta,36,432655,143981,700,2.0,0.19751839949092584,RENT,business,self_employed,0
Rajesh Pillai,40,865523,233162,432,19.0,0.23550785871124114,MORTGAGE,education,employed,1
Geeta Kumar,46,200000,127628,689,13.0,0.14632680217966582,MORTGAGE,other,employed,0
Amit Reddy,25,447548,154162,680,17.0,0.30332680584858873,OWN,home_improvement,employed,0
Anjali Verma,53,604678,222881,656,,0.09591792722391561,OWN,debt_consolidation,employed,0
Manish Verma,48,487343,260195,635,11.0,0.24275184917226592,RENT,business,employed,0
Sneha Chakraborty,48,851651,131991,393,1.0,0.043469823194281484,RENT,business,employed,0
Neha Menon,45,426269,356423,606,0.0,0.2131309891946055,OWN,education,employed,1
Rashmi Sharma,40,403416,184480,828,2.0,0.2156751101629803,RENT,home_improvement,employed,0
Deepak Iyer,48,594909,107240,651,3.0,0.35919913378506996,MORTGAGE,education,employed,1
Sneha Nair,47,464936,188644,619,0.0,0.23724668798100584,MORTGAGE,other,employed,0
Rajesh Mishra,35,363958,139636,651,3.0,0.07011508799140585,OWN,education,employed,0
Sanjay Patel,33,572674,193615,685,8.0,0.16664630626843005,RENT,education,unemployed,1
Manish Kumar,41,319251,159988,715,,0.10590685234289297,MORTGAGE,business,employed,0
Priya Ghosh,58,325921,167662,627,2.0,0.09081535612066272,RENT,home_improvement,employed,0
Divya Ghosh,25,339762,113024,692,2.0,0.14934600212186097,MORTGAGE,other,employed,0
Kavita Shah,22,870248,241838,817,12.0,0.00937131296019784,RENT,business,employed,0
Rashmi Iyer,41,200000,102492,750,0.0,0.3614469007070406,MORTGAGE,education,employed,0
Naresh Banerjee,40,539177,104453,850,2.0,0.1969774375804182,OWN,home_improvement,employed,0
Rashmi Verma,42,450059,188517,584,1.0,0.07175104947847234,MORTGAGE,business,employed,0
Amit Patel,42,200000,309012,817,11.0,0.1062596531718626,RENT,business,employed,1
Deepak Kumar,37,516516,141345,570,0.0,0.15451020242202435,RENT,education,employed,0
Neha Agarwal,57,561224,215429,685,2.0,0.08893887704551086,RENT,home_improvement,employed,0
Suresh Mukherjee,20,594109,250029,723,2.0,0.09980152269778494,OWN,home_improvement,employed,0
Kavita Banerjee,30,200000,225454,598,10.0,0.16823249095285003,RENT,debt_consolidation,employed,1
Geeta Sharma,38,876064,143704,658,1.0,0.31049929216397526,RENT,home_improvement,self_employed,1
Deepak Nair,20,305936,105196,741,5.0,0.2818803580773319,RENT,debt_consolidation,employed,0
Rashmi Banerjee,37,623612,67304,578,0.0,0.2419282055818114,MORTGAGE,home_improvement,unemployed,1
Geeta Chatterjee,59,640841,146512,816,15.0,0.06973264961947497,OWN,other,unemployed,0
Pooja Chakraborty,40,285401,260728,511,4.0,0.1073353148072052,MORTGAGE,other,unemployed,1
Vijay Reddy,42,615524,103811,843,,0.222628824073494,OWN,business,employed,0
Deepak Patel,24,364854,215363,750,2.0,0.09523829833557955,RENT,debt_consolidation,employed,0
Sneha Sharma,32,200000,111294,641,2.0,0.19504301024019907,MORTGAGE,home_improvement,employed,0
Arun Ghosh,35,793231,169808,609,1.0,0.024363399489129727,OWN,business,unemployed,0
Kavita Sharma,36,300282,216017,599,4.0,0.20618698515903663,MORTGAGE,home_improvement,employed,0
Naresh Patel,55,288587,125016,636,15.0,0.36868871474998205,MORTGAGE,debt_consolidation,employed,0
Priya Chatterjee,46,361662,174240,645,2.0,0.30476410059492737,OWN,debt_consolidation,employed,1
Vijay Nair,26,506925,137855,775,10.0,0.3004213677492413,OWN,home_improvement,employed,0
Ramesh Chakraborty,42,429924,215789,846,0.0,0.23828892333559637,MORTGAGE,debt_consolidation,self_employed,0
Kavita Mishra,45,581888,178818,669,13.0,0.18866959426270508,MORTGAGE,debt_consolidation,employed,0
Anjali Jain,53,226444,166475,565,2.0,,OWN,other,employed,1
Anita Jain,58,305225,303561,595,2.0,0.10093522129476014,RENT,education,employed,0
Sanjay Banerjee,27,417483,212123,631,3.0,0.23496744052287352,MORTGAGE,debt_consolidation,employed,1
Dinesh Verma,30,1142744,123483,546,6.0,0.2669366511386556,OWN,debt_consolidation,employed,0
Ramesh Jain,24,417940,157259,532,,0.09960088047291452,RENT,home_improvement,employed,0
Ajay Menon,37,761169,157887,850,3.0,0.15581879961269154,MORTGAGE,debt_consolidation,self_employed,0
Pooja Mishra,45,451024,168068,680,3.0,0.15571651026181418,MORTGAGE,business,self_employed,0
Sneha Jain,51,347378,446772,566,0.0,0.28680723940308056,RENT,home_improvement,employed,0
Ajay Reddy,39,391068,188780,731,1.0,0.15147550921072014,RENT,home_improvement,unemployed,1
Geeta Nair,36,406683,72087,532,2.0,0.11924005816174754,MORTGAGE,debt_consolidation,employed,1
Sunita Chakraborty,41,598285,130990,540,4.0,0.28602718122667076,RENT,debt_consolidation,employed,0
Rahul Nair,29,879673,75135,569,4.0,0.3688644814632876,RENT,other,employed,1
Ajay Chakraborty,65,529580,142640,815,6.0,0.34000768263463665,MORTGAGE,education,employed,0
Vikram Chakraborty,20,800938,73502,624,6.0,0.04555225857693656,OWN,other,employed,0
Rajesh Chatterjee,42,273103,114847,405,1.0,0.26191390979237644,MORTGAGE,business,employed,1
Swati Shah,64,359577,88584,771,7.0,0.046924459748301096,MORTGAGE,business,employed,0
Sneha Chatterjee,40,307998,189788,619,0.0,0.2962895959142092,MORTGAGE,debt_consolidation,employed,1
Priya Gupta,37,517736,162789,465,6.0,0.33280299276429576,MORTGAGE,business,employed,1
Priya Jain,35,369727,183723,618,0.0,0.1689632896140494,OWN,other,employed,0
Divya Jain,37,637230,156088,702,6.0,0.06452106698630466,MORTGAGE,debt_consolidation,employed,0
Rahul Mukherjee,56,277756,93179,690,3.0,0.2644583343726628,MORTGAGE,home_improvement,employed,0
Rashmi Sharma,18,452035,199867,829,,0.04312957464596458,MORTGAGE,debt_consolidation,retired,0
Arun Ghosh,58,623702,351122,564,5.0,0.05331406990759748,MORTGAGE,education,self_employed,1
Rajesh Kumar,22,200000,191699,654,0.0,0.30781686739335223,MORTGAGE,business,employed,0
Arun Mishra,36,1278011,137259,580,1.0,0.06313080342693723,RENT,other,employed,0
Sunita Reddy,34,384010,91929,495,4.0,0.3901865546515127,RENT,debt_consolidation,employed,0
Priya Sharma,47,200000,113184,738,9.0,0.30409636576911203,RENT,other,self_employed,1
Vikram Chakraborty,20,478804,195089,696,2.0,0.12004395698547457,RENT,debt_consolidation,employed,1
Mukesh Kumar,45,449873,250007,678,1.0,0.04429512161272312,RENT,debt_consolidation,employed,0
Ramesh Singh,64,424663,180655,692,3.0,0.06948069533376741,RENT,debt_consolidation,self_employed,0
Rekha Mukherjee,23,726210,224124,581,4.0,0.289505930834372,MORTGAGE,debt_consolidation,employed,1
Rekha Nair,42,642885,216008,549,,0.44753423522354074,RENT,debt_consolidation,employed,1
Amit Nair,32,513465,199309,653,10.0,0.11135576539656743,OWN,home_improvement,self_employed,0
Mukesh Menon,45,554087,125067,766,3.0,0.3359531122409867,MORTGAGE,education,self_employed,0
Ajay Singh,40,419920,174480,810,0.0,0.21063988262401942,RENT,other,employed,0
Arun Shah,32,1074907,115919,729,1.0,0.18093882039471476,RENT,business,unemployed,1
Arun Kumar,45,211166,163893,652,2.0,0.21437601406556156,RENT,debt_consolidation,employed,0
Sneha Iyer,61,474409,185785,676,,0.2072551735187081,RENT,debt_consolidation,employed,0
Geeta Chatterjee,37,457033,318543,651,1.0,0.07190443934903985,MORTGAGE,home_improvement,employed,0
Suresh Reddy,48,664400,96385,547,,0.22604884008119414,MORTGAGE,education,employed,0
Sneha Banerjee,24,290126,197324,652,1.0,0.2547647640487037,MORTGAGE,business,employed,1
Mukesh Ghosh,28,200000,294341,516,,0.08281987965511237,MORTGAGE,business,employed,0
Geeta Nair,45,478500,220474,637,0.0,0.32709590246116244,RENT,debt_consolidation,unemployed,1
Kavita Chakraborty,57,509209,227107,813,10.0,0.16394520251018052,MORTGAGE,home_improvement,employed,0
Dinesh Mishra,44,931731,205886,732,7.0,0.03155308370328754,MORTGAGE,business,employed,0
Deepak Shah,36,234408,273575,557,1.0,0.07027665469001698,MORTGAGE,business,employed,0
Shweta Shah,39,788073,105346,642,13.0,0.06398061536993012,RENT,debt_consolidation,employed,0
Vikram Mishra,24,1445126,93491,566,1.0,0.11524656657869717,OWN,debt_consolidation,employed,0
Shweta Sharma,47,366266,162342,643,5.0,0.27928208372838764,RENT,other,employed,1
Mukesh Chakraborty,50,232008,68564,754,8.0,0.24299944377364424,RENT,home_improvement,employed,0
Deepak Chakraborty,34,360956,266267,715,6.0,0.039270578071326494,MORTGAGE,education,employed,0
Priya Mishra,34,445522,265212,850,12.0,0.06000705325925648,RENT,debt_consolidation,self_employed,0
Divya Reddy,43,586480,136852,769,9.0,0.43596805162862856,OWN,business,unemployed,1
Sunita Ghosh,34,329161,140321,670,26.0,0.021958545055603133,MORTGAGE,home_improvement,employed,0
Kavita Chakraborty,39,962798,158112,717,1.0,0.1901141871082199,RENT,debt_consolidation,employed,0
Anjali Chatterjee,65,253402,166176,629,1.0,0.02150957118322297,RENT,home_improvement,employed,0
Vikram Reddy,37,200000,171248,537,5.0,0.06471252808655373,MORTGAGE,home_improvement,employed,0
Shweta Gupta,35,769391,203473,780,6.0,0.35160127351172804,MORTGAGE,debt_consolidation,employed,0
Kavita Nair,32,200000,151895,750,3.0,0.1741623004354948,MORTGAGE,debt_consolidation,self_employed,0
Arun Mishra,48,399486,237346,625,0.0,,MORTGAGE,business,employed,0
Suresh Gupta,37,2102926,194537,677,,0.08578995401354604,RENT,home_improvement,unemployed,0
Dinesh Reddy,32,439757,127671,774,16.0,0.05571051226021163,RENT,debt_consolidation,employed,0
Manish Sharma,55,252613,277630,734,2.0,0.29328504618887513,RENT,education,employed,1
Sanjay Agarwal,57,429897,94532,503,,0.11348810599550695,OWN,education,retired,0
Kavita Gupta,32,431317,156863,674,0.0,0.16476038365126458,OWN,other,employed,0
Pooja Patel,18,479416,239609,633,1.0,0.1695219384271639,RENT,business,self_employed,1
Geeta Singh,52,616079,121877,761,6.0,0.31522114151557523,RENT,debt_consolidation,employed,0
Shweta Sharma,31,263140,184208,753,12.0,0.2641908576579065,MORTGAGE,other,self_employed,1
Priya Menon,49,1028666,202265,781,0.0,0.3417599096099779,OWN,debt_consolidation,employed,1
Manish Iyer,18,500096,115357,538,4.0,0.07343208011375167,MORTGAGE,business,employed,1
Sneha Iyer,50,636281,158104,571,5.0,0.04505160165686161,RENT,debt_consolidation,employed,0
Rashmi Menon,25,323167,152878,761,1.0,0.14242698086566424,MORTGAGE,business,employed,1
Pooja Banerjee,48,841710,130523,590,4.0,0.3808148124822071,MORTGAGE,education,employed,1
Deepak Singh,40,389054,408672,497,6.0,0.28409556969686883,MORTGAGE,home_improvement,retired,1
Dinesh Chatterjee,28,508274,119941,703,9.0,0.2316202275825425,RENT,home_improvement,employed,0
Geeta Chakraborty,35,277464,243280,595,3.0,0.1813504520722607,RENT,other,employed,0
Suresh Jain,48,268749,139090,828,6.0,0.08276216895848043,RENT,debt_consolidation,employed,0
Sneha Pillai,41,624122,105381,679,1.0,0.2141129303808815,MORTGAGE,debt_consolidation,self_employed,0
Amit Verma,47,354405,169587,666,1.0,0.014831450480322722,OWN,other,unemployed,1
Meena Sharma,63,288684,211005,613,1.0,0.291941349691533,OWN,business,employed,1
Arun Patel,21,320747,235202,809,2.0,0.23256158094575832,RENT,home_improvement,employed,0
Anjali Gupta,59,627485,304037,685,0.0,0.1321928787911136,OWN,business,unemployed,1
Arun Mishra,41,323023,528658,609,,0.21483572003310406,RENT,debt_consolidation,employed,1
Naresh Menon,29,417138,179908,570,5.0,0.10320126179185764,MORTGAGE,debt_consolidation,employed,0
Sneha Gupta,24,445750,124836,642,5.0,0.10730314102911775,MORTGAGE,debt_consolidation,employed,0
Swati Gupta,37,200000,195077,552,0.0,0.2587578900771738,OWN,debt_consolidation,employed,1
Arun Ghosh,51,212020,146314,752,1.0,0.2584070439105899,MORTGAGE,home_improvement,employed,0
Divya Chatterjee,38,523419,235716,469,4.0,0.058664033781204744,RENT,home_improvement,employed,0
Mukesh Sharma,58,306044,96870,636,1.0,0.12033614681109518,MORTGAGE,home_improvement,employed,0
Neha Mishra,22,750400,419716,711,2.0,0.1569201514128202,RENT,debt_consolidation,employed,0
Divya Iyer,39,717410,229215,684,6.0,0.23548812875842207,MORTGAGE,debt_consolidation,employed,0
Sneha Verma,24,633860,82983,578,0.0,0.11170013110224818,OWN,home_improvement,employed,0
Anjali Reddy,44,1098972,122563,716,1.0,0.23700486048771988,RENT,home_improvement,employed,0
Rajesh Agarwal,50,424410,225580,561,0.0,0.36508430670562086,OWN,debt_consolidation,employed,1
Neha Banerjee,34,611971,260546,647,0.0,0.06165275650877196,RENT,business,employed,0
Shweta Banerjee,18,330314,97841,715,15.0,0.24246332423140832,RENT,debt_consolidation,employed,0
Sanjay Shah,42,1507834,216470,696,2.0,,MORTGAGE,debt_consolidation,employed,0
Meena Jain,45,1192803,74687,582,3.0,0.23894834477133894,OWN,other,employed,1
Anjali Verma,44,445049,157041,769,6.0,0.09184226482887799,OWN,debt_consolidation,self_employed,0
Deepak Chakraborty,54,536752,253931,658,0.0,0.24559128201448546,MORTGAGE,other,employed,0
Swati Chatterjee,27,872963,130534,724,1.0,0.10351736664956226,OWN,other,unemployed,0
Vikram Verma,48,411033,89074,802,8.0,0.09460926350634975,OWN,business,employed,0
Pooja Sharma,54,318598,172557,761,,0.17346457950382432,RENT,home_improvement,employed,0
Neha Gupta,18,684877,127786,762,2.0,0.087429190936317,MORTGAGE,education,employed,0
Meena Ghosh,43,460109,209362,669,2.0,0.04547294151363752,MORTGAGE,other,unemployed,1
Rashmi Agarwal,33,484802,114218,729,7.0,0.057781292171849984,MORTGAGE,education,employed,0
Anjali Sharma,39,291520,119484,671,1.0,0.05371318656849216,RENT,debt_consolidation,employed,0
Rajesh Mishra,44,200000,72518,529,0.0,0.2958779731155072,RENT,debt_consolidation,employed,1
Suresh Shah,34,497858,174203,680,1.0,0.17816229341556908,MORTGAGE,debt_consolidation,employed,0
Amit Chatterjee,31,695565,152609,675,2.0,0.3112154430508758,MORTGAGE,debt_consolidation,employed,0
Rekha Singh,40,395179,101178,708,0.0,0.09063843357392351,MORTGAGE,debt_consolidation,employed,0
Meena Menon,26,907287,175873,637,3.0,0.10500216355856914,OWN,home_improvement,employed,0
Rashmi Chatterjee,26,311153,245444,573,6.0,0.3481155371806131,OWN,home_improvement,unemployed,1
Naresh Patel,48,261097,149308,715,3.0,0.06280325299688846,RENT,education,employed,0
Amit Banerjee,26,427788,181183,518,0.0,0.15422673205940374,RENT,debt_consolidation,employed,0
Deepak Mishra,47,424515,181556,795,2.0,0.2606991190588113,OWN,debt_consolidation,retired,0
Pooja Menon,45,650166,100535,626,6.0,0.29474393047398517,RENT,business,employed,1
Pooja Mishra,19,300294,370509,674,0.0,0.06965177782294979,OWN,home_improvement,employed,0
Manish Verma,31,876811,134815,705,0.0,0.2141200620701074,MORTGAGE,business,employed,0
Sanjay Pillai,54,1182875,211598,709,2.0,0.08328066797709577,RENT,home_improvement,employed,0
Manish Patel,28,433838,221391,509,1.0,0.4314607241378073,RENT,education,employed,1
Kavita Patel,34,826417,153915,732,13.0,0.09185394668532747,MORTGAGE,business,employed,0
Ajay Verma,45,260863,207465,680,4.0,0.15533825513104463,RENT,business,employed,1
Vikram Singh,49,757372,179571,586,,0.0892331979027801,OWN,debt_consolidation,self_employed,0
Amit Nair,36,746863,92313,575,6.0,0.28767620923876513,MORTGAGE,other,self_employed,0
Geeta Banerjee,32,681273,142499,616,2.0,0.2878995216183706,RENT,home_improvement,unemployed,1
Neha Chakraborty,57,438984,127386,520,0.0,0.2502863931599491,MORTGAGE,debt_consolidation,unemployed,1
Kavita Banerjee,60,200000,135307,822,,0.07399935770262285,OWN,education,unemployed,0
Priya Menon,51,320980,96606,798,5.0,0.2541609750402192,RENT,home_improvement,employed,0
Dinesh Mukherjee,41,323528,255396,695,0.0,0.05229346990590536,MORTGAGE,debt_consolidation,employed,0
Neha Banerjee,30,271270,308907,627,1.0,0.03657476935026409,MORTGAGE,education,employed,1
Anita Chatterjee,30,470297,240674,630,1.0,0.16458432174082452,MORTGAGE,home_improvement,employed,0
Ajay Jain,46,358799,270549,725,1.0,0.2172309442116018,OWN,education,employed,0
Rashmi Shah,45,292931,141796,825,5.0,0.34803862997800356,RENT,education,employed,0
Amit Menon,56,260562,126184,592,8.0,0.025266040878873894,RENT,debt_consolidation,self_employed,1
Naresh Verma,47,309354,119200,538,6.0,0.05512341498489468,RENT,business,employed,1
Vijay Chakraborty,21,775101,210581,804,5.0,0.10679706587533029,RENT,home_improvement,employed,0
Naresh Mukherjee,52,317898,178229,471,12.0,0.11856211626639587,RENT,home_improvement,employed,0
Geeta Chakraborty,28,341987,157804,549,0.0,0.33889737666035047,RENT,debt_consolidation,employed,1
Anita Ghosh,35,352093,273227,625,0.0,0.1730469106219367,RENT,business,employed,0
Vikram Singh,43,524130,191372,493,2.0,0.1942379744428574,RENT,education,retired,0
Ramesh Pillai,63,555778,116370,761,2.0,0.2932581412244665,MORTGAGE,other,unemployed,1
Sneha Mishra,77,200000,123950,735,2.0,0.2648650055579021,RENT,debt_consolidation,employed,0
Rajesh Agarwal,47,737349,213800,592,1.0,,OWN,debt_consolidation,unemployed,1
Vikram Verma,37,907259,246888,777,0.0,0.222778678938528,OWN,home_improvement,employed,0
Neha Gupta,46,261687,202941,794,3.0,0.22763620781398564,MORTGAGE,debt_consolidation,employed,0
Anita Iyer,50,272079,347581,638,13.0,0.005987675622749959,MORTGAGE,home_improvement,employed,0
Rajesh Kumar,36,353229,313013,604,2.0,0.19617801442347305,MORTGAGE,other,self_employed,1
Dinesh Ghosh,61,303154,194155,850,,0.22306754607063098,MORTGAGE,debt_consolidation,employed,0
Sanjay Reddy,42,494826,116374,722,6.0,0.2833193698549066,RENT,home_improvement,employed,0
Sunita Gupta,45,200000,96375,675,1.0,0.2603976292519169,OWN,business,employed,0
Amit Menon,47,252972,139392,786,1.0,0.09876661153146611,MORTGAGE,debt_consolidation,employed,0
Swati Menon,45,955126,219978,680,1.0,0.1017681725658872,OWN,debt_consolidation,employed,0
Swati Reddy,50,278142,337951,599,6.0,0.040737536244127744,OWN,other,self_employed,1
Rekha Patel,32,823825,192332,658,8.0,0.057877051946367546,MORTGAGE,debt_consolidation,employed,0
Vijay Pillai,33,528431,259753,753,4.0,0.2236148647444939,RENT,business,retired,1
Sunita Sharma,26,200000,147543,450,1.0,0.13127116467274624,MORTGAGE,debt_consolidation,retired,1
Geeta Ghosh,45,607838,208794,621,1.0,0.26554686219940726,OWN,business,employed,0
Ajay Mukherjee,49,417135,226237,788,0.0,0.0613321350730437,MORTGAGE,debt_consolidation,employed,0
Geeta Iyer,45,352309,73729,598,13.0,0.036673491142592156,MORTGAGE,debt_consolidation,employed,0
Anjali Iyer,60,500057,137946,804,5.0,0.31376341793717144,MORTGAGE,debt_consolidation,employed,0
Vikram Kumar,39,560910,237965,791,0.0,0.12446788298776071,OWN,debt_consolidation,employed,0
Ajay Chakraborty,48,630202,181640,643,5.0,0.12774819793662104,MORTGAGE,other,employed,0
Ajay Singh,26,797411,100850,593,2.0,0.013337482909369223,OWN,home_improvement,self_employed,0
Sunita Singh,35,542567,61571,621,17.0,0.18951732511809685,OWN,education,employed,0
Ajay Singh,48,222388,140601,850,8.0,0.13359045895750166,MORTGAGE,other,employed,0
Geeta Shah,50,349122,158160,837,0.0,0.059911218715380604,RENT,debt_consolidation,employed,0
Rekha Banerjee,36,1927094,114282,662,,0.19705878854289188,OWN,other,retired,0
Naresh Nair,39,635549,172341,589,,0.26857146443783886,RENT,education,employed,0
Naresh Iyer,21,1446480,199297,661,1.0,0.10299887302215194,MORTGAGE,business,employed,0
Sanjay Menon,35,888879,212835,674,5.0,0.23943056941644886,RENT,education,employed,0
Suresh Chatterjee,50,499269,63426,525,,0.23558543663892723,MORTGAGE,debt_consolidation,employed,1
Ajay Ghosh,46,514372,96209,658,0.0,0.021582644742074605,RENT,debt_consolidation,self_employed,1
Rashmi Verma,46,434395,144083,782,5.0,0.052501533650325734,RENT,debt_consolidation,employed,0
Sneha Patel,40,200000,204611,470,5.0,0.07958283899956468,MORTGAGE,other,employed,1
Deepak Kumar,40,446423,197934,732,0.0,0.08897023950753566,RENT,debt_consolidation,self_employed,1
Divya Ghosh,32,810443,196564,787,2.0,0.14982728086304134,RENT,other,employed,0
Anita Menon,48,327806,139613,593,4.0,0.27110679022481504,RENT,debt_consolidation,self_employed,1
Priya Menon,45,543604,142763,819,0.0,0.15355570590067258,MORTGAGE,business,self_employed,0
Naresh Reddy,45,677249,121621,580,9.0,0.19486298287591533,MORTGAGE,business,self_employed,0
Mukesh Jain,33,280733,221300,694,0.0,0.23496005174686516,MORTGAGE,other,retired,0
Priya Chatterjee,18,353044,112623,619,0.0,0.16654863276216,RENT,debt_consolidation,employed,1
Sunita Patel,53,265944,228665,619,0.0,0.0957433328021856,OWN,debt_consolidation,employed,1
Naresh Nair,34,293290,176864,588,3.0,0.07314905942713466,MORTGAGE,education,employed,1
Rahul Reddy,29,232395,159848,719,4.0,0.11316096918001729,MORTGAGE,other,employed,0
Dinesh Shah,48,282031,125155,734,2.0,0.27654159144120843,MORTGAGE,debt_consolidation,employed,0
Meena Patel,35,899620,94635,643,1.0,0.10222706820776893,MORTGAGE,business,unemployed,1
Dinesh Chatterjee,52,279920,125610,514,8.0,0.030700313349409918,RENT,debt_consolidation,employed,0
Rekha Singh,47,471290,142628,690,0.0,0.20178876071298116,RENT,education,employed,1
Rekha Jain,48,344058,63094,692,1.0,0.030912435520346674,MORTGAGE,education,employed,0
Vikram Shah,23,797656,150400,628,0.0,0.11724504228687524,OWN,education,self_employed,0
Shweta Pillai,54,852203,235565,836,0.0,0.08924411144822782,OWN,home_improvement,employed,0
Ramesh Reddy,43,681488,204206,493,2.0,0.1603063628430401,OWN,debt_consolidation,employed,1
Sanjay Iyer,35,515590,133454,428,1.0,0.0701641318768152,OWN,business,employed,0
Divya Gupta,41,394143,165839,576,1.0,0.1423872634973456,OWN,education,employed,1
Rajesh Pillai,18,243790,130292,721,8.0,0.16464196690664504,RENT,other,retired,0
Rajesh Iyer,44,1169122,172733,544,0.0,0.019989607486831137,MORTGAGE,home_improvement,retired,0
Shweta Chatterjee,27,302598,301354,551,7.0,0.04968058084548605,RENT,debt_consolidation,employed,0
Ramesh Mukherjee,23,616505,239761,745,5.0,0.24853297604304259,MORTGAGE,debt_consolidation,employed,0
Rekha Nair,21,751467,200449,696,1.0,0.16911621122550977,MORTGAGE,education,self_employed,1
Dinesh Verma,53,335158,133632,687,3.0,0.21594569441262937,OWN,home_improvement,employed,0
Vijay Mishra,32,743412,219690,728,2.0,0.13405067694930034,OWN,business,employed,0
Amit Shah,58,648298,82888,607,0.0,0.4170158661276764,RENT,debt_consolidation,employed,0
Mukesh Mukherjee,33,1049665,147128,612,11.0,0.08492566220101329,RENT,debt_consolidation,employed,0
Deepak Kumar,19,349873,205558,730,4.0,0.43470966107881853,RENT,other,unemployed,1
Ramesh Mukherjee,26,232598,218855,515,,0.0546938894985834,RENT,education,employed,1
Naresh Chakraborty,54,343607,212767,435,8.0,0.23661561049347452,MORTGAGE,home_improvement,self_employed,1
Rahul Mishra,38,491111,183126,606,0.0,0.23401652887002405,MORTGAGE,home_improvement,employed,0
Rajesh Agarwal,33,455479,150498,743,1.0,0.19105341495878667,RENT,other,employed,0
Dinesh Verma,41,363407,201831,675,0.0,0.19950785058777085,RENT,debt_consolidation,employed,0
Kavita Verma,46,200000,111174,735,8.0,0.04899471584169155,MORTGAGE,education,unemployed,1
Manish Verma,53,559747,116090,448,9.0,0.20100318168843323,MORTGAGE,debt_consolidation,employed,0
Sunita Nair,57,1186089,166823,681,3.0,0.07321614590268836,OWN,other,employed,0
Mukesh Agarwal,35,558006,174430,715,0.0,0.1066182703195799,MORTGAGE,business,employed,0
Sanjay Nair,24,599929,78413,514,0.0,0.14729031145412882,OWN,home_improvement,employed,0
Dinesh Pillai,35,589024,195254,736,8.0,0.2082433652289335,MORTGAGE,education,employed,0
Vijay Menon,43,539567,221702,638,13.0,0.07797472741130082,MORTGAGE,debt_consolidation,self_employed,0
Suresh Singh,28,704915,157800,850,1.0,0.024468631860260517,RENT,debt_consolidation,employed,0
Anita Sharma,28,539116,420746,432,0.0,0.2221092009235414,OWN,home_improvement,self_employed,1
Kavita Nair,44,378382,123849,786,2.0,0.32447124858978305,RENT,business,employed,0
Rashmi Ghosh,39,297153,140866,610,0.0,0.29736023098622494,OWN,debt_consolidation,employed,1
Manish Mishra,40,390628,138964,488,8.0,0.20123664841100058,RENT,home_improvement,employed,1
Rekha Chatterjee,30,517655,157869,597,3.0,0.26287639176426314,OWN,debt_consolidation,self_employed,1
Ajay Banerjee,37,377738,142701,677,5.0,0.23688390744928517,OWN,business,self_employed,0
Pooja Nair,28,517709,92714,753,2.0,0.24608653529317298,RENT,other,employed,0
Sneha Patel,50,551046,130794,822,,0.27484715231994705,RENT,debt_consolidation,self_employed,0
Shweta Gupta,52,671043,156521,792,1.0,0.08208720268032235,MORTGAGE,debt_consolidation,employed,0
Meena Sharma,18,840201,266047,553,7.0,0.16860783852889175,OWN,business,employed,1
Deepak Verma,28,460010,392737,763,5.0,0.43373748925858746,MORTGAGE,home_improvement,employed,0
Sneha Chakraborty,22,230063,277670,689,2.0,0.15328909366030583,MORTGAGE,education,employed,0
Ramesh Agarwal,32,372297,119353,584,1.0,0.1833821395961547,RENT,debt_consolidation,employed,1
Rekha Jain,38,452268,123213,628,0.0,0.12131453794159927,OWN,home_improvement,employed,0
Suresh Jain,22,200000,152705,579,0.0,0.31703266478948605,MORTGAGE,home_improvement,employed,1
Anita Agarwal,28,885875,332310,653,4.0,0.10419820369904874,OWN,debt_consolidation,employed,0
Sanjay Iyer,27,475056,152333,577,3.0,0.18198028432310218,MORTGAGE,education,employed,0
Vijay Sharma,42,535350,95702,547,2.0,0.02200497428365175,OWN,education,self_employed,0
Rekha Sharma,40,875686,133189,697,8.0,0.05698571572680812,MORTGAGE,debt_consolidation,employed,0
Rashmi Kumar,31,322845,220316,712,,,MORTGAGE,business,employed,0
Suresh Mishra,42,589494,214480,631,2.0,0.24648901147563523,RENT,debt_consolidation,retired,1
Divya Sharma,33,418766,150228,786,0.0,0.11817171942650037,OWN,education,unemployed,1
Kavita Patel,36,403510,213921,623,8.0,0.08807852472419751,RENT,debt_consolidation,unemployed,1
Divya Shah,60,300710,65560,619,4.0,0.19647494738785426,RENT,debt_consolidation,employed,1
Mukesh Patel,56,1017441,169656,716,0.0,0.2735544503161128,RENT,other,employed,0
Neha Menon,24,366681,229641,636,5.0,0.030602123008716564,OWN,home_improvement,employed,0
Rekha Nair,49,627646,116640,658,2.0,0.13558703992325397,MORTGAGE,business,employed,0
Manish Patel,49,200000,116478,397,8.0,0.09132733796904863,RENT,education,employed,0
Rajesh Pillai,26,798104,77143,651,12.0,0.2862243701081696,MORTGAGE,business,employed,1
Meena Mukherjee,49,748708,307416,467,4.0,0.05749454674438351,RENT,business,employed,0
Dinesh Ghosh,58,464500,122019,527,6.0,0.11559588790820616,RENT,home_improvement,self_employed,0
Deepak Chakraborty,26,394955,179228,516,0.0,0.0725616828912819,MORTGAGE,other,employed,0
Anjali Sharma,28,540364,207226,545,4.0,0.1407686222344937,RENT,debt_consolidation,self_employed,1
Vijay Nair,52,1389417,297993,595,7.0,0.02703964595782513,RENT,other,unemployed,1
Swati Ghosh,43,200000,153037,601,3.0,0.17691430120822801,RENT,education,self_employed,1
Divya Shah,46,654098,131167,716,4.0,0.12335360207481043,RENT,business,employed,0
Meena Singh,44,280461,174420,672,11.0,0.09856636653243804,OWN,debt_consolidation,employed,0
Rashmi Gupta,44,438029,272020,459,1.0,0.0941718378332925,RENT,debt_consolidation,employed,1
Arun Patel,24,390842,152044,658,0.0,0.10460132201342835,OWN,home_improvement,employed,0
Suresh Reddy,52,357124,111085,681,5.0,0.10157009653385275,OWN,education,self_employed,0
Rekha Patel,54,440104,87877,617,8.0,0.14458011388681288,MORTGAGE,education,employed,0
Sanjay Shah,37,250926,99855,643,9.0,0.13565863240044498,MORTGAGE,business,self_employed,0
Rajesh Kumar,39,740136,229982,669,5.0,0.03130892878648816,RENT,other,self_employed,0
Vijay Jain,21,200000,143164,726,8.0,0.060011638104936996,OWN,other,employed,0
Naresh Verma,46,579477,127642,492,6.0,0.04788504331352726,OWN,home_improvement,employed,0
Geeta Ghosh,46,375769,122224,625,0.0,0.06783550562632207,RENT,debt_consolidation,employed,0
Deepak Reddy,39,246357,168386,800,7.0,0.24503836262703066,MORTGAGE,home_improvement,employed,0
Anita Kumar,53,489525,147889,791,0.0,0.10527795101091215,MORTGAGE,education,employed,0
Shweta Sharma,35,203114,145910,735,1.0,0.18072565987550154,RENT,home_improvement,self_employed,0
Suresh Chatterjee,46,451286,279212,703,2.0,0.14035526894703132,RENT,debt_consolidation,employed,0
Meena Patel,27,217197,301102,815,1.0,0.013825061494585325,RENT,education,employed,0
Sunita Iyer,39,557175,85476,841,1.0,0.059657922724194345,MORTGAGE,business,employed,0
Deepak Menon,37,278680,185542,637,0.0,0.12045428453334653,MORTGAGE,other,employed,0
Shweta Verma,42,353098,119283,553,1.0,0.05355395864136776,OWN,home_improvement,self_employed,0
Ajay Chakraborty,35,512458,147369,622,0.0,0.06752779387547125,RENT,other,self_employed,1
Dinesh Agarwal,38,300658,184187,850,3.0,0.17928852157722852,OWN,debt_consolidation,employed,0
Arun Jain,49,429775,149479,493,7.0,0.2718003565727429,MORTGAGE,other,retired,1
Anita Banerjee,34,207541,178471,602,9.0,0.1557576210977988,OWN,home_improvement,employed,0
Suresh Chatterjee,20,606486,213029,508,8.0,0.2201439308844668,RENT,education,employed,1
Sunita Nair,60,1069238,183107,662,2.0,0.11506720143333589,RENT,other,employed,0
Vijay Shah,56,1787099,125651,529,6.0,0.20255303582826253,RENT,business,employed,1
Rekha Mishra,24,463047,126540,639,1.0,0.11696147721426377,RENT,education,employed,1
Dinesh Banerjee,48,656122,91502,454,0.0,0.35017538934393994,MORTGAGE,other,self_employed,1
Sneha Shah,33,200000,115662,711,5.0,0.07550661728589045,RENT,home_improvement,employed,0
Anjali Chatterjee,43,937870,356763,772,5.0,0.16534583292464464,MORTGAGE,home_improvement,unemployed,0
Vikram Patel,43,652205,118562,611,8.0,0.24682617466339088,MORTGAGE,other,employed,0
Shweta Banerjee,37,347330,100977,636,4.0,0.091823132216441,OWN,business,unemployed,1
Ramesh Mishra,30,821256,184974,633,0.0,0.17840018446588507,MORTGAGE,other,self_employed,1
Anita Reddy,31,389555,155726,668,9.0,0.2622600296665987,RENT,business,employed,0
Suresh Gupta,29,351859,150506,646,4.0,0.1838153412299454,RENT,education,employed,0
Kavita Nair,30,561107,285963,726,8.0,0.07466270448617719,MORTGAGE,debt_consolidation,self_employed,0
Kavita Shah,39,259970,202734,773,7.0,0.09550415403702651,OWN,debt_consolidation,employed,0
Neha Reddy,31,737345,131663,568,1.0,0.1874869668763778,RENT,education,employed,0
Pooja Patel,48,260929,137339,619,,0.19333392968603172,RENT,home_improvement,unemployed,1
Ajay Shah,57,261704,133114,740,0.0,0.19802655086393434,RENT,home_improvement,retired,0
Manish Singh,33,280731,230935,507,0.0,0.3833830524651573,RENT,other,self_employed,1
Rashmi Verma,42,646772,143880,452,1.0,0.288027671962412,RENT,business,self_employed,0
Rekha Chakraborty,45,325010,79438,672,3.0,0.02863702090473761,RENT,debt_consolidation,employed,0
Ajay Ghosh,45,225483,159639,699,,0.09839445646786733,MORTGAGE,home_improvement,employed,0
Amit Chatterjee,40,326818,88008,577,10.0,0.18724445733803333,MORTGAGE,home_improvement,employed,1
Naresh Agarwal,48,435381,389918,592,6.0,0.16508095097042333,RENT,other,employed,0
Vijay Singh,45,245122,110606,573,0.0,0.03981857740228086,OWN,education,employed,1
Rekha Menon,25,248739,152550,563,2.0,0.10374791529071191,RENT,home_improvement,self_employed,1
Vijay Shah,50,1271424,180463,719,5.0,0.260416385186659,RENT,home_improvement,employed,0
Neha Verma,50,287712,145006,531,0.0,0.031862435160749825,OWN,other,employed,0
Rekha Kumar,30,376426,144927,623,,0.02358017672932769,MORTGAGE,business,employed,0
Vikram Agarwal,40,368199,192669,559,12.0,0.23049797325206803,RENT,home_improvement,employed,1
Arun Iyer,48,358370,299684,504,,0.026266041417423985,OWN,home_improvement,employed,0
Ajay Pillai,37,603603,221240,737,6.0,0.3004355884229035,MORTGAGE,debt_consolidation,self_employed,0
Vikram Reddy,52,710746,294020,598,0.0,0.18128028339238653,MORTGAGE,other,employed,1
Rekha Mishra,68,379656,107082,668,5.0,0.11186287467286911,RENT,education,unemployed,1
Ramesh Gupta,30,238413,184784,499,0.0,0.12134379973870392,RENT,home_improvement,employed,1
Rashmi Reddy,23,836699,173182,575,0.0,0.22761171280246606,MORTGAGE,debt_consolidation,employed,1
Suresh Mishra,43,421818,187294,725,6.0,0.13824726400233417,RENT,debt_consolidation,employed,0
Arun Verma,48,1050903,282234,850,6.0,0.1527329757841132,OWN,home_improvement,employed,0
Rahul Pillai,37,200000,148997,452,5.0,0.24653744805328348,OWN,home_improvement,employed,0
Sanjay Agarwal,57,487819,138385,629,3.0,0.3357857408213612,OWN,home_improvement,self_employed,1
Ramesh Mishra,23,1154644,201509,691,5.0,0.10580341526994605,RENT,other,self_employed,0
Ajay Mishra,48,370781,79915,588,7.0,0.0797570299791779,MORTGAGE,other,unemployed,1
Rashmi Gupta,32,395241,148043,734,,0.39210142832439865,RENT,home_improvement,unemployed,1
Vikram Ghosh,60,512858,154248,563,10.0,0.03882473322381882,MORTGAGE,debt_consolidation,retired,0
Neha Iyer,63,334570,112629,665,7.0,0.08765737155242315,OWN,education,employed,0
Deepak Iyer,30,378497,248406,597,5.0,,RENT,home_improvement,employed,0
Rashmi Menon,33,373656,106415,771,4.0,0.18285187683406293,MORTGAGE,debt_consolidation,employed,0
Rahul Verma,50,323285,154145,582,,0.18284645815033515,MORTGAGE,debt_consolidation,employed,1
Swati Agarwal,35,817845,183003,614,0.0,0.10527613278348592,MORTGAGE,debt_consolidation,employed,0
Shweta Nair,39,557121,279674,744,8.0,0.33818976114699256,RENT,debt_consolidation,self_employed,1
Rahul Reddy,40,501477,162068,547,8.0,0.1427801178453632,OWN,other,employed,0
Ramesh Mukherjee,18,662837,236679,656,4.0,0.23526026366335567,MORTGAGE,home_improvement,employed,0
Rajesh Sharma,39,387636,215397,467,2.0,0.18442309599957993,OWN,debt_consolidation,unemployed,1
Anita Sharma,31,300408,170993,541,0.0,0.10667248194476812,MORTGAGE,debt_consolidation,employed,1
Suresh Jain,34,327318,105260,688,1.0,0.23377800071542493,MORTGAGE,debt_consolidation,employed,0
Kavita Nair,57,442807,91689,550,2.0,0.295842364021577,RENT,business,employed,0
Meena Kumar,24,260509,169838,595,3.0,0.08373332185903525,MORTGAGE,education,employed,1
Anjali Menon,49,344506,130995,699,13.0,0.17631940349595263,RENT,debt_consolidation,employed,0
Vijay Chakraborty,36,341786,235085,592,0.0,0.09619951061598546,MORTGAGE,other,unemployed,1
Meena Mishra,36,1279881,219332,732,3.0,0.06891418484426233,MORTGAGE,education,self_employed,1
Amit Verma,49,200000,151169,671,2.0,0.11285879208695951,OWN,education,employed,0
Meena Shah,44,404412,102427,693,23.0,0.2686649346102113,MORTGAGE,debt_consolidation,employed,1
Manish Mukherjee,46,1048474,199644,774,9.0,0.32820584373063016,MORTGAGE,home_improvement,employed,0
Divya Mukherjee,51,470204,108317,681,,0.3865576700988758,OWN,home_improvement,unemployed,1
Arun Iyer,36,644808,120164,803,40.0,0.1715431859310768,MORTGAGE,home_improvement,employed,0
Naresh Kumar,32,465056,109999,741,3.0,0.28059134549170406,RENT,debt_consolidation,employed,0
Arun Chatterjee,26,316897,153983,597,0.0,0.11822493905931901,MORTGAGE,other,unemployed,1
Pooja Agarwal,30,200000,259906,779,4.0,0.11590637554884267,RENT,education,self_employed,0
Sneha Menon,75,490277,162426,676,1.0,0.29263612341662953,OWN,debt_consolidation,unemployed,1
Rahul Jain,54,300197,136313,610,5.0,0.18423169546495166,RENT,other,employed,0
Kavita Kumar,23,296508,88411,677,13.0,0.34644034033126236,RENT,business,employed,0
Rajesh Sharma,24,344726,202977,761,7.0,0.03419136255262151,MORTGAGE,debt_consolidation,employed,0
Ajay Mukherjee,45,1058571,119114,695,1.0,0.3011015593426273,RENT,debt_consolidation,employed,0
Sneha Singh,46,1472421,170588,832,1.0,0.1414052202374362,MORTGAGE,debt_consolidation,employed,0
Pooja Verma,46,493167,141253,758,0.0,0.22182465545005947,RENT,debt_consolidation,self_employed,1
Deepak Patel,36,350675,227583,702,1.0,0.1642348992693697,RENT,debt_consolidation,employed,0
Ramesh Banerjee,38,245582,152833,547,0.0,0.19270992230200398,MORTGAGE,home_improvement,employed,0
Divya Verma,43,559204,158963,632,3.0,0.20145597501481374,MORTGAGE,home_improvement,self_employed,0
Divya Verma,41,1078900,197659,657,6.0,0.23886418405953733,MORTGAGE,debt_consolidation,unemployed,1
Anita Singh,18,390947,378047,719,6.0,0.09850308873074655,RENT,home_improvement,employed,0
Suresh Sharma,37,200000,232205,713,0.0,0.05314716993063467,MORTGAGE,debt_consolidation,employed,0
Priya Singh,29,618482,157087,666,2.0,0.2659786969407518,OWN,home_improvement,self_employed,1
Neha Pillai,42,724110,162963,662,1.0,0.1283649624737285,MORTGAGE,debt_consolidation,employed,0
Deepak Singh,75,200201,131933,722,0.0,0.0515835894783166,MORTGAGE,business,employed,0
Swati Patel,44,483227,111301,564,2.0,0.06594216355685366,MORTGAGE,debt_consolidation,self_employed,1
Rashmi Kumar,36,554384,130470,819,1.0,0.15766173458127505,MORTGAGE,home_improvement,employed,0
Rajesh Sharma,51,426533,119508,445,5.0,0.1427617586570553,OWN,other,retired,1
Meena Iyer,45,297930,211366,795,10.0,0.03860782560631034,MORTGAGE,home_improvement,employed,0
Anita Singh,45,735252,106034,645,3.0,0.20289003381441684,OWN,home_improvement,employed,1
Anita Mukherjee,47,361605,277418,750,6.0,0.07050168348344552,RENT,debt_consolidation,employed,0
Sanjay Ghosh,64,210534,219875,686,0.0,0.010161329327550487,RENT,business,employed,0
Divya Kumar,26,200000,164094,684,11.0,0.06540483596661845,RENT,other,employed,0
Neha Singh,45,831032,162775,705,0.0,0.059266000888838294,MORTGAGE,debt_consolidation,employed,0
Vijay Ghosh,28,602192,130233,730,1.0,0.09092583661329119,OWN,home_improvement,employed,0
Anjali Shah,46,462308,181322,617,,0.08476004968139096,MORTGAGE,business,self_employed,1
Anjali Singh,28,354996,251509,753,1.0,0.0958272658329696,MORTGAGE,debt_consolidation,employed,0
Rashmi Agarwal,34,339592,122852,541,4.0,0.2603296130099501,OWN,other,employed,1
Divya Agarwal,36,258365,88136,649,22.0,0.2545861325785133,RENT,home_improvement,employed,0
Ramesh Patel,51,356565,215623,733,7.0,0.14355389890324471,RENT,debt_consolidation,unemployed,1
Dinesh Mukherjee,51,200000,185302,749,2.0,0.23922429842831,RENT,debt_consolidation,unemployed,1
Rajesh Nair,25,306192,103976,696,4.0,0.1927765636687113,RENT,home_improvement,employed,0
Mukesh Iyer,40,378711,121375,610,4.0,0.16460572882712124,RENT,debt_consolidation,self_employed,0
Meena Mishra,31,600153,115422,739,8.0,0.1738864908787902,MORTGAGE,business,employed,0
Priya Banerjee,24,433668,121806,583,6.0,0.11334403367371852,RENT,debt_consolidation,employed,0
Rashmi Agarwal,37,658329,142989,825,4.0,0.2556375999917949,RENT,debt_consolidation,employed,0
Mukesh Chatterjee,36,868538,146295,641,5.0,0.08999845272456265,MORTGAGE,debt_consolidation,self_employed,0
Arun Jain,69,750943,125452,496,,0.13586604895106938,MORTGAGE,education,employed,1
Rahul Sharma,45,559755,120178,530,0.0,0.2920130933977075,MORTGAGE,debt_consolidation,unemployed,1
Anita Gupta,23,445045,148521,654,1.0,0.12977799947054003,RENT,debt_consolidation,retired,0
Sunita Singh,33,270927,174046,663,5.0,0.06257801624237815,MORTGAGE,home_improvement,employed,0
Dinesh Chakraborty,52,640479,143412,846,9.0,0.24493124698540633,OWN,debt_consolidation,employed,0
Anita Chatterjee,65,1024662,258710,546,2.0,0.16984803075381272,RENT,other,employed,1
Vikram Gupta,20,524947,199433,653,19.0,0.11721537799195396,OWN,home_improvement,unemployed,1
Ramesh Mukherjee,18,1153867,86134,544,1.0,0.21966246868472675,RENT,debt_consolidation,employed,1
Amit Singh,62,206326,200684,600,2.0,0.29808810067823166,MORTGAGE,other,employed,1
Naresh Patel,44,248430,207361,818,,0.18996509738191725,MORTGAGE,debt_consolidation,employed,0
Suresh Jain,29,678473,136776,536,13.0,0.21018177165138455,RENT,education,employed,1
Manish Shah,46,504914,89493,708,1.0,0.3083084682925895,OWN,business,retired,1
Sanjay Pillai,18,853321,163280,689,3.0,0.3266281236879399,OWN,home_improvement,employed,0
Priya Singh,40,439004,162253,647,1.0,0.09539366479097776,MORTGAGE,home_improvement,employed,0
Dinesh Mishra,43,286648,103916,701,3.0,0.027830477871040264,OWN,other,employed,0
Rekha Verma,51,397600,91081,533,9.0,0.14430417509460364,RENT,home_improvement,employed,0
Rekha Shah,27,205593,157153,815,1.0,0.11470912926334079,RENT,home_improvement,employed,0
Pooja Reddy,41,251627,148266,842,8.0,0.14687717386678079,RENT,home_improvement,employed,0
Neha Singh,28,719435,137735,654,12.0,0.19633762457627943,MORTGAGE,debt_consolidation,employed,0
Anjali Verma,43,684465,157414,850,0.0,0.23929202325508575,MORTGAGE,home_improvement,employed,0
Rahul Kumar,29,530461,104703,610,7.0,0.05978562029473909,RENT,debt_consolidation,employed,0
Anita Mishra,35,200000,136772,690,1.0,0.264476294821633,RENT,debt_consolidation,employed,0
Arun Nair,28,369829,201456,793,0.0,0.22061209482895308,OWN,home_improvement,unemployed,1
Naresh Pillai,47,239785,141493,604,4.0,,MORTGAGE,home_improvement,employed,0
Divya Patel,50,796726,83383,511,6.0,0.06264856838690515,RENT,debt_consolidation,employed,0
Naresh Gupta,37,330426,134715,488,2.0,0.12810333222873097,OWN,debt_consolidation,employed,0
Pooja Reddy,40,257075,106078,850,0.0,0.1775089269796728,RENT,debt_consolidation,unemployed,1
Sneha Singh,22,449053,181109,597,11.0,0.04068474897031083,RENT,debt_consolidation,employed,0
Deepak Menon,36,321233,184893,631,6.0,0.23767434738184134,MORTGAGE,home_improvement,employed,1
Manish Patel,39,929007,83825,538,1.0,0.287246534201766,OWN,debt_consolidation,unemployed,1
Dinesh Menon,71,306384,220489,744,,0.17878115597871155,OWN,education,employed,0
Mukesh Chatterjee,26,219780,104310,571,0.0,0.13957949118551882,MORTGAGE,debt_consolidation,self_employed,1
Geeta Iyer,57,200000,303662,600,2.0,0.207986479658397,MORTGAGE,debt_consolidation,employed,1
Suresh Mishra,51,435655,159610,679,3.0,0.22773258712378516,RENT,other,unemployed,1
Anjali Kumar,43,334046,98858,543,3.0,0.3992172362835276,OWN,home_improvement,employed,1
Mukesh Verma,61,216543,103074,632,1.0,0.14087834216967615,MORTGAGE,debt_consolidation,retired,0
Rekha Mishra,44,801798,187069,790,7.0,0.11968061854380464,OWN,other,self_employed,0
Anjali Iyer,44,617616,139173,692,1.0,0.14684360334485036,MORTGAGE,debt_consolidation,employed,0
Sunita Chakraborty,39,436215,156582,663,4.0,0.14227744070451295,RENT,other,self_employed,1
Rashmi Chakraborty,54,875160,310243,671,1.0,0.06262312277172999,RENT,debt_consolidation,unemployed,1
Anita Pillai,53,616163,123044,611,2.0,0.1287220629472246,RENT,education,employed,0
Sneha Ghosh,32,293188,166705,849,1.0,0.14592200459840396,OWN,debt_consolidation,unemployed,0
Deepak Nair,24,263126,287201,568,5.0,0.25140841455403395,OWN,other,employed,0
Divya Sharma,37,665963,181353,671,2.0,0.04545364710942221,MORTGAGE,business,employed,0
Rekha Kumar,30,539384,85593,661,0.0,0.22986598927855842,OWN,debt_consolidation,employed,0
Rashmi Chatterjee,39,481602,199218,750,0.0,0.3614074394662676,MORTGAGE,education,unemployed,1
Anjali Iyer,54,289743,102211,760,3.0,0.15395019983381467,MORTGAGE,home_improvement,retired,0
Manish Verma,34,599573,285707,646,1.0,0.08312389698420904,OWN,education,unemployed,0
Amit Patel,39,303231,117108,679,4.0,0.28549278192167044,MORTGAGE,business,employed,1
Suresh Reddy,40,420418,533814,682,,0.17115680200883357,MORTGAGE,education,retired,0
Rahul Mukherjee,50,912070,292713,422,5.0,0.2544026230709392,OWN,debt_consolidation,employed,1
Ramesh Chakraborty,18,317928,118344,491,15.0,0.12486026716584793,RENT,other,employed,1
Shweta Chakraborty,32,201492,164062,589,3.0,0.2893257790150048,MORTGAGE,business,employed,0
Kavita Reddy,42,261378,220016,593,7.0,0.18655242024689547,MORTGAGE,debt_consolidation,retired,0
Vijay Mukherjee,54,727340,222674,530,6.0,0.23666307654010235,MORTGAGE,debt_consolidation,employed,0
Mukesh Ghosh,34,502507,194256,724,12.0,0.15742673645404187,MORTGAGE,education,employed,0
Anjali Iyer,18,414803,268569,650,1.0,0.2212540632104076,MORTGAGE,education,employed,0
Anita Jain,47,342988,154942,628,8.0,0.004129072862537339,OWN,business,employed,0
Rashmi Nair,32,563926,140549,524,11.0,0.06822004294178799,MORTGAGE,debt_consolidation,employed,0
Anita Menon,25,289365,141669,645,2.0,0.25492268673545276,MORTGAGE,debt_consolidation,employed,0
Vikram Banerjee,32,515469,229429,387,,0.29207895984659143,MORTGAGE,business,employed,1
Naresh Ghosh,37,306929,188352,633,15.0,0.09005129237818725,OWN,debt_consolidation,employed,1
Priya Sharma,32,282425,182866,656,4.0,0.13902102777048084,MORTGAGE,home_improvement,self_employed,1
Suresh Mishra,18,321661,223707,674,2.0,0.19039759447313886,MORTGAGE,business,employed,0
Vijay Chatterjee,50,366698,71652,493,7.0,0.09314136443120119,MORTGAGE,debt_consolidation,employed,1
Rekha Chatterjee,55,431742,184246,672,1.0,0.22714044977574244,RENT,home_improvement,self_employed,0
Rekha Mishra,47,497687,177624,545,0.0,0.23241264683985036,MORTGAGE,home_improvement,employed,0
Amit Chatterjee,26,200000,317274,568,3.0,0.3255023379190926,RENT,home_improvement,employed,0
Arun Jain,37,295426,88306,721,4.0,0.15410967906610043,MORTGAGE,business,employed,0
Arun Patel,39,363747,303420,850,8.0,,OWN,education,employed,0
Priya Mukherjee,47,938962,167738,655,,0.1529779895013201,RENT,business,employed,1
Kavita Banerjee,48,257815,197915,568,8.0,0.17170066840236153,OWN,debt_consolidation,employed,1
Suresh Menon,31,479931,318178,668,1.0,0.13137449045475758,OWN,other,employed,0
Deepak Jain,40,934264,203679,743,,0.1942273471944713,MORTGAGE,business,employed,0
Amit Pillai,45,229467,191022,712,1.0,0.1933935221444141,OWN,other,self_employed,0
Manish Chakraborty,57,538739,179318,850,2.0,0.07626134412643391,OWN,other,employed,0
Manish Gupta,48,296221,134135,578,9.0,0.09223661167034435,MORTGAGE,home_improvement,employed,0
Rekha Chatterjee,49,343754,160910,675,1.0,0.017515561259768008,MORTGAGE,other,self_employed,0
Manish Reddy,41,296097,122246,804,,0.16303513164725061,MORTGAGE,home_improvement,employed,0
Anjali Chatterjee,56,306836,159879,798,1.0,0.2460529094598401,OWN,debt_consolidation,employed,0
Shweta Sharma,44,1725376,63935,454,0.0,0.03782706717239327,MORTGAGE,debt_consolidation,self_employed,1
Anjali Menon,29,674837,193226,649,0.0,0.1411587997156749,RENT,home_improvement,self_employed,0
Neha Verma,56,767480,155019,798,6.0,0.287803138602065,MORTGAGE,business,employed,1
Swati Banerjee,48,565800,142275,850,1.0,0.1265266763874245,MORTGAGE,other,unemployed,0
Rahul Gupta,34,200000,177709,720,5.0,0.023247369818883288,MORTGAGE,home_improvement,employed,0
Geeta Ghosh,34,539004,91727,613,6.0,0.15109907481947674,RENT,education,employed,0
Divya Shah,43,756505,352113,549,2.0,0.10941447329154512,MORTGAGE,other,employed,1
Naresh Mukherjee,45,288745,156200,850,3.0,0.06921907551278066,MORTGAGE,home_improvement,unemployed,0
Swati Agarwal,42,716879,153531,722,2.0,,OWN,debt_consolidation,employed,0
Suresh Pillai,43,629177,110618,565,14.0,0.08004259240371271,OWN,education,employed,0
Arun Nair,60,1116846,164321,629,1.0,0.27607527062340637,MORTGAGE,business,employed,0
Dinesh Verma,52,359011,283447,681,1.0,0.14664144472579432,OWN,education,employed,0
Dinesh Jain,42,255555,246315,704,2.0,0.21601390728007996,OWN,business,employed,1
Rekha Pillai,51,369234,229068,560,5.0,0.1914604353339773,MORTGAGE,debt_consolidation,self_employed,1
Arun Banerjee,27,906898,202513,588,5.0,0.029231791487646982,MORTGAGE,debt_consolidation,employed,0
Ramesh Ghosh,44,200000,141009,484,12.0,0.08129666028176612,OWN,debt_consolidation,employed,1
Divya Chatterjee,61,200000,91120,753,10.0,0.11580041972971186,OWN,debt_consolidation,employed,0
Mukesh Nair,37,462636,150179,615,1.0,0.09153685913571831,OWN,education,employed,1
Mukesh Pillai,29,354585,148101,696,3.0,0.16806692444153937,MORTGAGE,business,employed,0
Anjali Singh,32,444126,247587,792,6.0,0.128517488562252,MORTGAGE,debt_consolidation,employed,0
Ramesh Jain,26,709741,184196,671,12.0,,MORTGAGE,home_improvement,retired,0
Rahul Reddy,30,335613,310185,638,2.0,0.185756196672088,OWN,business,employed,1
Pooja Shah,35,200000,262759,669,2.0,0.09213183726224315,MORTGAGE,debt_consolidation,employed,0
Swati Mukherjee,23,1229650,135591,656,11.0,0.2446110656343712,OWN,debt_consolidation,employed,0
Pooja Singh,40,268709,79375,774,2.0,0.27960403699833863,MORTGAGE,home_improvement,employed,0
Priya Mishra,50,260532,283291,681,3.0,0.12315590849430795,OWN,home_improvement,employed,0
Rashmi Kumar,29,768241,280338,595,11.0,0.17532382508635896,RENT,other,unemployed,1
Dinesh Iyer,58,365037,94232,754,8.0,0.1833749583544337,OWN,other,self_employed,0
Anjali Patel,46,428611,297656,773,1.0,0.15556844287873994,MORTGAGE,home_improvement,employed,0
Divya Agarwal,52,563202,189633,516,1.0,0.16138223739866822,MORTGAGE,home_improvement,self_employed,1
Rajesh Singh,32,760545,173559,803,2.0,0.06386719671093014,RENT,business,self_employed,0
Sunita Menon,50,374471,310491,686,12.0,0.03995073621117404,OWN,debt_consolidation,employed,0
Rajesh Pillai,26,945979,278695,678,34.0,0.4672959096819243,OWN,debt_consolidation,employed,0
Dinesh Agarwal,50,200000,211193,750,7.0,0.1504348025126994,OWN,debt_consolidation,employed,0
Mukesh Reddy,42,646865,196670,593,3.0,0.12869113039366134,MORTGAGE,debt_consolidation,employed,0
Anjali Iyer,46,290754,208263,745,0.0,0.1372112929509923,OWN,debt_consolidation,employed,0
Priya Chakraborty,25,878644,138687,612,5.0,0.15844267574561238,MORTGAGE,business,self_employed,0
Anjali Pillai,29,474977,159206,502,2.0,0.05490745336490173,MORTGAGE,debt_consolidation,employed,1
Manish Chakraborty,47,316015,113444,550,5.0,0.1391816240337062,RENT,debt_consolidation,employed,0
Vijay Kumar,28,616257,142455,706,4.0,0.08444583188357398,MORTGAGE,business,employed,0
Rashmi Sharma,45,691483,140553,555,3.0,0.040847724914397886,MORTGAGE,business,employed,0
Vijay Verma,23,609837,126232,811,14.0,0.25197529973773203,MORTGAGE,debt_consolidation,employed,0
Swati Iyer,50,264382,171905,768,0.0,0.2693485014390489,RENT,education,self_employed,1
Dinesh Chakraborty,25,347316,142972,783,6.0,0.1869966680798629,RENT,business,self_employed,0
Rashmi Mukherjee,46,441513,198966,662,2.0,0.13727892116893142,MORTGAGE,home_improvement,self_employed,0
Ramesh Mishra,47,433379,85056,675,6.0,0.0531041708043973,OWN,other,employed,0
Mukesh Chakraborty,31,643625,155539,530,5.0,0.30661739733493604,MORTGAGE,debt_consolidation,unemployed,1
Sneha Kumar,46,200000,171548,749,0.0,0.03268453062945528,OWN,home_improvement,employed,0
Anjali Menon,43,522909,143738,687,1.0,0.10750081131279322,RENT,debt_consolidation,employed,0
Anita Ghosh,33,382701,151909,706,1.0,0.2906740739346283,MORTGAGE,debt_consolidation,employed,0
Divya Reddy,27,290904,86327,818,,0.13250568557725312,OWN,debt_consolidation,employed,0
Vijay Menon,18,305210,187698,589,6.0,,RENT,business,employed,0
Neha Ghosh,44,397412,210879,637,1.0,0.24724331578487285,RENT,home_improvement,employed,1
Sunita Jain,21,200000,198275,682,3.0,,RENT,other,employed,1
Sanjay Menon,41,311562,246592,556,1.0,0.16827932128930617,RENT,business,employed,1
Arun Shah,36,285527,176418,631,4.0,0.2712086546273294,OWN,other,employed,1
Manish Kumar,48,577458,197101,699,6.0,0.1626153523209465,MORTGAGE,debt_consolidation,employed,0
Vikram Iyer,36,295740,173240,617,2.0,0.24264225422190291,RENT,debt_consolidation,employed,1
Divya Mukherjee,36,397298,214276,780,4.0,0.16777839907821707,MORTGAGE,home_improvement,employed,0
Meena Banerjee,48,956597,86604,498,8.0,0.43655942226667177,MORTGAGE,education,employed,0
Rekha Reddy,44,727359,113842,762,0.0,0.013978562369926758,MORTGAGE,debt_consolidation,unemployed,0
Mukesh Banerjee,43,694630,307048,716,6.0,0.2102236526407545,MORTGAGE,other,employed,0
Suresh Agarwal,45,344573,60829,593,1.0,0.017383493242877118,RENT,debt_consolidation,employed,0
Rajesh Agarwal,21,580425,153880,557,,0.1286672151541809,RENT,other,employed,0
Divya Shah,49,393584,260123,441,3.0,0.1467029055093154,OWN,home_improvement,employed,1
Anita Nair,47,401094,156795,570,1.0,,MORTGAGE,home_improvement,employed,0
Sunita Kumar,27,542988,138412,754,,0.07877733867974697,MORTGAGE,other,self_employed,0
Mukesh Mishra,37,328240,171402,644,0.0,0.2527871164638798,MORTGAGE,other,employed,0
Vijay Banerjee,39,933318,141315,766,0.0,0.07066069422980147,MORTGAGE,other,employed,0
Mukesh Reddy,38,408372,164775,588,,0.09894547098120608,OWN,business,self_employed,0
Mukesh Singh,44,602703,123827,720,4.0,0.08734623236428138,MORTGAGE,other,employed,0
Ramesh Nair,57,916026,253588,578,6.0,0.2688514337282909,RENT,business,retired,0
Swati Chatterjee,52,741052,287594,553,,0.07037718075901833,MORTGAGE,education,employed,0
Ajay Chakraborty,24,218718,154298,639,9.0,0.447118714890061,OWN,education,self_employed,0
Anita Iyer,47,552632,93470,583,15.0,0.11006883085800219,RENT,education,employed,0
Anita Banerjee,55,676954,131987,495,3.0,0.13137486511072397,RENT,business,employed,0
Meena Iyer,44,691025,151206,631,7.0,0.2026575175470556,MORTGAGE,education,self_employed,0
Geeta Sharma,53,253559,199230,660,3.0,0.19221023160529038,MORTGAGE,home_improvement,employed,0
Vijay Singh,64,318533,108748,776,0.0,0.3204195138798412,RENT,education,employed,0
Rahul Menon,52,727434,119651,743,1.0,0.2684830834028689,RENT,debt_consolidation,employed,0
Vikram Verma,42,302283,199639,771,0.0,0.0760329333024691,OWN,business,employed,0
Anita Verma,52,380846,236940,722,22.0,0.17791018542260778,RENT,home_improvement,employed,1
Rajesh Patel,41,972804,126926,683,,,RENT,other,self_employed,1
Ramesh Mishra,40,431965,95483,527,5.0,0.028574412066967363,MORTGAGE,business,employed,0
Meena Patel,35,307617,605401,664,1.0,0.11983410181674728,MORTGAGE,business,employed,0
Vikram Verma,58,285269,222642,709,5.0,0.067646074184157,MORTGAGE,debt_consolidation,self_employed,0
Mukesh Shah,30,522489,146268,795,1.0,0.18122371696892256,RENT,other,employed,0
Rajesh Banerjee,58,227163,230409,718,7.0,0.03262324461928669,MORTGAGE,debt_consolidation,employed,0
Priya Nair,45,390948,154850,774,0.0,0.06279424230211565,RENT,other,employed,0
Dinesh Pillai,23,522622,230236,546,11.0,0.171921830599122,RENT,business,employed,0
Anjali Ghosh,44,847100,173469,617,9.0,0.08436866372185572,RENT,debt_consolidation,employed,0
Rekha Banerjee,18,617709,168806,692,5.0,0.03950666854195665,MORTGAGE,other,employed,0
Rekha Jain,47,309578,155525,766,0.0,0.20228102445235,MORTGAGE,debt_consolidation,self_employed,0
Shweta Banerjee,50,797478,91221,635,1.0,0.21914023079702893,MORTGAGE,debt_consolidation,employed,0
Deepak Jain,32,380881,353358,641,9.0,0.1505367474140739,RENT,debt_consolidation,employed,0
Vijay Shah,41,238505,111679,718,0.0,0.1148415398518499,MORTGAGE,other,employed,0
Mukesh Verma,63,405947,94465,537,0.0,0.16049634519977876,MORTGAGE,education,employed,0
Sunita Menon,33,908077,149470,810,3.0,0.04195251918652073,RENT,other,employed,0
Deepak Iyer,27,480518,110792,562,1.0,0.24247597630076487,RENT,debt_consolidation,employed,1
Geeta Reddy,57,445192,159422,458,1.0,0.27916345748031457,MORTGAGE,debt_consolidation,employed,0
Swati Verma,63,1003100,214294,651,4.0,0.11639259551112897,MORTGAGE,business,employed,0
Rahul Patel,40,216278,242345,819,2.0,0.2437150551232624,MORTGAGE,home_improvement,unemployed,0
Rajesh Ghosh,52,232629,225458,708,0.0,0.04303166676427156,OWN,education,employed,0
Rekha Pillai,56,200000,144025,725,3.0,0.4873023735462656,OWN,home_improvement,self_employed,1
Dinesh Jain,31,533025,166015,654,2.0,0.1387401675159241,MORTGAGE,home_improvement,employed,0
Sunita Nair,34,480819,191597,634,6.0,0.10213258266747749,MORTGAGE,debt_consolidation,employed,0
Ramesh Chakraborty,54,956817,80570,495,0.0,0.14095306588054463,RENT,home_improvement,employed,1
Swati Ghosh,60,499687,204481,424,4.0,0.32351722222354745,MORTGAGE,debt_consolidation,employed,1
Rajesh Agarwal,46,361465,90860,669,2.0,0.2975773816848845,RENT,other,employed,1
Meena Pillai,29,442810,368110,781,2.0,0.16131506964639697,OWN,other,unemployed,1
Sneha Gupta,63,469232,138440,684,1.0,0.09896660529187712,RENT,education,employed,0
Sneha Mishra,33,200000,151153,712,0.0,0.06578187176278079,OWN,debt_consolidation,employed,0
Shweta Mukherjee,35,1715415,119625,808,9.0,0.263993087246583,RENT,debt_consolidation,employed,0
Anjali Menon,44,573742,126501,682,1.0,0.26429520695420555,MORTGAGE,business,employed,0
Priya Iyer,58,491395,404188,637,5.0,0.20049451191844306,MORTGAGE,education,unemployed,1
Sanjay Banerjee,50,601740,237078,568,14.0,0.19625670224458533,MORTGAGE,other,employed,1
Sanjay Kumar,44,630775,87580,850,4.0,0.0897147387191761,RENT,other,employed,0
Sneha Chakraborty,45,412389,297058,702,2.0,0.13932559037923778,MORTGAGE,debt_consolidation,employed,1
Rekha Patel,40,322668,262313,555,,0.2813512190019029,MORTGAGE,other,unemployed,1
Rahul Reddy,46,597031,145439,532,13.0,0.19364351705034796,RENT,debt_consolidation,employed,0
Manish Kumar,18,536518,183997,775,5.0,0.22667920110067485,RENT,education,employed,0
Priya Kumar,36,295095,161784,546,5.0,0.1849192422046743,MORTGAGE,business,self_employed,1
Sunita Reddy,42,899431,358266,835,2.0,0.21240336244228916,OWN,business,unemployed,0
Divya Verma,26,512305,118359,374,9.0,0.3463208529132627,RENT,business,self_employed,0
Ramesh Ghosh,44,637245,172543,792,6.0,0.0842833791987412,MORTGAGE,other,unemployed,0
Dinesh Shah,37,887319,137137,698,1.0,0.18043966149243482,MORTGAGE,business,employed,0
Rashmi Chakraborty,61,447281,91746,661,4.0,0.2251817359238541,OWN,education,employed,1
Swati Nair,58,518386,391075,632,2.0,0.16751206546795344,RENT,debt_consolidation,employed,0
Amit Reddy,34,663320,101455,839,0.0,0.056404517986039994,RENT,other,unemployed,0
Vijay Jain,38,307912,177735,720,8.0,0.11951622492721295,RENT,other,self_employed,0
Sneha Mukherjee,39,454533,81122,559,0.0,0.21259267917540778,OWN,business,employed,0
Amit Mukherjee,34,471075,138742,478,3.0,0.17568520827075226,OWN,other,employed,1
Sneha Iyer,42,274298,192680,667,2.0,0.03899698397730691,RENT,debt_consolidation,employed,0
Swati Banerjee,30,1409602,117020,649,2.0,0.1136215197276021,MORTGAGE,education,self_employed,1
Deepak Gupta,26,218896,205812,498,3.0,,OWN,debt_consolidation,employed,0
Pooja Jain,47,231179,146149,644,29.0,0.13328886192590908,RENT,home_improvement,employed,0
Naresh Agarwal,47,853510,258857,592,2.0,0.0834318568782924,MORTGAGE,business,employed,0
Anita Reddy,30,631992,280605,650,1.0,0.08691365918459394,RENT,business,employed,0
Arun Nair,50,264876,128708,722,4.0,0.17076535415936597,MORTGAGE,business,unemployed,0
Meena Agarwal,32,599376,167827,799,1.0,,MORTGAGE,debt_consolidation,employed,1
Ramesh Ghosh,43,921654,175147,740,0.0,0.14795403448994748,MORTGAGE,other,unemployed,1
Vijay Chatterjee,49,435769,208509,577,0.0,0.252603235689591,RENT,debt_consolidation,employed,0
Swati Sharma,39,1622390,163693,686,0.0,0.15624432878905767,RENT,business,employed,1
Anjali Nair,45,200000,175621,656,2.0,0.09081864144944757,RENT,other,self_employed,1
Manish Jain,33,625878,147655,516,2.0,0.1846099906927708,RENT,other,self_employed,1
Naresh Ghosh,37,792750,170432,689,1.0,0.13856555202577683,MORTGAGE,education,self_employed,0
Sunita Ghosh,37,690845,273532,835,7.0,0.19487714599740485,MORTGAGE,business,employed,0
Kavita Verma,31,399441,210751,653,0.0,0.07685105935375576,MORTGAGE,home_improvement,self_employed,0
Anita Reddy,37,382612,215453,490,12.0,0.2058022907475235,RENT,home_improvement,unemployed,1
Deepak Singh,21,552424,217342,653,4.0,0.25998708537194815,MORTGAGE,home_improvement,employed,0
Deepak Patel,34,665222,153043,528,0.0,0.2130861239360248,RENT,business,employed,0
Swati Shah,36,597934,184892,736,16.0,0.12763410133461145,MORTGAGE,education,employed,0
Rahul Mukherjee,36,744173,105443,702,1.0,0.14523621228617584,RENT,home_improvement,unemployed,1
Dinesh Nair,37,265817,270363,632,2.0,0.03893332357482128,MORTGAGE,education,employed,0
Vijay Mukherjee,39,394792,53466,616,1.0,0.1286515224716096,RENT,home_improvement,employed,0
Manish Chatterjee,45,276507,157179,628,6.0,0.13515271865857864,RENT,debt_consolidation,employed,0
Priya Shah,50,364741,256878,650,3.0,0.24111350799267883,MORTGAGE,other,employed,0
Naresh Agarwal,32,734988,94320,572,0.0,0.10254939894374072,MORTGAGE,other,self_employed,0
Arun Mukherjee,25,466956,190977,511,0.0,0.25210057463510005,MORTGAGE,debt_consolidation,self_employed,1
Amit Singh,27,1628922,123957,763,6.0,0.17431638474761027,RENT,education,unemployed,1
Sneha Banerjee,34,487333,140432,611,1.0,0.18652979601745742,OWN,home_improvement,self_employed,1
Swati Sharma,35,455816,237607,666,0.0,0.4020775313191631,RENT,debt_consolidation,employed,1
Suresh Gupta,30,466536,176173,678,3.0,0.2542108788084527,MORTGAGE,home_improvement,self_employed,1
Rajesh Agarwal,24,321610,72132,682,,0.18431511563051603,RENT,debt_consolidation,employed,0
Rekha Iyer,34,429802,110131,532,1.0,0.02046431011967205,MORTGAGE,education,self_employed,0
Dinesh Singh,42,777542,240417,482,1.0,0.09140765683172038,MORTGAGE,debt_consolidation,employed,0
Rajesh Banerjee,47,468356,194770,591,8.0,0.09271355490829118,OWN,debt_consolidation,employed,0
Dinesh Iyer,33,297529,327503,689,0.0,0.12288067509033525,MORTGAGE,debt_consolidation,employed,0
Suresh Gupta,35,278579,319035,577,4.0,0.1895926485714377,MORTGAGE,debt_consolidation,unemployed,1
Shweta Kumar,28,353238,141931,614,,0.05959782896871951,RENT,business,employed,0
Rahul Pillai,39,459057,442986,850,9.0,0.22380464833285432,RENT,business,employed,0
Mukesh Reddy,29,803548,164356,465,0.0,,RENT,debt_consolidation,employed,0
Priya Gupta,46,226331,110739,574,1.0,0.13058865217161764,OWN,education,employed,1
Amit Verma,18,377032,126316,839,0.0,0.11793111928775195,RENT,debt_consolidation,unemployed,0
Sneha Patel,35,475515,65993,645,14.0,0.11445446929527459,MORTGAGE,home_improvement,employed,0
Swati Gupta,43,200000,309529,579,21.0,0.150470701336706,RENT,debt_consolidation,employed,0
Ajay Jain,42,291618,308015,766,1.0,0.35606487552119886,MORTGAGE,education,employed,0
Sunita Patel,72,314914,108423,655,5.0,0.22836294373093224,MORTGAGE,home_improvement,employed,0
Neha Menon,44,297156,148575,615,9.0,0.16068236116350973,MORTGAGE,business,employed,0
Manish Menon,27,486963,169099,669,1.0,0.15371222843045237,RENT,home_improvement,employed,0
Neha Reddy,38,408284,110841,584,,0.03220747632090437,MORTGAGE,debt_consolidation,employed,0
Rahul Menon,18,335157,80656,548,0.0,0.1546646770313385,MORTGAGE,education,unemployed,1
Anita Singh,39,547973,149620,638,2.0,0.08715055605958284,RENT,business,employed,0
Swati Sharma,30,1047102,143138,548,11.0,0.11397172331632043,MORTGAGE,home_improvement,employed,0
Suresh Ghosh,50,1004126,139334,651,11.0,0.39765337932409717,RENT,debt_consolidation,employed,1
Amit Chakraborty,33,200000,177919,685,0.0,0.2910987956582059,RENT,business,employed,1
Priya Gupta,38,590388,288314,735,1.0,0.20714653909356076,OWN,debt_consolidation,employed,0
Pooja Mukherjee,32,404735,144172,762,2.0,0.07515220438032434,RENT,home_improvement,employed,0
Anjali Shah,60,478101,174237,609,7.0,0.040693024979805675,MORTGAGE,debt_consolidation,self_employed,0
Geeta Shah,36,362528,217672,699,4.0,0.09970796686049382,RENT,education,employed,1
Divya Gupta,61,469204,203141,699,3.0,0.04841811825702427,OWN,debt_consolidation,employed,0
Meena Pillai,49,477206,127290,682,4.0,0.23214047736619253,MORTGAGE,other,employed,0
Deepak Menon,45,331215,169151,602,0.0,0.24912902034867157,MORTGAGE,other,unemployed,0
Dinesh Sharma,44,282608,202605,547,3.0,0.36066922890441205,RENT,other,employed,1
Rashmi Mishra,44,353504,103638,700,,0.20524782788741927,MORTGAGE,other,self_employed,0
Swati Jain,18,497389,269794,479,0.0,0.0822322214021976,RENT,other,unemployed,1
Vikram Menon,36,596895,288553,623,3.0,,MORTGAGE,other,employed,0
Geeta Banerjee,50,677845,121891,394,1.0,0.20959597124067378,MORTGAGE,debt_consolidation,unemployed,1
Meena Kumar,39,345554,175864,516,,0.2611771187330843,RENT,home_improvement,self_employed,1
Meena Nair,23,509875,210430,562,4.0,0.22636152396023881,RENT,debt_consolidation,employed,1
Rahul Banerjee,39,715868,130843,759,4.0,0.19882748028719988,OWN,home_improvement,employed,0
Rekha Banerjee,60,792380,197332,718,9.0,0.03331818468521685,RENT,home_improvement,self_employed,0
Vikram Singh,54,429588,173737,594,2.0,0.21840752164626634,RENT,other,employed,0
Priya Sharma,39,396144,90475,722,3.0,0.3148179432107944,RENT,other,employed,0
Ajay Ghosh,51,486777,195568,738,0.0,0.18570716930097866,OWN,debt_consolidation,unemployed,1
Deepak Banerjee,35,248984,104814,633,7.0,0.07496607781173494,RENT,business,unemployed,1
Swati Gupta,19,401593,236968,511,1.0,0.1300395260286655,OWN,home_improvement,employed,0
Meena Agarwal,28,641967,124432,629,8.0,0.02391372543024142,OWN,home_improvement,employed,0
Shweta Nair,58,609853,152586,640,1.0,0.1252782690688252,MORTGAGE,home_improvement,unemployed,1
Rajesh Iyer,36,386491,281788,526,0.0,0.05418342905592085,MORTGAGE,other,self_employed,1
Naresh Mukherjee,37,493293,198501,686,0.0,0.06378642078986134,OWN,other,self_employed,0
Vikram Mishra,36,292925,105684,677,21.0,0.10061816013151116,OWN,debt_consolidation,employed,0
Sneha Jain,62,628911,108448,694,1.0,0.06860837604234848,RENT,debt_consolidation,employed,0
Divya Patel,59,425529,128063,677,0.0,0.10646911027164845,MORTGAGE,education,employed,0
Rajesh Singh,66,385395,190585,722,0.0,,MORTGAGE,business,employed,0
Sneha Chakraborty,38,369216,187835,632,1.0,0.2700242417925988,MORTGAGE,business,self_employed,0
Rekha Verma,43,428717,116164,670,,0.13287948404564007,RENT,other,employed,0
Rekha Banerjee,21,353649,102039,610,3.0,0.27831365836929783,MORTGAGE,debt_consolidation,employed,1
Manish Banerjee,57,614811,182158,591,1.0,0.16698940278388372,MORTGAGE,home_improvement,employed,1
Amit Shah,25,363072,151335,783,3.0,0.20524320271730603,RENT,other,employed,0
Anita Gupta,42,981151,385727,445,0.0,0.15539031191827227,MORTGAGE,business,employed,0
Sanjay Singh,26,920438,165155,737,2.0,0.11473253343830662,RENT,business,employed,0
Rajesh Chakraborty,32,283290,336280,587,4.0,0.2550230964814425,OWN,debt_consolidation,employed,1
Rashmi Reddy,29,458104,101910,574,0.0,0.12354297719814654,RENT,debt_consolidation,employed,1
Pooja Kumar,32,319550,86743,676,2.0,0.2888478731479432,RENT,home_improvement,employed,1
Anita Jain,33,375748,103981,501,1.0,0.07660205588644081,MORTGAGE,home_improvement,employed,0
Anjali Shah,33,1204064,261882,568,,0.3704319530967758,MORTGAGE,home_improvement,employed,0
Divya Gupta,50,379349,328548,565,4.0,0.09761790499456542,RENT,other,unemployed,1
Naresh Agarwal,26,529724,119029,627,4.0,0.07096151077761,RENT,debt_consolidation,employed,0
Arun Chatterjee,42,579928,135370,569,4.0,0.1524776419188366,OWN,debt_consolidation,employed,0
Manish Reddy,54,268252,101967,810,0.0,0.12722194326145211,MORTGAGE,debt_consolidation,employed,0
Divya Shah,33,288500,78853,829,1.0,0.3164530955218371,RENT,education,unemployed,1
Mukesh Chakraborty,31,242071,216937,447,,0.08743170609678944,MORTGAGE,other,employed,0
Vikram Chakraborty,37,284080,177941,704,3.0,0.1961429805552826,MORTGAGE,other,employed,0
Ajay Nair,54,200000,163439,735,3.0,0.28801788502247866,OWN,education,self_employed,1
Geeta Reddy,42,580875,92964,704,2.0,0.0928301734016771,RENT,debt_consolidation,self_employed,1
Neha Mishra,33,1235636,313634,584,7.0,,RENT,debt_consolidation,unemployed,1
Rahul Reddy,45,476351,133073,625,0.0,0.033360331699216816,RENT,other,self_employed,0
Kavita Jain,26,217916,201481,575,18.0,0.16903372152173138,RENT,business,employed,1
Mukesh Iyer,48,320812,90960,607,0.0,0.19017697283115906,MORTGAGE,debt_consolidation,employed,0
Sanjay Nair,44,351709,150812,529,7.0,0.30587149055920965,RENT,home_improvement,employed,0
Vikram Reddy,36,265988,182873,638,2.0,0.13880298945236824,RENT,debt_consolidation,self_employed,1
Naresh Chatterjee,29,680165,185503,499,10.0,0.07316521524002678,OWN,home_improvement,employed,1
Manish Pillai,29,663397,173140,629,0.0,0.047047514432953,MORTGAGE,other,self_employed,0
Pooja Shah,46,248270,198354,525,2.0,0.13763526354518404,RENT,debt_consolidation,employed,1
Rashmi Banerjee,54,635737,103548,670,2.0,0.37482673164997643,MORTGAGE,business,employed,1
Anjali Mishra,32,949229,176124,582,24.0,0.12444453441533321,OWN,debt_consolidation,employed,0
Suresh Ghosh,45,1145416,170331,679,21.0,0.05576121945849108,MORTGAGE,other,retired,0
Amit Patel,18,1853536,178558,758,1.0,0.18775417648308274,MORTGAGE,debt_consolidation,employed,0
Rekha Kumar,32,281814,167533,808,4.0,0.20748551960819453,RENT,business,self_employed,0
Naresh Banerjee,39,1815933,97803,397,3.0,0.22764974428922774,OWN,debt_consolidation,employed,1
Rajesh Patel,29,370606,96074,566,0.0,,MORTGAGE,other,employed,1
Shweta Gupta,28,328984,67123,619,0.0,0.03236915457290885,MORTGAGE,debt_consolidation,employed,0
Shweta Gupta,31,521016,225711,696,22.0,0.22779631531191327,RENT,home_improvement,self_employed,1
Naresh Sharma,43,330700,226627,484,3.0,0.15622986314483003,RENT,debt_consolidation,employed,0
Rekha Mukherjee,37,540106,228072,551,0.0,0.17591150503721675,RENT,education,employed,0
Suresh Sharma,18,228653,184004,663,1.0,0.3044282947390044,MORTGAGE,home_improvement,self_employed,1
Dinesh Chakraborty,18,392630,69338,658,1.0,0.16011395056335745,MORTGAGE,debt_consolidation,employed,1
Ajay Menon,32,841373,107938,687,3.0,0.14200958554380763,OWN,education,employed,0
Ramesh Chakraborty,45,429969,174236,694,2.0,0.2088181736076968,RENT,education,employed,0
Rajesh Verma,18,474870,171820,683,3.0,0.1379583281162982,RENT,home_improvement,employed,0
Swati Patel,34,561085,148880,669,0.0,0.22946435079367472,MORTGAGE,home_improvement,employed,0
Swati Banerjee,33,794390,188634,655,1.0,0.1728527671000764,MORTGAGE,business,employed,0
Rashmi Kumar,56,200000,163515,716,0.0,0.141295602769983,MORTGAGE,business,unemployed,1
Pooja Menon,35,592592,170810,426,11.0,0.24286403347417396,MORTGAGE,business,retired,1
Kavita Chakraborty,44,386903,126042,804,1.0,0.22046264692865525,OWN,debt_consolidation,employed,0
Shweta Shah,41,480853,241060,429,7.0,0.16423431420446213,MORTGAGE,other,employed,1
Vikram Pillai,18,751611,136993,542,2.0,0.09003910970118505,MORTGAGE,debt_consolidation,employed,0
Vijay Mukherjee,49,243508,95582,627,3.0,0.23410238339606354,RENT,home_improvement,employed,0
Amit Menon,42,266646,119563,717,1.0,0.06811101559724621,MORTGAGE,debt_consolidation,employed,1
Pooja Mukherjee,46,200000,141579,350,5.0,0.03915628274825412,OWN,other,retired,0
Rahul Jain,80,336186,242219,647,9.0,0.14120791373764952,MORTGAGE,education,employed,0
Rekha Ghosh,18,860454,160026,729,1.0,0.3052135956084414,MORTGAGE,education,employed,0
Anita Mishra,60,416526,151076,749,1.0,0.28865007025253286,RENT,debt_consolidation,retired,0
Ramesh Mukherjee,36,226372,98768,580,5.0,0.27604935389125573,MORTGAGE,business,unemployed,1
Vikram Pillai,43,347027,222836,619,1.0,0.11947251771286155,OWN,debt_consolidation,employed,1
Sneha Mishra,39,210253,125394,588,5.0,0.12918032138468186,MORTGAGE,other,employed,0
Ajay Chakraborty,34,252056,156371,610,0.0,0.26043383705632117,RENT,home_improvement,employed,1
Anita Kumar,33,537352,294217,546,4.0,0.09962696596891185,MORTGAGE,business,unemployed,1
Shweta Chatterjee,43,245994,199487,561,3.0,0.12246361875030291,RENT,home_improvement,unemployed,1
Pooja Verma,21,771673,84854,693,0.0,0.02573383877357493,RENT,home_improvement,employed,0
Kavita Chatterjee,49,426957,80193,663,5.0,0.22808059056129676,RENT,education,employed,1
Kavita Gupta,35,461758,158621,699,2.0,0.07813800600821198,OWN,business,employed,0
Sanjay Nair,26,384928,100198,671,1.0,0.1238278153738668,MORTGAGE,business,employed,0
Kavita Verma,34,651103,210958,720,2.0,0.2965164488511626,RENT,home_improvement,employed,0
Anita Agarwal,55,654469,165529,737,3.0,0.28979418571847404,RENT,education,unemployed,0
Vijay Nair,33,523099,173885,475,0.0,0.08155957024382571,RENT,other,employed,1
Deepak Chatterjee,44,586773,122676,564,15.0,0.15316365503729826,OWN,debt_consolidation,self_employed,0
Sunita Pillai,31,397899,326620,626,5.0,0.014755096919109702,RENT,debt_consolidation,employed,0
Naresh Verma,49,580184,507391,647,0.0,0.026554600154268602,MORTGAGE,business,self_employed,0
Priya Reddy,48,373644,145592,582,8.0,0.16279487234119966,OWN,home_improvement,self_employed,0
Anjali Mukherjee,62,442907,187440,741,1.0,,MORTGAGE,debt_consolidation,employed,0
Suresh Patel,37,385647,169222,847,4.0,0.20340599829239317,MORTGAGE,debt_consolidation,employed,0
Dinesh Patel,48,352001,146697,668,1.0,0.20797146165925404,MORTGAGE,business,employed,0
Ajay Banerjee,41,313465,116677,658,6.0,0.036903216988599004,MORTGAGE,debt_consolidation,self_employed,0
Ajay Mishra,55,558966,105452,734,6.0,0.20479029108992206,MORTGAGE,home_improvement,employed,0
Deepak Menon,31,851966,103338,463,4.0,0.11444866110404842,RENT,other,employed,1
Pooja Chakraborty,48,794565,191395,652,1.0,0.15251714292682375,MORTGAGE,education,employed,0
Suresh Gupta,37,236030,132207,747,1.0,0.25818063922650425,OWN,education,employed,0
Vijay Patel,39,842898,58028,585,2.0,0.1345456440763707,RENT,debt_consolidation,employed,0
Deepak Jain,41,377347,194452,527,0.0,0.16429719915922972,MORTGAGE,debt_consolidation,self_employed,1
Vijay Menon,43,597414,160282,631,,0.27293851003668884,RENT,debt_consolidation,employed,0
Pooja Nair,38,281219,278916,643,5.0,0.07455311721949325,OWN,other,employed,1
Rashmi Chatterjee,42,474961,188952,559,8.0,0.23040605024193841,MORTGAGE,business,self_employed,0
Naresh Ghosh,58,517550,90086,850,2.0,0.3043180653805136,RENT,debt_consolidation,employed,0
Rahul Mukherjee,51,210596,66711,602,1.0,0.055012269385411816,RENT,home_improvement,self_employed,1
Naresh Kumar,50,599669,122053,534,8.0,0.13813672664842522,MORTGAGE,debt_consolidation,self_employed,1
Manish Mishra,34,867150,126748,640,11.0,,OWN,home_improvement,self_employed,0
Kavita Gupta,29,405418,237343,740,2.0,0.1950469641014305,RENT,debt_consolidation,self_employed,1
Vijay Patel,51,873343,162178,651,0.0,0.22321538528460497,MORTGAGE,debt_consolidation,employed,0
Rajesh Kumar,50,402380,256138,698,5.0,0.12987570773195503,MORTGAGE,debt_consolidation,self_employed,1
Sneha Mishra,57,676570,95804,562,7.0,0.1488913425039955,RENT,debt_consolidation,self_employed,1
Pooja Ghosh,32,200000,239451,798,,0.1555546521810359,OWN,education,employed,0
Mukesh Singh,37,1482720,217161,706,4.0,0.035200743578603165,MORTGAGE,home_improvement,employed,0
Anita Jain,20,934464,72598,754,4.0,0.31792488102016525,RENT,debt_consolidation,employed,0
Neha Reddy,35,383727,276246,686,2.0,0.1825582274111938,OWN,business,employed,1
Shweta Singh,51,200000,168954,732,6.0,0.06946758197312086,RENT,debt_consolidation,self_employed,1
Rashmi Chatterjee,34,510943,190387,562,2.0,0.019067485229596455,MORTGAGE,business,unemployed,1
Rashmi Agarwal,47,214923,115155,600,5.0,0.25009249634622077,RENT,debt_consolidation,employed,1
Ajay Mishra,37,552620,271060,784,3.0,,OWN,debt_consolidation,unemployed,1
Suresh Iyer,43,543498,101281,805,,,RENT,debt_consolidation,employed,0
Rahul Jain,26,276315,227029,535,4.0,0.16078822276601024,RENT,home_improvement,self_employed,1
Priya Kumar,41,774895,225989,674,,0.10947729570281119,RENT,other,employed,0
Ajay Chakraborty,18,661845,110230,606,18.0,0.06886680833242871,RENT,debt_consolidation,unemployed,1
Sneha Kumar,37,720652,359816,580,2.0,0.13987689663330366,MORTGAGE,debt_consolidation,self_employed,0
Suresh Mukherjee,20,444377,178547,678,0.0,0.054697053277985096,MORTGAGE,debt_consolidation,retired,0
Priya Chakraborty,54,217997,211410,764,22.0,0.11810056073033065,MORTGAGE,home_improvement,self_employed,0
Vikram Verma,49,721390,88357,695,4.0,0.3315492692009959,OWN,debt_consolidation,employed,0
Sneha Patel,45,386471,379683,618,14.0,0.08433975242604659,RENT,debt_consolidation,employed,0
Sunita Mishra,58,220821,99725,701,0.0,0.10025804261137702,RENT,other,unemployed,1
Vijay Menon,28,869800,245230,614,2.0,0.16156903860032254,RENT,debt_consolidation,employed,0
Divya Chakraborty,60,1263888,109326,691,0.0,0.07797877135102844,MORTGAGE,education,unemployed,0
Suresh Sharma,51,433382,127058,789,9.0,0.21414055678280766,RENT,debt_consolidation,employed,0
Naresh Shah,37,1302193,223128,442,10.0,0.11769169077221533,MORTGAGE,debt_consolidation,employed,0
Amit Agarwal,53,463081,245492,729,3.0,0.3665005374870755,MORTGAGE,education,employed,1
Manish Ghosh,26,365774,97878,496,1.0,0.4312479741629823,MORTGAGE,education,employed,0
Rashmi Chatterjee,30,322794,251749,772,0.0,0.1898520408690438,OWN,debt_consolidation,employed,0
Sneha Jain,32,1003035,247209,586,4.0,0.18557245737575911,OWN,debt_consolidation,self_employed,1
Dinesh Iyer,33,299517,111839,528,3.0,0.26764059240331267,RENT,home_improvement,employed,1
Divya Kumar,27,638983,308494,719,5.0,0.32917499710987413,MORTGAGE,debt_consolidation,employed,0
Geeta Chakraborty,54,334508,90876,686,1.0,0.05926332111210268,MORTGAGE,other,self_employed,0
Dinesh Mishra,36,351458,126765,550,2.0,0.1429244255352473,RENT,home_improvement,employed,1
Divya Mukherjee,44,740532,197126,524,0.0,0.22168001477723545,RENT,other,employed,0
Sanjay Mishra,33,365851,115678,631,4.0,0.0723761606071953,RENT,home_improvement,self_employed,0
Shweta Reddy,18,361350,180868,529,,,MORTGAGE,business,unemployed,1
Sunita Pillai,43,779495,179230,543,12.0,0.19105017701699842,RENT,debt_consolidation,employed,1
Divya Chakraborty,18,983328,151020,661,5.0,0.2528973400470972,MORTGAGE,education,employed,1
Amit Jain,39,610690,227057,553,2.0,0.18644670110628517,RENT,debt_consolidation,retired,0
Deepak Menon,23,318894,148546,692,1.0,0.15071974273605263,MORTGAGE,business,employed,0
Vikram Singh,63,342729,178548,799,11.0,0.14046887036682054,OWN,home_improvement,unemployed,1
Rahul Agarwal,50,460449,257452,635,0.0,0.04811058822993416,RENT,business,unemployed,1
Vijay Mukherjee,41,519418,223300,663,1.0,0.0360957536965468,MORTGAGE,business,unemployed,1
Anita Iyer,55,269970,222884,850,14.0,0.08243137414306152,MORTGAGE,education,self_employed,0
Dinesh Kumar,29,635088,102778,531,5.0,0.2537351853836289,OWN,debt_consolidation,employed,0
Divya Singh,46,461739,200770,769,3.0,0.02281641260061623,MORTGAGE,home_improvement,employed,0
Sneha Chatterjee,42,200000,114530,757,1.0,0.026450656875726463,RENT,home_improvement,employed,0
Naresh Ghosh,43,278044,97483,735,8.0,0.13797048166258974,MORTGAGE,debt_consolidation,employed,0
Divya Verma,55,343841,158152,779,1.0,0.31048063977337137,RENT,home_improvement,employed,0
Naresh Banerjee,48,426586,113355,678,1.0,0.05079796483675744,RENT,other,employed,0
Vijay Singh,43,1137836,223294,591,1.0,0.01776772197404395,RENT,other,employed,0
Amit Chatterjee,20,498363,225441,759,0.0,0.1819863851366478,RENT,debt_consolidation,employed,0
Anita Kumar,28,290574,76035,763,15.0,0.06495121823229626,OWN,other,employed,0
Naresh Ghosh,38,494012,116853,760,4.0,0.08395520841184073,OWN,other,employed,0
Swati Sharma,41,370999,90770,654,5.0,0.0964955066219933,OWN,debt_consolidation,employed,0
Naresh Iyer,26,520413,135259,578,,0.3255103551739428,RENT,business,self_employed,0
Vijay Iyer,68,591421,195256,669,1.0,0.028555508469466587,RENT,other,self_employed,0
Pooja Verma,58,809858,147721,744,0.0,0.3142360676705757,MORTGAGE,home_improvement,unemployed,1
Mukesh Mukherjee,47,437073,128552,752,4.0,0.13382453552914922,MORTGAGE,home_improvement,self_employed,0
Neha Jain,40,1003977,273777,607,3.0,0.10419896004080255,RENT,business,employed,0
Geeta Chatterjee,37,696631,64734,681,,0.24591692518458325,OWN,debt_consolidation,self_employed,0
Geeta Menon,28,310605,266931,519,0.0,0.16152142292000596,RENT,debt_consolidation,self_employed,1
Pooja Chakraborty,40,1335648,130912,748,3.0,0.1517998483545203,MORTGAGE,education,employed,0
Geeta Chakraborty,43,520995,157748,571,1.0,0.13903491186760913,MORTGAGE,debt_consolidation,self_employed,0
Anjali Iyer,25,291395,131801,728,1.0,0.27938747258012975,RENT,education,employed,1
Vikram Patel,44,1011006,301689,535,1.0,0.291541593476476,MORTGAGE,debt_consolidation,employed,1
Rashmi Jain,38,1250293,99469,753,2.0,0.1737079016000074,OWN,home_improvement,employed,0
Sunita Gupta,18,435167,163520,682,2.0,0.11820915947742064,RENT,home_improvement,self_employed,0
Meena Ghosh,29,343923,200982,571,1.0,0.23583897117417874,OWN,education,employed,0
Naresh Banerjee,35,405879,85442,719,19.0,0.07649409325054758,OWN,other,employed,0
Neha Patel,62,632455,112649,590,13.0,0.21783712786858778,MORTGAGE,education,employed,0
Rajesh Sharma,46,838129,153388,724,4.0,0.21345441267513765,MORTGAGE,business,unemployed,1
Mukesh Sharma,23,588447,114157,622,19.0,0.15421313091813518,MORTGAGE,debt_consolidation,employed,0
Ajay Mukherjee,45,465497,117449,477,23.0,0.24268672373779168,OWN,home_improvement,self_employed,1
Anjali Mukherjee,21,935658,141499,551,2.0,0.168416968371392,OWN,debt_consolidation,employed,0
Rahul Menon,52,378352,211046,606,2.0,0.09849205115438207,OWN,debt_consolidation,employed,0
Suresh Agarwal,34,740780,141904,786,15.0,0.12573460518484506,RENT,home_improvement,employed,0
Mukesh Reddy,38,383068,250539,740,4.0,0.16589052977649052,MORTGAGE,debt_consolidation,employed,0
Neha Nair,55,548812,109195,812,1.0,0.14961047204384792,MORTGAGE,debt_consolidation,self_employed,0
Anjali Kumar,24,417992,98639,815,5.0,0.20332725955895395,RENT,debt_consolidation,employed,0
Neha Chakraborty,23,430229,351701,596,,0.0926486674039348,MORTGAGE,home_improvement,employed,0
Sanjay Patel,32,366336,125093,631,2.0,0.22370693665786798,MORTGAGE,debt_consolidation,employed,0
Rekha Banerjee,52,866681,96339,608,1.0,0.40612409679738387,MORTGAGE,debt_consolidation,employed,1
Neha Chakraborty,21,306672,81078,582,1.0,0.09555347930811833,MORTGAGE,home_improvement,self_employed,1
Pooja Ghosh,18,305554,250206,465,0.0,0.25811393064850485,OWN,debt_consolidation,employed,1
Sanjay Menon,34,1277603,141985,648,10.0,0.0827661886552067,RENT,debt_consolidation,employed,0
Ramesh Agarwal,46,721381,147048,521,1.0,0.10518969303099407,MORTGAGE,home_improvement,self_employed,1
Neha Banerjee,54,200000,152713,646,0.0,0.150935981736746,MORTGAGE,home_improvement,retired,0
Geeta Banerjee,34,333490,244061,850,0.0,0.1510399957711334,RENT,other,employed,0
Rashmi Mishra,35,200000,151476,599,4.0,0.04899442785707118,RENT,debt_consolidation,employed,0
Pooja Banerjee,53,275035,415659,669,24.0,0.26341268280318697,RENT,business,employed,0
Swati Chatterjee,18,200000,171700,740,0.0,0.07482044721024489,RENT,debt_consolidation,employed,0
Sanjay Shah,35,413124,248876,678,0.0,0.20218848928421507,MORTGAGE,debt_consolidation,self_employed,1
Ajay Nair,42,249953,224604,679,2.0,0.04529454436409477,RENT,home_improvement,employed,0
Ramesh Menon,45,455865,160399,613,,0.07170638374076553,MORTGAGE,home_improvement,employed,1
Shweta Kumar,33,200000,128696,626,1.0,0.047163613002459685,MORTGAGE,home_improvement,unemployed,0
Rekha Singh,40,461139,185866,553,1.0,0.11126576610148461,MORTGAGE,education,employed,0
Shweta Jain,18,359526,199593,734,2.0,,RENT,education,self_employed,1
Manish Mishra,32,937504,129439,475,1.0,0.17516097901385946,MORTGAGE,debt_consolidation,employed,0
Anjali Agarwal,45,895984,173952,747,12.0,,MORTGAGE,debt_consolidation,employed,0
Vijay Menon,28,655184,266860,509,0.0,0.09895293680871833,RENT,home_improvement,employed,1
Geeta Reddy,40,375755,372495,746,1.0,0.10806919321990464,RENT,debt_consolidation,employed,0
Geeta Banerjee,45,1193845,229061,614,8.0,0.29997412657495165,MORTGAGE,education,employed,0
Divya Verma,35,203512,342869,526,8.0,0.1399028746666556,MORTGAGE,other,employed,1
Sneha Menon,42,219305,126531,707,0.0,0.13739866833774755,MORTGAGE,debt_consolidation,employed,0
Suresh Sharma,28,424262,215507,742,18.0,0.14808728792674877,MORTGAGE,education,employed,0
Geeta Gupta,37,1365483,278008,606,5.0,0.13148177500394984,MORTGAGE,business,employed,0
Dinesh Kumar,47,399844,113716,722,1.0,0.08180885626449241,OWN,business,self_employed,1
Rashmi Ghosh,41,403679,134022,421,3.0,0.2353465999838012,OWN,debt_consolidation,employed,1
Neha Gupta,32,215140,326166,517,1.0,0.2887353216356134,RENT,debt_consolidation,unemployed,1
Amit Patel,42,709960,110189,779,0.0,0.051279585011087356,RENT,home_improvement,retired,0
Kavita Nair,48,712537,95182,627,1.0,0.16285807119517215,OWN,business,unemployed,1
Amit Ghosh,18,656407,299896,463,4.0,0.2947191663460004,RENT,other,self_employed,1
Priya Menon,53,322994,262683,580,8.0,0.4733939700198627,MORTGAGE,business,employed,1
Sunita Menon,35,310719,193464,557,2.0,0.27815744106792295,RENT,home_improvement,employed,1
Divya Mukherjee,45,231755,159805,633,2.0,0.16421463172533937,OWN,other,employed,0
Meena Ghosh,54,461361,136569,612,3.0,0.19750439780795306,MORTGAGE,home_improvement,employed,1
Priya Mishra,23,257763,182185,667,5.0,0.29436594848782904,MORTGAGE,debt_consolidation,employed,0
Suresh Chatterjee,31,245558,306178,643,6.0,0.016113435872729245,MORTGAGE,business,employed,1
Manish Sharma,36,357952,179051,785,1.0,0.1160597971652274,OWN,debt_consolidation,employed,0
Rajesh Mukherjee,30,346425,387233,692,4.0,0.04405194657550978,MORTGAGE,other,unemployed,1
Meena Agarwal,60,338070,113643,695,2.0,0.2411083437685018,RENT,home_improvement,employed,0
Priya Ghosh,29,558618,161478,766,6.0,0.0645957753204367,MORTGAGE,debt_consolidation,employed,0
Vijay Mukherjee,33,460249,140193,611,0.0,0.2864861601581573,MORTGAGE,debt_consolidation,employed,0
Mukesh Jain,42,383050,105444,523,1.0,0.08730518897074155,RENT,business,employed,0
Divya Mishra,25,484807,153087,770,2.0,0.2734864919751807,MORTGAGE,home_improvement,self_employed,0
Anita Verma,35,269476,192323,663,11.0,0.2606289367157053,MORTGAGE,home_improvement,employed,0
Pooja Jain,43,466325,200725,663,4.0,0.19455651291888618,MORTGAGE,business,employed,0
Suresh Sharma,36,477014,387775,586,16.0,0.3760072262858709,OWN,debt_consolidation,self_employed,1
Sneha Gupta,38,208663,195983,588,,0.04363529735789131,MORTGAGE,debt_consolidation,employed,0
Sanjay Menon,33,727847,257829,734,3.0,0.31245148760364017,RENT,business,self_employed,0
Pooja Menon,21,284726,167115,748,2.0,0.10539347146162467,OWN,debt_consolidation,employed,0
Deepak Chakraborty,43,462848,318450,728,4.0,0.1617902255819576,MORTGAGE,other,employed,0
Rajesh Mukherjee,61,791912,424802,729,8.0,0.15821429502408585,MORTGAGE,debt_consolidation,employed,0
Rahul Gupta,40,702807,201276,706,9.0,0.16713006705492794,RENT,home_improvement,self_employed,1
Sunita Gupta,42,450073,109418,663,5.0,0.12171461952712245,RENT,debt_consolidation,self_employed,1
Swati Shah,48,369073,130676,632,5.0,0.12761938242849394,MORTGAGE,debt_consolidation,self_employed,0
Shweta Banerjee,24,710522,182184,771,14.0,0.07193337486283252,OWN,education,employed,0
Sunita Chakraborty,60,619921,195359,612,2.0,0.04278867879095693,RENT,business,self_employed,1
Pooja Nair,42,324752,215210,686,,0.20760190304358314,RENT,debt_consolidation,employed,0
Dinesh Patel,59,297316,195649,569,,0.3184135448022685,MORTGAGE,debt_consolidation,employed,0
Kavita Ghosh,31,200000,163210,584,3.0,0.13639021308110547,OWN,debt_consolidation,employed,0
Rajesh Pillai,61,477832,126187,626,6.0,0.036978978443067446,MORTGAGE,business,unemployed,0
Sunita Menon,49,424493,191081,569,2.0,0.1262529485189952,RENT,education,employed,0
Ajay Sharma,46,780816,341804,729,,0.16493374686658593,MORTGAGE,debt_consolidation,unemployed,1
Sanjay Mishra,42,529414,244744,515,4.0,0.04940528307875878,MORTGAGE,debt_consolidation,self_employed,0
Neha Mukherjee,37,862089,201567,659,1.0,0.19746433540556366,OWN,education,employed,0
Anjali Banerjee,54,312174,245690,663,3.0,0.13892424906808495,RENT,education,employed,1
Amit Mukherjee,41,781581,140305,468,10.0,0.09106671411338263,MORTGAGE,debt_consolidation,self_employed,1
Meena Reddy,18,339606,132812,605,,0.021494325564692166,RENT,home_improvement,employed,0
Anjali Mukherjee,26,652651,120678,675,0.0,0.17859193114593638,OWN,other,employed,0
Sanjay Banerjee,37,213335,154799,692,4.0,0.18515153474580712,OWN,education,employed,0
Dinesh Chakraborty,43,497607,137475,629,2.0,0.13030599091160233,MORTGAGE,debt_consolidation,employed,0
Sanjay Pillai,39,200000,263895,717,2.0,0.23574612665648517,OWN,home_improvement,employed,0
Deepak Chakraborty,54,387097,134574,639,2.0,0.2653657618904098,OWN,other,self_employed,1
Rashmi Jain,18,551378,118055,651,0.0,0.08834448935523094,MORTGAGE,home_improvement,employed,0
Ramesh Reddy,41,340958,353992,675,0.0,0.06210096802779659,MORTGAGE,education,employed,0
Ramesh Pillai,18,261654,135869,742,11.0,0.23635769272423865,OWN,debt_consolidation,employed,0
Anita Pillai,49,675399,173063,582,1.0,0.11404048317607485,OWN,education,employed,0
Naresh Chakraborty,38,420108,194955,601,2.0,0.1519411910322935,MORTGAGE,business,self_employed,1
Rekha Sharma,45,346353,103292,583,17.0,0.35295567264420663,MORTGAGE,debt_consolidation,employed,0
Rashmi Singh,29,451778,266783,616,8.0,0.22718382060984826,RENT,home_improvement,employed,0
Sanjay Gupta,55,1653383,209996,792,0.0,0.06965464377770625,OWN,debt_consolidation,employed,0
Deepak Jain,52,787604,303565,707,3.0,0.0771608522216759,RENT,education,self_employed,0
Anita Jain,47,791184,124034,536,6.0,0.18143340555075552,MORTGAGE,education,employed,0
Geeta Reddy,38,550054,169337,589,5.0,0.20803770810845698,MORTGAGE,home_improvement,retired,1
Neha Nair,46,480817,165337,687,7.0,0.07292238898110474,RENT,home_improvement,unemployed,1
Vijay Banerjee,31,200000,180873,559,3.0,0.22735253665032046,RENT,home_improvement,self_employed,1
Rahul Patel,50,315057,90958,577,0.0,0.22848002879488843,OWN,debt_consolidation,employed,0
Kavita Shah,59,347914,170132,784,3.0,0.23385164465598215,MORTGAGE,home_improvement,employed,0
Amit Menon,52,200000,91988,588,5.0,0.3796081597047618,MORTGAGE,debt_consolidation,employed,1
Anita Reddy,31,248026,187837,745,4.0,0.20989790723407847,RENT,debt_consolidation,employed,0
Amit Banerjee,44,200000,69462,775,0.0,0.04406670489594814,RENT,other,retired,0
Sunita Mishra,24,434016,77603,576,0.0,0.0776250767170624,MORTGAGE,debt_consolidation,employed,0
Rashmi Reddy,46,666225,225803,561,16.0,0.13478544984952512,OWN,home_improvement,employed,1
Pooja Agarwal,45,769416,130779,622,0.0,0.07867781695650981,OWN,other,unemployed,1
Naresh Chakraborty,18,544374,109628,541,1.0,0.18541580190751392,MORTGAGE,home_improvement,employed,1
Sanjay Mishra,26,273293,270584,662,7.0,,OWN,home_improvement,employed,1
Shweta Agarwal,36,200000,185544,629,2.0,0.09824469846634874,MORTGAGE,debt_consolidation,retired,0
Rashmi Agarwal,36,200000,230691,686,1.0,0.04333688888240849,MORTGAGE,debt_consolidation,employed,0
Kavita Jain,25,234569,152284,789,3.0,0.2922378051104205,MORTGAGE,home_improvement,self_employed,0
Rekha Patel,44,283670,475371,731,4.0,0.1331691295157364,RENT,home_improvement,employed,1
Rajesh Jain,43,408450,127796,698,3.0,0.31493493086375424,OWN,debt_consolidation,employed,0
Rajesh Jain,37,266443,327027,453,12.0,0.18851481238736162,OWN,home_improvement,employed,1
Dinesh Ghosh,30,524126,158808,694,1.0,0.13361599112643693,RENT,education,employed,0
Pooja Kumar,52,393904,83968,822,5.0,0.19612278987867732,MORTGAGE,debt_consolidation,employed,0
Ramesh Singh,59,444752,197430,348,0.0,0.0652603250176631,OWN,debt_consolidation,employed,0
Anjali Gupta,34,782403,184592,718,2.0,0.09158949139776497,MORTGAGE,debt_consolidation,employed,0
Anita Chatterjee,32,245213,106880,634,6.0,0.2887122797340081,RENT,business,employed,1
Divya Sharma,45,545442,112545,565,1.0,0.24813024173718456,RENT,education,self_employed,1
Ramesh Banerjee,35,439333,161154,730,4.0,0.10639245407105134,RENT,debt_consolidation,self_employed,0
Priya Chatterjee,38,374466,187193,820,0.0,0.08364248925453689,MORTGAGE,other,employed,0
Pooja Ghosh,48,688746,60580,727,0.0,0.33048716165088016,MORTGAGE,business,employed,0
Arun Chatterjee,18,686599,248016,612,3.0,0.08159781199202719,OWN,home_improvement,unemployed,1
Naresh Chakraborty,55,275613,133545,555,5.0,0.21218903498673627,MORTGAGE,debt_consolidation,employed,1
Rekha Patel,40,403898,95540,664,0.0,0.20198555967743018,RENT,home_improvement,employed,0
Rashmi Mishra,35,509204,237144,737,12.0,0.06627616795028742,OWN,other,self_employed,1
Ramesh Mukherjee,38,385962,161224,611,1.0,0.13634745963053,OWN,other,employed,0
Sanjay Menon,39,592739,264730,620,0.0,0.17325398628336672,RENT,business,employed,1
Kavita Chakraborty,19,509199,193916,850,1.0,0.20927410527067683,MORTGAGE,business,employed,0
Vikram Verma,57,1106022,162656,757,0.0,0.04521178829043691,RENT,debt_consolidation,unemployed,1
Vijay Iyer,40,205841,153109,765,0.0,0.09615198488717881,MORTGAGE,other,employed,0
Rashmi Banerjee,45,416142,197419,503,7.0,0.21723930974992475,OWN,education,employed,1
Priya Mukherjee,51,280898,137941,579,3.0,0.27681593555501344,MORTGAGE,home_improvement,employed,0
Pooja Menon,27,598423,115724,657,2.0,0.21794288044297885,RENT,education,employed,0
Rekha Mishra,45,200000,207723,549,15.0,0.019049127768572472,RENT,debt_consolidation,employed,0
Manish Singh,36,526052,153615,810,2.0,0.23635943929190772,MORTGAGE,debt_consolidation,employed,0
Mukesh Mukherjee,50,322860,164954,791,0.0,0.11643688177126092,RENT,education,self_employed,0
Manish Reddy,18,306483,251639,596,1.0,0.035450772412662056,MORTGAGE,business,self_employed,0
Mukesh Sharma,38,214647,155507,828,1.0,0.1944234646886682,OWN,business,self_employed,0
Rahul Agarwal,32,350621,163736,649,3.0,0.2862884719254122,MORTGAGE,business,employed,1
Deepak Chakraborty,45,760894,128045,850,,0.3029962553441668,OWN,debt_consolidation,employed,0
Anjali Reddy,45,436876,193357,664,3.0,0.1959047765791483,MORTGAGE,debt_consolidation,employed,0
Pooja Ghosh,31,605518,187199,707,5.0,0.1751579759798658,RENT,business,employed,0
Rekha Patel,31,1016952,233353,789,7.0,0.13692758610879743,MORTGAGE,debt_consolidation,self_employed,1
Sneha Banerjee,38,504779,129100,777,6.0,0.3088356247615965,OWN,home_improvement,employed,0
Sanjay Jain,29,334569,135519,701,1.0,0.2795321540291827,OWN,business,self_employed,1
Sanjay Chatterjee,50,558844,223430,635,0.0,0.17625551996554029,OWN,other,employed,0
Divya Reddy,35,337004,180031,701,3.0,0.010475773269512136,MORTGAGE,debt_consolidation,employed,0
Pooja Mishra,18,343790,113268,568,1.0,0.2845765742932483,MORTGAGE,home_improvement,employed,1
Rashmi Iyer,35,206912,274476,665,0.0,0.036409539063351745,RENT,other,employed,1
Rajesh Iyer,27,703011,82505,539,,0.12044172388901639,MORTGAGE,debt_consolidation,employed,0
Mukesh Nair,20,364761,222729,471,1.0,0.15009048417212328,OWN,education,employed,0
Pooja Menon,25,484585,98116,655,7.0,0.026780674204268835,MORTGAGE,debt_consolidation,employed,0
Sanjay Pillai,41,263555,346041,776,1.0,0.1252276928826779,RENT,other,employed,0
Sneha Chakraborty,55,550165,87742,742,19.0,0.07099490745730586,OWN,home_improvement,employed,0
Vikram Chakraborty,43,302255,258047,641,7.0,0.14289476775604681,OWN,other,employed,0
Anita Jain,32,412151,157526,824,0.0,0.23464923142550245,MORTGAGE,debt_consolidation,self_employed,1
Dinesh Singh,45,686192,140555,593,3.0,0.22572421989070407,RENT,business,employed,1
Shweta Patel,34,656960,175283,458,4.0,0.09064191745727143,RENT,business,employed,1
Geeta Jain,31,437566,209558,431,5.0,0.2705273634570251,MORTGAGE,education,employed,1
Swati Iyer,26,200000,113350,531,3.0,0.28353251674795227,RENT,debt_consolidation,employed,1
Rekha Menon,18,1975644,117440,731,3.0,,RENT,debt_consolidation,self_employed,1
Rajesh Kumar,35,1059099,211048,586,2.0,0.16460963521732153,MORTGAGE,debt_consolidation,unemployed,1
Geeta Kumar,41,634972,82212,696,1.0,0.10896515481440124,MORTGAGE,debt_consolidation,employed,0
Rashmi Sharma,38,303579,128837,814,14.0,0.06671352308078522,MORTGAGE,business,employed,0
Sneha Iyer,35,417986,549231,539,1.0,0.2861824196250559,OWN,debt_consolidation,employed,1
Rashmi Kumar,28,337152,110502,697,0.0,0.1230744428263853,RENT,education,employed,0
Naresh Mukherjee,47,832283,257589,703,0.0,0.4078141902767367,MORTGAGE,home_improvement,employed,0
Swati Reddy,24,504463,128748,563,9.0,0.09165295743334691,RENT,debt_consolidation,retired,0
Geeta Chatterjee,49,298916,199509,785,4.0,0.38833972481973056,OWN,debt_consolidation,employed,1
Meena Patel,27,349627,211449,621,,0.21887173344123403,RENT,debt_consolidation,employed,1
Swati Chakraborty,30,774981,255654,611,8.0,0.12801840538406636,MORTGAGE,home_improvement,employed,0
Priya Menon,22,984657,150226,850,,0.1981473299327441,OWN,business,retired,0
Anjali Mishra,33,949951,360610,702,3.0,0.17068141520549598,MORTGAGE,business,self_employed,0
Priya Agarwal,51,645974,128574,742,0.0,0.12805821283628455,RENT,other,employed,0
Dinesh Patel,46,389916,178740,785,0.0,0.06896387429660736,MORTGAGE,debt_consolidation,employed,0
Rashmi Singh,51,200000,179532,584,,0.028572256677312988,OWN,education,employed,0
Manish Reddy,46,513281,103902,774,2.0,0.26550450835271744,OWN,education,unemployed,1
Sanjay Nair,26,442009,145168,599,4.0,0.24977537461006663,MORTGAGE,debt_consolidation,employed,1
Pooja Banerjee,36,474487,173616,595,3.0,0.125444835740405,MORTGAGE,other,self_employed,0
Swati Patel,30,454497,136919,622,4.0,0.12502559815662118,OWN,other,employed,0
Pooja Sharma,55,227947,432081,587,0.0,0.29236261174787387,RENT,home_improvement,unemployed,1
Neha Singh,25,584612,116372,732,0.0,0.25901338397494544,MORTGAGE,home_improvement,employed,0
Pooja Ghosh,50,606893,260867,676,6.0,0.05532649052368332,RENT,education,employed,0
Rajesh Chakraborty,50,622294,229253,600,,0.25789141532794296,MORTGAGE,home_improvement,employed,0
Ajay Banerjee,61,710190,161854,717,5.0,0.2348902980355655,MORTGAGE,education,employed,0
Sneha Shah,35,598406,115141,622,3.0,0.18239786189774584,MORTGAGE,debt_consolidation,retired,0
Pooja Reddy,48,360405,119694,617,20.0,0.05719516506086299,RENT,debt_consolidation,employed,0
Anita Mukherjee,67,427018,132298,654,9.0,0.04103822088509752,OWN,debt_consolidation,employed,0
Rashmi Pillai,32,463037,79674,696,2.0,0.18733133429511212,OWN,home_improvement,unemployed,1
Naresh Gupta,21,466890,108946,688,4.0,0.1659450061729453,OWN,other,self_employed,1
Deepak Ghosh,18,728766,89950,613,0.0,0.08126916111011298,RENT,business,employed,0
Meena Pillai,48,610378,278827,734,2.0,0.36673629718804507,OWN,home_improvement,employed,1
Suresh Kumar,18,1250022,208435,627,6.0,0.2896391574286365,RENT,home_improvement,self_employed,1
Rekha Mishra,35,1333389,222880,584,4.0,0.05867271999566333,RENT,debt_consolidation,employed,0
Suresh Reddy,45,460387,205979,503,3.0,0.04739784711342898,RENT,education,employed,0
Neha Ghosh,42,200000,173995,748,0.0,0.16227000822874874,MORTGAGE,business,employed,0
Ajay Menon,45,821113,291930,651,8.0,0.22711347281487354,MORTGAGE,other,employed,0
Rekha Gupta,42,337665,127477,671,1.0,0.2491381311513897,MORTGAGE,home_improvement,employed,0
Amit Mishra,55,296338,169849,754,8.0,0.2300085034406823,OWN,home_improvement,self_employed,1
Arun Jain,28,362499,219437,602,4.0,0.18346601379959662,MORTGAGE,other,self_employed,1
Arun Reddy,31,353867,95943,512,2.0,0.30449769212687466,OWN,debt_consolidation,self_employed,0
Suresh Shah,30,600870,561650,656,0.0,0.37873339375434845,MORTGAGE,debt_consolidation,self_employed,0
Mukesh Patel,49,202862,164625,680,1.0,0.19564122331429487,OWN,home_improvement,self_employed,1
Divya Menon,50,258109,172266,623,10.0,0.2543566247694771,MORTGAGE,home_improvement,employed,1
Sanjay Pillai,45,525223,269076,797,8.0,0.038361893694022216,RENT,home_improvement,unemployed,0
Ramesh Nair,54,604086,234680,401,4.0,0.4284366334407363,RENT,debt_consolidation,employed,1
Shweta Chakraborty,25,609729,165252,762,3.0,0.241197726938704,RENT,other,employed,0
Vijay Pillai,60,298487,171450,729,5.0,0.0655866469480106,RENT,education,self_employed,1
Neha Mishra,58,271269,89173,695,3.0,0.17350481091346728,OWN,debt_consolidation,employed,0
Sneha Sharma,48,343410,130276,316,5.0,0.14459253595189606,MORTGAGE,debt_consolidation,self_employed,1
Vikram Jain,61,498787,200162,778,1.0,0.30956874270771584,MORTGAGE,other,unemployed,1
Anita Patel,20,929812,194377,547,9.0,0.2613463764975507,RENT,home_improvement,employed,1
Shweta Gupta,33,200000,265260,599,6.0,0.03593111861911324,MORTGAGE,business,employed,1
Rajesh Mishra,31,396184,155096,632,,0.2773180883597997,RENT,debt_consolidation,employed,0
Deepak Singh,48,227216,93440,690,8.0,0.21585851502333317,RENT,debt_consolidation,self_employed,1
Anjali Gupta,27,200000,248374,713,3.0,0.14374024822561246,MORTGAGE,home_improvement,employed,1
Sunita Chatterjee,49,717464,289073,739,0.0,0.2649158322324705,MORTGAGE,business,employed,0
Swati Verma,56,580887,233117,731,0.0,0.22750397759501007,MORTGAGE,debt_consolidation,employed,0
Rahul Menon,48,553887,152443,675,6.0,0.12783613396503093,RENT,other,self_employed,1
Vijay Gupta,43,701175,247150,691,10.0,0.20168854464393984,MORTGAGE,debt_consolidation,employed,0
Anjali Patel,28,348063,641499,540,8.0,,MORTGAGE,education,employed,1
Divya Kumar,29,356354,170426,574,5.0,0.10787961396158761,OWN,home_improvement,employed,0
Amit Menon,54,1319634,96307,739,0.0,0.10274045436507499,MORTGAGE,education,employed,0
Meena Jain,49,391098,128731,733,0.0,0.13775931234759195,RENT,other,employed,0
Kavita Shah,39,638940,209021,722,2.0,0.11507951348438142,OWN,debt_consolidation,self_employed,0
Manish Kumar,34,443827,85654,598,9.0,0.20000332328968207,MORTGAGE,home_improvement,self_employed,1
Vikram Mukherjee,18,200000,174165,741,16.0,0.1876632167223842,OWN,debt_consolidation,employed,0
Dinesh Mishra,27,200000,189498,533,1.0,0.10230363487580091,OWN,education,employed,0
Rahul Verma,62,331209,300754,757,7.0,0.051542270719277965,RENT,education,employed,0
Anita Nair,24,750166,274876,623,4.0,0.18110569958147812,RENT,home_improvement,unemployed,1
Rekha Reddy,42,656150,229999,818,0.0,0.17443634426707946,RENT,home_improvement,self_employed,0
Rekha Chatterjee,52,698743,68523,497,3.0,0.29218198974534465,OWN,debt_consolidation,employed,0
Manish Banerjee,24,270080,235254,826,8.0,0.03405823094601261,RENT,debt_consolidation,unemployed,0
Sunita Patel,42,992454,215821,613,1.0,0.14234809215903618,RENT,debt_consolidation,employed,0
Swati Pillai,51,273089,180300,612,11.0,0.026766731648802413,OWN,debt_consolidation,employed,0
Vikram Banerjee,40,492087,81463,669,1.0,0.029830630320831816,MORTGAGE,debt_consolidation,employed,0
Sneha Chakraborty,74,440129,119287,580,0.0,0.22016117818947445,MORTGAGE,other,retired,1
Divya Pillai,19,405575,102055,642,0.0,0.18411505802426206,MORTGAGE,debt_consolidation,employed,0
Suresh Chakraborty,52,863972,72692,576,9.0,0.09790302162845409,OWN,debt_consolidation,employed,0
Neha Mukherjee,37,310967,162565,579,2.0,0.11899406267549935,OWN,home_improvement,employed,1
Suresh Banerjee,49,225302,118287,698,7.0,0.13553942485675635,MORTGAGE,other,employed,0
Meena Nair,45,446858,465153,559,3.0,0.03968901933979807,RENT,education,employed,0
Rashmi Banerjee,31,362248,152130,573,3.0,0.10483706384535883,MORTGAGE,debt_consolidation,employed,0
Kavita Gupta,42,2394515,273074,512,8.0,0.09623769677252893,OWN,education,employed,0
Manish Shah,18,620483,86886,599,2.0,0.27706060675593797,OWN,education,retired,0
Pooja Iyer,47,360529,131658,781,8.0,0.21021940518448654,RENT,other,retired,1
Sanjay Kumar,43,260913,169186,565,,0.2075748482202114,RENT,other,employed,1
Meena Sharma,47,200000,113180,576,5.0,0.1067446808801435,OWN,debt_consolidation,self_employed,1
Rahul Mukherjee,52,264974,137464,669,6.0,0.13271378491409316,RENT,home_improvement,unemployed,0
Dinesh Kumar,44,468584,149166,612,11.0,0.11168414388488174,MORTGAGE,education,employed,0
Pooja Shah,41,903168,148217,850,1.0,0.03544584132875361,MORTGAGE,other,employed,0
Rashmi Banerjee,29,775175,341822,633,4.0,0.0998292846180963,MORTGAGE,debt_consolidation,employed,1
Rahul Chatterjee,31,496107,189338,683,2.0,0.29985920836616525,MORTGAGE,home_improvement,employed,0
Ramesh Chatterjee,54,376403,197166,744,2.0,0.17428250452222685,MORTGAGE,home_improvement,self_employed,0
Meena Sharma,57,506057,201967,742,0.0,,RENT,home_improvement,employed,0
Ramesh Iyer,37,341355,207949,673,0.0,0.21445811416790966,MORTGAGE,home_improvement,employed,1
Geeta Shah,40,1044639,157447,633,9.0,0.349281136475962,RENT,home_improvement,employed,0
Divya Jain,29,402481,143157,850,6.0,,MORTGAGE,other,employed,0
Geeta Sharma,54,423721,173985,640,2.0,0.10437770732595125,RENT,education,employed,0
Swati Nair,47,200000,258518,605,8.0,0.12894857258009926,MORTGAGE,education,employed,1
Rajesh Iyer,63,401226,255376,585,0.0,0.21182017984592796,OWN,home_improvement,self_employed,1
Naresh Banerjee,29,672153,147833,477,4.0,0.2690845430336926,RENT,other,self_employed,1
Neha Menon,35,259403,221269,732,10.0,0.11587794261337704,MORTGAGE,debt_consolidation,employed,0
Kavita Mishra,42,303956,150567,415,9.0,0.03853355647222249,MORTGAGE,debt_consolidation,employed,1
Mukesh Menon,47,657602,164974,649,2.0,0.14934116858532667,MORTGAGE,other,self_employed,0
Dinesh Menon,37,211434,134671,629,6.0,0.162160850873326,MORTGAGE,business,employed,0
Kavita Patel,29,750804,151348,850,2.0,0.06674210882193811,MORTGAGE,debt_consolidation,employed,0
Amit Iyer,50,339058,278321,466,9.0,0.2595601712275206,OWN,other,employed,1
Suresh Jain,48,364293,168884,559,3.0,0.10140769839758369,RENT,other,employed,0
Vijay Ghosh,29,252220,171804,636,7.0,0.1649157915823348,RENT,other,employed,1
Geeta Patel,56,534465,91227,630,0.0,0.16983287513511394,RENT,debt_consolidation,unemployed,1
Meena Banerjee,54,1513500,143817,595,4.0,0.11120078068925558,OWN,debt_consolidation,employed,0
Geeta Patel,41,653925,147779,641,3.0,0.3161670630567081,OWN,home_improvement,employed,0
Neha Agarwal,40,287177,116814,524,,0.23392029839017048,RENT,business,employed,1
Rekha Gupta,46,780593,164171,685,5.0,0.07452081811593579,RENT,other,retired,0
Sneha Kumar,29,377626,137080,417,12.0,0.130381027291042,MORTGAGE,other,employed,0
Meena Singh,40,879617,168046,647,7.0,0.09150550935415634,RENT,other,unemployed,1
Suresh Pillai,18,662210,170860,589,1.0,0.08859420394434547,RENT,debt_consolidation,employed,0
Divya Pillai,50,200000,111045,751,8.0,0.18976175100292836,OWN,education,employed,0
Sanjay Ghosh,21,267790,138762,825,0.0,0.20479036631569278,RENT,other,self_employed,0
Rashmi Agarwal,58,709412,167870,616,4.0,0.16259905746068287,MORTGAGE,debt_consolidation,self_employed,1
Arun Sharma,36,477265,261377,789,10.0,0.22244344325057244,MORTGAGE,debt_consolidation,self_employed,0
Vikram Verma,37,265168,180355,618,0.0,0.15595349808878575,OWN,education,employed,0
Swati Sharma,32,322289,124894,553,9.0,0.21078802237626768,RENT,debt_consolidation,unemployed,1
Sneha Singh,36,200000,190918,824,8.0,0.12134687348996663,OWN,other,employed,0
Meena Patel,57,423290,322229,702,3.0,0.25273164540109205,MORTGAGE,debt_consolidation,employed,0
Vikram Pillai,18,1336206,234845,650,1.0,0.17874959823931344,MORTGAGE,home_improvement,employed,0
Shweta Sharma,55,661633,202604,718,2.0,0.15876197070614875,OWN,other,employed,0
Kavita Gupta,44,1322730,217561,677,17.0,0.19789497042817303,MORTGAGE,other,employed,0
Vikram Sharma,25,687762,289520,643,1.0,0.08034359175314826,RENT,education,employed,0
Rashmi Agarwal,27,739507,250258,517,,0.12096988815498952,MORTGAGE,education,retired,1
Arun Iyer,60,1187118,204169,622,0.0,0.09911386367007392,RENT,other,employed,0
Meena Chatterjee,28,534256,249560,712,1.0,0.07186852767796158,RENT,other,employed,0
Pooja Pillai,26,402876,105592,637,7.0,0.3502259229719768,OWN,business,self_employed,0
Mukesh Verma,53,741424,89240,740,1.0,0.17522520350677098,RENT,education,employed,0
Arun Gupta,44,915220,173310,688,21.0,0.3609893165448467,MORTGAGE,business,employed,1
Dinesh Kumar,28,348020,167288,562,3.0,0.08709314324832661,MORTGAGE,home_improvement,employed,0
Priya Patel,42,308419,130932,518,3.0,0.1855602942936025,OWN,other,employed,1
Ramesh Menon,27,474220,226463,634,,0.1155871865586951,RENT,education,employed,0
Amit Banerjee,53,670480,77254,597,15.0,0.08032936186878376,RENT,other,self_employed,0
Rashmi Mishra,52,659373,131411,683,0.0,0.1393049869152807,OWN,debt_consolidation,employed,0
Rajesh Patel,46,217057,134056,578,3.0,0.16821109921045932,OWN,business,self_employed,1
Dinesh Menon,44,1150610,84582,588,2.0,0.4364566781421809,OWN,debt_consolidation,unemployed,1
Dinesh Sharma,61,321070,295934,755,,0.17707401585514396,MORTGAGE,home_improvement,employed,0
Anjali Jain,39,387498,94496,664,5.0,0.32213449385331716,MORTGAGE,business,self_employed,1
Deepak Pillai,25,281721,128625,579,5.0,0.2550723010090935,RENT,education,employed,0
Kavita Verma,45,1705151,234027,651,0.0,0.03256261117284773,MORTGAGE,debt_consolidation,employed,0
Rajesh Pillai,65,499336,210747,787,3.0,0.24443023067198927,MORTGAGE,debt_consolidation,self_employed,0
Shweta Singh,27,289095,104477,679,7.0,0.2493006581014256,RENT,other,employed,0
Vijay Agarwal,35,681438,213842,709,2.0,0.3886868615869021,OWN,other,employed,1
Rashmi Menon,44,649896,182757,574,0.0,0.336847923815818,MORTGAGE,debt_consolidation,employed,1
Anita Shah,39,402776,413831,752,1.0,0.15280561337020612,MORTGAGE,debt_consolidation,self_employed,0
Sunita Reddy,28,673540,191295,850,1.0,0.1201093212391929,OWN,debt_consolidation,employed,0
Sneha Verma,53,292831,153814,570,0.0,0.16537404991331628,MORTGAGE,education,employed,1
Shweta Banerjee,67,345774,115543,531,2.0,0.2358725350850498,OWN,business,self_employed,0
Vijay Singh,42,200000,120849,667,3.0,0.0940509160826553,OWN,business,employed,0
Sanjay Chatterjee,29,228210,116972,737,0.0,0.30432988602510525,MORTGAGE,business,employed,0
Suresh Shah,21,1092321,281655,640,4.0,0.362426452604623,MORTGAGE,home_improvement,employed,1
Rajesh Nair,43,1005217,163928,544,,0.055840473769348455,MORTGAGE,debt_consolidation,employed,1
Naresh Verma,53,457208,204045,639,16.0,0.1075981699367134,MORTGAGE,education,employed,0
Rekha Agarwal,45,1016083,298253,709,,0.037646803986359896,RENT,education,employed,0
Anjali Jain,39,408383,63361,609,1.0,0.10045919118870676,RENT,other,employed,1
Suresh Iyer,32,391716,271454,710,0.0,,OWN,other,employed,1
Arun Sharma,26,455092,166401,766,8.0,0.12137425250019628,RENT,education,employed,0
Sneha Patel,50,415625,193690,674,0.0,0.17891475308317725,MORTGAGE,debt_consolidation,employed,0
Ajay Singh,50,397282,116849,647,1.0,0.023357381421945853,RENT,debt_consolidation,unemployed,1
Deepak Jain,21,783635,120324,732,3.0,0.0898244112172092,OWN,education,self_employed,0
Rahul Verma,59,476902,197904,564,0.0,0.0499003386586987,MORTGAGE,debt_consolidation,employed,0
Ajay Chatterjee,46,631744,422455,554,8.0,0.05100295194569023,OWN,debt_consolidation,employed,0
Mukesh Ghosh,56,740951,243123,623,7.0,0.20457027131144376,RENT,debt_consolidation,employed,1
Vikram Nair,23,537182,270008,600,7.0,0.17267260398182424,MORTGAGE,other,unemployed,1
Ramesh Gupta,23,272355,150723,569,,0.2471660592306139,MORTGAGE,debt_consolidation,employed,1
Kavita Mishra,38,224935,128016,833,1.0,0.22053936386032055,MORTGAGE,debt_consolidation,unemployed,1
Rashmi Gupta,46,476579,119095,850,6.0,0.24531620877303434,MORTGAGE,other,employed,0
Anita Ghosh,61,406106,133878,614,2.0,0.0880863596809252,OWN,business,employed,0
Arun Verma,48,462173,71602,659,5.0,0.24432060711637887,OWN,debt_consolidation,unemployed,1
Priya Nair,37,438876,121787,631,0.0,0.11402527708191959,RENT,education,employed,0
Suresh Kumar,27,1610067,130073,760,6.0,0.2771523087291499,MORTGAGE,debt_consolidation,employed,0
Mukesh Banerjee,54,227495,151729,780,17.0,0.27635469759609155,OWN,education,employed,0
Geeta Singh,28,200000,171562,472,0.0,0.11093262286166426,MORTGAGE,business,employed,1
Vikram Chatterjee,59,522399,188147,697,0.0,0.23317636739118766,RENT,debt_consolidation,employed,0
Kavita Reddy,36,366512,161786,519,0.0,0.22792195298873894,MORTGAGE,education,retired,1
Swati Nair,59,518157,128981,825,2.0,0.05342719377690992,RENT,home_improvement,employed,0
Geeta Pillai,48,592402,74210,694,1.0,0.07446742047215525,MORTGAGE,business,employed,0
Shweta Agarwal,38,840752,129298,567,8.0,0.07086975780114714,MORTGAGE,other,self_employed,0
Rahul Menon,33,208227,110306,625,3.0,0.1907707560450021,MORTGAGE,debt_consolidation,employed,0
Pooja Kumar,35,334918,196109,621,3.0,0.0874454727316196,MORTGAGE,home_improvement,employed,0
Sanjay Verma,45,548191,234149,702,6.0,0.04110775889269293,OWN,other,employed,0
Rashmi Pillai,40,650327,236908,754,2.0,0.1767338542963382,OWN,home_improvement,employed,0
Swati Shah,32,1324737,220307,535,2.0,0.22652121387053398,RENT,business,self_employed,0
Swati Chatterjee,38,713438,154290,833,7.0,0.0770677022204901,RENT,debt_consolidation,employed,0
Rajesh Chakraborty,40,430028,132087,810,7.0,0.20867597738420007,MORTGAGE,home_improvement,employed,0
Sneha Banerjee,18,283447,120711,562,0.0,0.18335472764607458,MORTGAGE,home_improvement,unemployed,1
Pooja Reddy,45,333652,89054,657,0.0,0.23599445645946956,OWN,debt_consolidation,employed,0
Shweta Pillai,28,328945,242011,821,1.0,0.3147730749716404,MORTGAGE,debt_consolidation,employed,0
Sanjay Ghosh,26,613918,151769,773,2.0,0.0424573050301859,MORTGAGE,business,employed,0
Sunita Banerjee,19,503077,98860,616,1.0,0.15769645046484554,MORTGAGE,debt_consolidation,self_employed,0
Sneha Gupta,18,228245,116938,731,5.0,0.11295432973135294,MORTGAGE,business,employed,0
Vijay Kumar,23,355773,115060,850,8.0,0.012010765322640799,MORTGAGE,education,employed,0
Manish Shah,31,686096,165580,660,1.0,0.40051882591685695,RENT,debt_consolidation,self_employed,1
Dinesh Patel,63,527461,249443,586,4.0,,OWN,education,employed,0
Swati Nair,33,587905,141606,667,2.0,0.13438146165160153,RENT,home_improvement,employed,0
Manish Sharma,42,535770,66104,674,3.0,0.0811427479802257,MORTGAGE,other,employed,0
Ramesh Mukherjee,44,997707,150893,597,4.0,0.1025243014940553,OWN,other,employed,1
Deepak Mishra,41,497833,152897,694,11.0,0.28919406307008577,OWN,education,employed,0
Naresh Sharma,39,364757,148751,524,1.0,0.1395478103369628,MORTGAGE,debt_consolidation,employed,0
Divya Nair,25,279881,126628,583,0.0,0.2919553955434845,MORTGAGE,other,employed,1
Ramesh Ghosh,57,501222,177544,725,4.0,0.17610891824779876,MORTGAGE,other,employed,0
Kavita Reddy,61,200000,167118,474,2.0,0.06435188421632841,RENT,home_improvement,employed,0
Shweta Gupta,19,403469,161146,740,0.0,0.2927885611868061,RENT,business,employed,0
Anita Banerjee,27,399145,191962,448,0.0,0.4266204959193144,RENT,debt_consolidation,employed,1
Dinesh Menon,36,223633,137045,476,4.0,0.23412178566773537,MORTGAGE,debt_consolidation,employed,1
Rajesh Mukherjee,28,278136,133969,600,1.0,0.32414940572101536,OWN,home_improvement,unemployed,1
Anita Chatterjee,46,663197,282673,678,29.0,0.062143218474124726,RENT,business,self_employed,0
Ramesh Banerjee,31,496508,203565,782,2.0,0.09561526401144134,MORTGAGE,debt_consolidation,unemployed,1
Vikram Ghosh,65,465512,226563,655,1.0,0.11791837041254039,RENT,debt_consolidation,employed,1
Meena Reddy,54,515644,265784,625,4.0,0.02698070460224249,OWN,education,employed,0
Neha Reddy,42,463385,200862,707,1.0,0.05881520185164517,MORTGAGE,home_improvement,employed,0
Anjali Singh,52,823592,235945,562,3.0,0.33923367027235124,MORTGAGE,business,employed,1
Vijay Gupta,53,470576,86531,663,3.0,0.261540629020311,MORTGAGE,business,employed,1
Priya Kumar,33,213393,176603,530,3.0,0.24774749323201503,OWN,home_improvement,employed,1
Sneha Verma,30,999554,151283,658,7.0,0.29212184924875956,RENT,debt_consolidation,employed,1
Rajesh Singh,40,532410,318403,637,1.0,0.12244248981957412,RENT,business,employed,1
Rashmi Agarwal,50,329513,235875,569,11.0,0.04439511537743107,OWN,debt_consolidation,employed,1
Anjali Verma,41,236404,126477,666,7.0,0.03624471965628119,MORTGAGE,education,employed,0
Ajay Menon,21,539262,188927,665,2.0,0.15431487350015022,MORTGAGE,debt_consolidation,employed,0
Anita Chatterjee,30,417238,174045,767,0.0,0.16985339893634258,MORTGAGE,debt_consolidation,employed,0
Vijay Ghosh,39,971963,195190,489,1.0,0.15845649560163258,OWN,home_improvement,employed,1
Mukesh Chakraborty,39,372147,108278,642,2.0,0.0560072500138492,MORTGAGE,education,employed,0
Sanjay Verma,63,291067,187964,573,4.0,0.12575228945164849,OWN,education,employed,1
Pooja Jain,23,692385,148559,736,0.0,0.15603296092645874,OWN,debt_consolidation,employed,0
Divya Gupta,46,702668,182221,725,12.0,0.10390663679813204,RENT,home_improvement,employed,1
Rahul Agarwal,57,481338,121813,700,0.0,0.04241477773018855,RENT,debt_consolidation,employed,1
Suresh Chatterjee,67,620436,128794,579,1.0,0.1430194844709272,OWN,education,self_employed,0
Sunita Gupta,35,434154,260286,738,0.0,0.10779561168728576,RENT,debt_consolidation,employed,0
Manish Verma,45,497291,106871,496,1.0,0.11902011895771732,MORTGAGE,education,unemployed,1
Pooja Banerjee,46,792141,110072,476,9.0,0.10607839913866889,MORTGAGE,other,employed,0
Shweta Iyer,42,604803,159431,522,4.0,0.10824172527173281,MORTGAGE,other,self_employed,1
Dinesh Nair,38,406509,119520,646,1.0,0.2467887733054292,RENT,other,unemployed,1
Geeta Verma,45,869941,114232,717,10.0,0.4117603730047544,MORTGAGE,debt_consolidation,unemployed,1
Dinesh Ghosh,18,200000,169741,352,8.0,0.22564469556497352,MORTGAGE,home_improvement,employed,1
Sanjay Mukherjee,48,1234327,89140,782,7.0,0.2145855106011843,OWN,debt_consolidation,employed,0
Priya Gupta,41,200000,108750,663,9.0,0.14251971832510843,MORTGAGE,debt_consolidation,employed,0
Dinesh Shah,37,323338,370140,493,,0.34586491090151006,MORTGAGE,debt_consolidation,employed,1
Amit Agarwal,64,433454,195592,660,3.0,0.0853710727588262,MORTGAGE,business,self_employed,1
Vijay Singh,31,411169,120737,759,2.0,0.08951966706410074,OWN,home_improvement,self_employed,0
Anjali Jain,35,731758,192391,709,1.0,0.28899986243134446,RENT,other,self_employed,0
Swati Menon,63,260688,204215,759,4.0,0.2754683558189534,OWN,home_improvement,employed,1
Rajesh Agarwal,30,504026,242259,513,11.0,0.33407017376283193,MORTGAGE,business,employed,0
Vijay Jain,33,331337,154683,608,4.0,0.17923088228677442,MORTGAGE,home_improvement,employed,0
Ajay Mishra,38,512763,240529,557,12.0,0.07949842149619951,RENT,education,employed,0
Swati Banerjee,50,428314,72014,821,2.0,0.11804993961253274,MORTGAGE,other,employed,0
Neha Singh,42,463456,106668,713,5.0,0.05097326905363969,RENT,home_improvement,employed,0
Ramesh Chakraborty,24,336057,173780,850,5.0,0.2790991235778157,OWN,debt_consolidation,self_employed,0
Pooja Pillai,33,342822,185693,603,,0.14749297065557032,MORTGAGE,debt_consolidation,self_employed,0
Mukesh Iyer,32,510750,113016,577,5.0,0.21637271160830798,OWN,education,employed,0
Naresh Singh,39,709175,180550,635,1.0,0.26078457497357443,OWN,debt_consolidation,employed,1
Sneha Mishra,45,328029,126812,787,0.0,0.20575959203149133,RENT,education,employed,0
Swati Menon,45,286535,145687,613,19.0,0.07431097047846977,RENT,education,employed,0
Vijay Reddy,18,601228,245219,662,0.0,0.1179280423530458,MORTGAGE,business,employed,0
Anita Mishra,52,435281,234116,659,3.0,0.02822180590111541,MORTGAGE,education,employed,0
Swati Ghosh,43,670144,109226,653,2.0,0.03753828665673936,MORTGAGE,education,employed,0
Manish Nair,56,281278,106627,584,2.0,0.14246743491754882,RENT,business,retired,0
Naresh Reddy,45,200000,138072,636,7.0,0.19247168472656198,MORTGAGE,debt_consolidation,employed,1
Swati Reddy,53,338912,161022,631,6.0,0.32529898777568644,RENT,home_improvement,retired,0
Rekha Nair,45,301589,125096,649,11.0,0.1870327847526573,RENT,business,employed,0
Neha Iyer,56,425323,246781,744,,0.21954620272356498,OWN,other,employed,0
Dinesh Reddy,46,321765,187017,826,4.0,0.044534449001835265,OWN,business,retired,0
Divya Jain,38,640822,191459,565,11.0,0.2665531689417929,RENT,business,employed,0
Ajay Banerjee,67,383051,98064,610,25.0,0.13516812780864268,RENT,home_improvement,employed,0
Rajesh Menon,50,476983,259604,567,17.0,0.19055567224101264,MORTGAGE,debt_consolidation,employed,1
Ramesh Banerjee,46,478694,52676,668,6.0,0.2892195550028707,RENT,home_improvement,self_employed,1
Sunita Patel,24,487710,227208,596,0.0,0.18061582195528805,RENT,debt_consolidation,unemployed,1
Pooja Pillai,24,437107,236505,673,0.0,0.13855784431838666,OWN,debt_consolidation,employed,0
Manish Menon,43,571089,136904,760,8.0,0.23604242745571175,RENT,debt_consolidation,self_employed,0
Rahul Verma,41,297203,270807,397,9.0,0.23605409328886517,OWN,business,unemployed,1
Meena Ghosh,32,890651,158698,699,6.0,,MORTGAGE,other,employed,0
Rahul Mukherjee,41,393065,166870,603,1.0,0.16553543291177739,RENT,education,employed,0
Vikram Shah,59,229630,186430,696,5.0,0.17072266819668994,MORTGAGE,debt_consolidation,retired,0
Rahul Shah,48,486035,582235,560,1.0,0.25427795871586,RENT,debt_consolidation,employed,1
Kavita Agarwal,26,289065,278667,769,2.0,0.1503029732047918,RENT,home_improvement,employed,0
Rekha Reddy,38,617026,215443,741,2.0,0.11171767810391668,MORTGAGE,debt_consolidation,employed,0
Rahul Patel,30,1335481,112970,706,12.0,0.1508055086355258,MORTGAGE,home_improvement,employed,0
Sunita Banerjee,35,298556,172376,729,1.0,0.07591968334109521,OWN,business,self_employed,0
Vijay Banerjee,35,522398,117565,575,4.0,0.02619214226542305,RENT,debt_consolidation,employed,0
Ajay Chakraborty,34,200000,226125,588,2.0,0.17716374059498283,MORTGAGE,home_improvement,employed,0
Vikram Singh,24,555127,172161,725,5.0,0.13554741723876337,MORTGAGE,business,employed,0
Priya Pillai,38,284117,103796,573,4.0,0.1666174380434929,MORTGAGE,home_improvement,employed,0
Pooja Kumar,33,323703,168122,794,12.0,0.20616965140822915,MORTGAGE,business,employed,0
Vikram Patel,18,255086,115871,617,0.0,0.19699055062697132,MORTGAGE,debt_consolidation,employed,0
Pooja Chakraborty,64,637988,172903,700,1.0,0.28199554747449307,MORTGAGE,debt_consolidation,employed,0
Kavita Jain,53,732085,115424,850,7.0,0.1476947616922007,MORTGAGE,debt_consolidation,employed,0
Sanjay Shah,35,447616,164554,579,2.0,0.312755547891285,MORTGAGE,debt_consolidation,employed,1
Amit Chakraborty,40,287157,219737,656,0.0,0.24259687586132692,MORTGAGE,debt_consolidation,self_employed,1
Deepak Chakraborty,25,979464,159337,755,3.0,0.1339407198039461,MORTGAGE,debt_consolidation,employed,0
Sunita Agarwal,60,304003,139196,745,5.0,0.2184761958042661,OWN,home_improvement,employed,0
Shweta Gupta,62,200000,176541,617,0.0,0.10333545472250684,OWN,education,self_employed,0
Shweta Reddy,41,556373,215103,598,1.0,0.22336714804416724,MORTGAGE,debt_consolidation,employed,0
Geeta Chatterjee,52,254641,104519,626,8.0,0.11991123091087999,RENT,debt_consolidation,employed,0
Sneha Chatterjee,42,725273,180640,794,3.0,0.21176382541957073,RENT,business,self_employed,0
Dinesh Chakraborty,23,365649,275685,622,0.0,0.2805438488846947,RENT,business,employed,0
Dinesh Singh,35,598305,204733,657,1.0,0.2262711554762134,MORTGAGE,home_improvement,employed,0
Divya Shah,41,891579,166558,607,5.0,0.19843213736156362,MORTGAGE,debt_consolidation,employed,0
Priya Chakraborty,34,241728,210216,720,1.0,0.23766330205716865,RENT,home_improvement,retired,1
Deepak Gupta,37,333377,195047,665,8.0,0.20371248418181084,RENT,debt_consolidation,self_employed,1
Ramesh Verma,38,425987,220012,549,5.0,0.35192763006334615,MORTGAGE,business,employed,1
Sunita Reddy,39,954340,72433,553,3.0,0.22541921883710964,OWN,education,employed,0
Pooja Iyer,40,318318,87432,450,12.0,0.2529217382479658,RENT,education,employed,1
Neha Singh,27,328649,243271,566,2.0,0.1767249552148077,MORTGAGE,debt_consolidation,employed,0
Rekha Jain,31,561895,89133,729,1.0,0.10642687929997635,MORTGAGE,education,employed,0
Shweta Ghosh,24,331500,191112,782,5.0,0.15976997395714762,MORTGAGE,other,employed,0
Sunita Sharma,51,477473,141376,718,4.0,0.053138912522648525,MORTGAGE,debt_consolidation,self_employed,1
Suresh Menon,18,203664,109264,705,2.0,0.2454583195276014,RENT,debt_consolidation,unemployed,1
Priya Shah,53,1338640,187186,637,2.0,0.2913951007894783,OWN,education,employed,0
Vijay Verma,56,225515,176383,727,2.0,0.40343866869950673,OWN,education,employed,0
Arun Banerjee,36,376669,378562,678,1.0,0.23319218355622934,MORTGAGE,home_improvement,employed,0
Ajay Kumar,18,435286,126763,830,6.0,0.20800393011461737,RENT,other,employed,0
Arun Mukherjee,35,1151232,289538,640,5.0,0.2161339026634345,MORTGAGE,debt_consolidation,employed,0
Mukesh Jain,39,228108,187394,784,2.0,0.2582169501739334,OWN,home_improvement,employed,0
Vikram Verma,27,1192845,124940,737,2.0,0.2802580856096099,MORTGAGE,debt_consolidation,employed,0
Anita Menon,33,646021,224066,723,2.0,0.08381957907824862,MORTGAGE,debt_consolidation,employed,0
Manish Ghosh,58,545003,204085,448,1.0,0.12835757500135075,RENT,debt_consolidation,employed,1
Ajay Mukherjee,47,270406,165105,742,0.0,0.05716212418070419,RENT,home_improvement,employed,0
Amit Jain,28,588640,181048,637,1.0,0.08443174068748134,RENT,business,employed,0
Neha Shah,20,308123,128181,605,1.0,0.17278392064669934,OWN,debt_consolidation,self_employed,1
Geeta Menon,36,833451,116971,501,3.0,0.267371830507548,MORTGAGE,business,employed,1
Vikram Kumar,37,272248,220527,649,7.0,0.29872523824319785,RENT,home_improvement,employed,0
Arun Gupta,45,418076,148809,653,2.0,0.044980653902538026,OWN,debt_consolidation,employed,0
Rashmi Chakraborty,33,335160,157623,519,14.0,0.09680034255507368,MORTGAGE,debt_consolidation,self_employed,0
Shweta Verma,46,270016,182030,502,8.0,0.22880657250822184,MORTGAGE,debt_consolidation,employed,1
Swati Menon,63,640919,180975,698,,0.11317401992776761,MORTGAGE,business,employed,0
Sanjay Gupta,49,578231,91882,737,10.0,0.06641976648362882,MORTGAGE,business,employed,0
Deepak Mukherjee,39,809769,272256,669,4.0,0.13194774849721427,RENT,business,retired,0
Neha Kumar,37,200000,170838,765,4.0,0.058990330299944646,RENT,debt_consolidation,retired,0
Ramesh Kumar,35,753199,150082,641,0.0,0.06819127975316379,RENT,other,employed,0
Rashmi Banerjee,54,1548387,193365,644,6.0,0.1174771259518662,OWN,home_improvement,employed,0
Rajesh Chatterjee,32,352984,178906,558,4.0,0.1505188806735156,OWN,education,self_employed,0
Deepak Chakraborty,40,1141181,221200,493,3.0,0.1813840785935923,OWN,debt_consolidation,employed,1
Rajesh Banerjee,40,387867,201832,835,5.0,0.05583450836530603,RENT,home_improvement,self_employed,0
Divya Mukherjee,33,222747,216888,763,2.0,0.19429677300924256,RENT,home_improvement,unemployed,1
Kavita Jain,23,379717,279399,510,3.0,0.09525751417293675,RENT,education,employed,1
Amit Patel,43,747210,231758,665,2.0,0.1232938779458625,MORTGAGE,business,unemployed,0
Ramesh Iyer,39,290951,152635,639,6.0,0.0608350475742972,MORTGAGE,home_improvement,unemployed,0
Arun Chakraborty,46,327692,103864,622,10.0,0.4169588305540742,RENT,debt_consolidation,employed,0
Amit Singh,33,595269,317146,609,9.0,0.42364850319667086,RENT,other,employed,0
Anita Iyer,54,443090,147991,688,7.0,0.08105607987175563,MORTGAGE,debt_consolidation,employed,0
Neha Nair,29,592621,134693,731,0.0,0.17989341233975484,RENT,debt_consolidation,employed,0
Pooja Agarwal,60,498278,81251,690,12.0,0.1381488973315602,MORTGAGE,debt_consolidation,employed,1
Arun Nair,19,562312,186351,637,1.0,0.0912831238206281,OWN,debt_consolidation,employed,0
Divya Sharma,45,356414,172742,634,10.0,0.1622073181324313,OWN,debt_consolidation,employed,0
Ramesh Shah,45,496761,88783,743,1.0,0.022114968503867852,MORTGAGE,education,employed,0
Sneha Nair,30,278260,195108,696,2.0,0.03270945745115388,RENT,business,retired,0
Divya Pillai,45,842574,133348,657,6.0,0.1390501964952062,RENT,debt_consolidation,employed,0
Divya Kumar,55,322179,477407,646,,0.017714483358568702,MORTGAGE,other,employed,0
Manish Verma,18,777954,129606,684,2.0,0.14986274988951545,MORTGAGE,business,self_employed,0
Sunita Jain,46,393641,136751,603,5.0,0.07390057822190417,MORTGAGE,education,employed,0
Rajesh Nair,18,489431,114701,732,3.0,0.15169107539270657,MORTGAGE,business,retired,0
Vikram Gupta,28,345420,271346,542,1.0,0.1419093497597423,MORTGAGE,business,employed,0
Anjali Verma,59,266199,140209,608,5.0,0.2935111940592755,RENT,debt_consolidation,unemployed,1
Kavita Ghosh,33,200000,121787,711,1.0,0.15247605957644825,OWN,education,self_employed,0
Sunita Kumar,25,261016,215945,536,5.0,0.22876408870785858,RENT,other,self_employed,1
Rekha Shah,37,376263,93700,492,0.0,0.05179514295089879,RENT,debt_consolidation,employed,0
Rahul Reddy,64,491855,208990,656,3.0,0.17929241487126504,MORTGAGE,education,employed,0
Mukesh Singh,18,733211,331890,480,2.0,0.15973602677806117,RENT,home_improvement,employed,1
Meena Pillai,27,354024,204156,520,1.0,0.16163541940174392,RENT,debt_consolidation,unemployed,1
Rashmi Sharma,57,284651,210062,725,3.0,0.15850001302583228,OWN,other,employed,0
Arun Agarwal,62,215053,230504,629,5.0,0.29704543208866574,RENT,debt_consolidation,employed,0
Shweta Banerjee,38,562435,322507,778,16.0,0.20666908534681058,RENT,debt_consolidation,employed,0
Rajesh Agarwal,25,883456,264066,529,8.0,0.1878604359732982,RENT,other,employed,1
Swati Mukherjee,65,833313,194049,640,6.0,0.1272973325580512,MORTGAGE,home_improvement,self_employed,1
Ramesh Patel,59,630940,233644,689,3.0,0.22013107378552402,MORTGAGE,business,employed,0
Swati Chatterjee,48,608816,114190,532,2.0,0.2898632465369137,MORTGAGE,education,employed,0
Divya Kumar,30,1033862,222018,753,0.0,0.19192121223845465,MORTGAGE,debt_consolidation,employed,1
Mukesh Sharma,39,522322,108855,701,2.0,0.13050882484213966,MORTGAGE,debt_consolidation,employed,0
Deepak Chakraborty,38,611129,140532,489,9.0,0.20847458772945382,RENT,other,employed,1
Naresh Mukherjee,43,376852,50000,646,2.0,0.1363615864981459,MORTGAGE,debt_consolidation,employed,0
Priya Patel,57,223905,191103,688,3.0,,OWN,home_improvement,unemployed,1
Sneha Verma,50,314291,125800,590,1.0,0.15163643588501563,RENT,debt_consolidation,employed,0
Meena Agarwal,27,440391,253839,502,1.0,0.08630690978767802,MORTGAGE,other,employed,1
Geeta Ghosh,56,456065,190246,677,0.0,0.3929228184632704,RENT,other,employed,0
Sanjay Verma,43,1159086,255158,850,4.0,0.30615968523271453,RENT,debt_consolidation,employed,0
Manish Sharma,48,460762,105510,611,2.0,0.2713032454572634,RENT,business,employed,0
Amit Menon,57,797647,246558,806,4.0,0.16452594689068664,OWN,education,employed,0
Anita Patel,26,355920,377883,574,3.0,0.15048135835680929,MORTGAGE,education,employed,0
Anita Nair,39,378572,220943,671,8.0,0.2833552679042743,RENT,home_improvement,employed,0
Rekha Singh,33,227634,223270,727,6.0,0.0616998688245299,MORTGAGE,debt_consolidation,employed,0
Rahul Shah,21,305234,174179,649,,0.19401518041635737,RENT,home_improvement,employed,1
Rekha Menon,44,575785,131943,620,3.0,0.14369567200952507,OWN,education,employed,0
Kavita Menon,70,444088,220681,722,2.0,0.11152590140389264,RENT,other,employed,0
Vijay Singh,18,708899,89104,839,13.0,0.09965663967232695,MORTGAGE,business,employed,0
Naresh Reddy,39,484380,137708,680,0.0,0.33393264026233543,MORTGAGE,debt_consolidation,unemployed,1
Rashmi Ghosh,47,370931,80143,598,,0.2590952991789994,RENT,debt_consolidation,employed,0
Swati Gupta,41,1295164,122827,631,2.0,0.09957656682254994,MORTGAGE,other,employed,0
Sneha Agarwal,38,422121,210410,850,4.0,0.046176527690362686,MORTGAGE,home_improvement,employed,0
Vijay Pillai,24,791353,199218,663,0.0,0.032155369286215804,RENT,education,employed,0
Swati Sharma,42,361998,166103,590,6.0,0.21219926934669334,OWN,business,employed,0
Priya Jain,30,630835,174235,535,4.0,0.44402718886438725,MORTGAGE,other,employed,1
Sunita Mukherjee,18,703629,76546,467,3.0,0.18005968207380588,OWN,debt_consolidation,unemployed,1
Meena Reddy,54,491022,140221,686,2.0,0.060811684485668094,OWN,home_improvement,self_employed,0
Rashmi Menon,51,200000,123928,715,3.0,0.21319004303436564,OWN,other,retired,0
Shweta Mishra,40,446469,125038,610,0.0,0.12647668468600992,OWN,business,employed,0
Rahul Nair,42,818501,206867,648,0.0,0.13194903015810655,RENT,debt_consolidation,unemployed,0
Anita Nair,52,575929,115358,532,1.0,0.2118876397149073,MORTGAGE,debt_consolidation,self_employed,1
Pooja Shah,42,552892,127787,663,6.0,0.045954060277590705,MORTGAGE,debt_consolidation,unemployed,1
Kavita Mukherjee,50,200000,70627,698,4.0,0.3498954469388063,MORTGAGE,other,employed,1
Sanjay Verma,36,308591,144690,596,,0.18912243783695284,MORTGAGE,debt_consolidation,employed,0
Suresh Patel,55,543442,105331,819,4.0,0.19468314368320122,RENT,other,employed,0
Naresh Menon,43,543177,167993,566,4.0,0.10220120922328794,RENT,debt_consolidation,employed,0
Naresh Sharma,42,812063,111252,678,1.0,0.045936359072864495,MORTGAGE,debt_consolidation,employed,0
Swati Patel,24,411500,169704,734,0.0,0.1638409673680816,OWN,other,self_employed,1
Kavita Kumar,43,541940,153602,642,11.0,0.12005937966390097,MORTGAGE,other,retired,0
Arun Menon,30,446050,317685,631,4.0,0.2627348210608616,RENT,debt_consolidation,self_employed,0
Anita Kumar,32,270094,198568,507,5.0,0.05999059000865824,RENT,debt_consolidation,unemployed,1
Amit Menon,30,200000,77975,785,3.0,0.3127407537629022,RENT,home_improvement,employed,0
Vijay Ghosh,27,548808,98129,633,7.0,0.02837533107371747,MORTGAGE,debt_consolidation,employed,0
Rekha Jain,65,482614,166388,703,4.0,0.19896951705467203,MORTGAGE,other,employed,0
Neha Jain,55,324782,112202,717,0.0,0.06647648244260863,MORTGAGE,home_improvement,employed,0
Ajay Kumar,63,200000,50000,587,11.0,0.04200164426061661,MORTGAGE,home_improvement,unemployed,1
Neha Shah,25,606142,279237,630,1.0,0.17845388393514097,RENT,debt_consolidation,unemployed,0
Sunita Ghosh,40,387332,217094,783,0.0,0.14322233653862326,RENT,debt_consolidation,employed,0
Arun Pillai,24,584456,200464,538,0.0,0.45336806571606336,RENT,home_improvement,self_employed,1
Swati Kumar,31,1123572,127652,850,6.0,0.13752473747080593,OWN,debt_consolidation,employed,0
Rajesh Kumar,28,200000,193120,575,6.0,0.21947375163288943,MORTGAGE,business,employed,0
Ajay Banerjee,54,311825,122793,532,6.0,0.09259672558368756,MORTGAGE,education,self_employed,0
Anita Agarwal,35,398439,176653,663,12.0,0.18915846685256593,OWN,debt_consolidation,employed,0
Rekha Kumar,52,915671,112619,850,2.0,0.15526773371303923,MORTGAGE,business,employed,0
Meena Mukherjee,47,200000,298497,458,4.0,0.03544321367510833,MORTGAGE,education,employed,1
Sunita Kumar,67,1164649,86847,635,4.0,0.25892326117340103,MORTGAGE,home_improvement,employed,0
Neha Kumar,22,473509,266442,697,19.0,0.3048651238265019,RENT,other,employed,1
Suresh Chakraborty,55,421679,165308,653,1.0,0.16380772177977362,MORTGAGE,debt_consolidation,employed,0
Sunita Mishra,53,400700,133814,688,15.0,0.39890874266197224,MORTGAGE,debt_consolidation,unemployed,1
Arun Gupta,28,355709,173998,578,0.0,0.16959604530326222,MORTGAGE,debt_consolidation,unemployed,1
Swati Banerjee,52,747177,218237,590,7.0,0.1487652215644459,RENT,other,employed,0
Shweta Singh,44,259299,281165,635,,0.13745555239326926,OWN,debt_consolidation,self_employed,0
Sneha Reddy,37,525816,184472,537,8.0,0.10016560328426376,OWN,home_improvement,employed,0
Dinesh Kumar,30,365093,113973,645,,0.21633928457719284,RENT,education,self_employed,0
Shweta Sharma,31,302226,166417,611,0.0,0.18925265087058818,OWN,other,employed,0
Ramesh Reddy,64,1612002,336622,602,,0.3166794066664697,RENT,other,self_employed,1
Naresh Iyer,40,545536,279029,682,4.0,0.028191297301225802,OWN,business,employed,0
Neha Shah,49,601169,234100,467,4.0,0.2463183879369585,RENT,business,employed,1
Manish Patel,30,781435,223747,627,11.0,0.07061725835432266,MORTGAGE,debt_consolidation,self_employed,1
Vikram Agarwal,30,217363,215298,850,3.0,0.1783240135912744,RENT,business,employed,0
Anjali Kumar,52,1062511,258720,541,0.0,0.14595249053016335,OWN,debt_consolidation,self_employed,0
Sneha Sharma,23,200000,135584,778,,0.019651422374843658,RENT,education,employed,0
Ramesh Ghosh,35,301226,94652,655,0.0,0.05616475262508621,RENT,debt_consolidation,employed,0
Divya Patel,40,351682,167309,589,7.0,0.366117177075683,MORTGAGE,other,employed,0
Divya Chakraborty,41,591763,117356,517,8.0,0.14377740932088875,RENT,debt_consolidation,unemployed,1
Divya Jain,37,493539,106722,663,30.0,0.24074060746181375,MORTGAGE,business,unemployed,1
Divya Jain,44,407009,122013,795,2.0,0.1809356879653049,RENT,home_improvement,employed,0
Kavita Sharma,48,439767,439822,611,0.0,0.12521533402599433,OWN,debt_consolidation,self_employed,1
Pooja Gupta,48,271302,171862,641,1.0,0.050982874195434784,MORTGAGE,debt_consolidation,employed,0
Mukesh Chatterjee,28,209270,188106,751,4.0,0.41618882915832484,MORTGAGE,debt_consolidation,unemployed,1
Vikram Mukherjee,36,636192,99813,684,16.0,0.23312479388688076,OWN,other,employed,0
Rekha Ghosh,54,625841,77846,492,0.0,0.2501569521802028,MORTGAGE,other,employed,1
Rashmi Nair,50,977005,117286,659,0.0,0.09504641194547371,MORTGAGE,debt_consolidation,employed,0
Sneha Menon,23,298042,289316,801,6.0,0.23064987845607207,RENT,home_improvement,self_employed,1
Rashmi Chatterjee,44,625563,186038,646,5.0,0.026887479187115648,MORTGAGE,home_improvement,employed,0
Vikram Mishra,18,383903,206785,375,1.0,0.031825252546288076,MORTGAGE,home_improvement,employed,0
Rajesh Jain,40,802299,218693,688,8.0,0.16866226753018299,RENT,debt_consolidation,employed,0
Priya Iyer,62,737470,128471,630,0.0,0.08376156451335129,MORTGAGE,other,employed,0
Ramesh Sharma,28,491690,283562,467,13.0,0.09932830315540643,RENT,other,employed,0
Sunita Patel,29,373336,126358,482,1.0,0.10547994908111075,OWN,debt_consolidation,employed,1
Neha Jain,49,715306,285641,747,0.0,0.10461042356361672,OWN,business,unemployed,1
Shweta Agarwal,21,611366,194253,576,2.0,0.06279869476496688,MORTGAGE,debt_consolidation,employed,1
Ramesh Agarwal,32,314198,79569,559,1.0,0.3862576219670236,MORTGAGE,business,unemployed,1
Amit Mishra,47,227772,120667,646,3.0,0.1274669876966426,RENT,other,employed,0
Sunita Pillai,32,382978,79699,585,5.0,0.11398263714182523,OWN,business,employed,0
Rekha Ghosh,37,943835,259189,660,3.0,0.07235883724955927,RENT,home_improvement,employed,0
Rashmi Reddy,48,784846,161152,629,5.0,0.1649147802025247,RENT,other,employed,0
Rekha Pillai,45,253681,66746,530,2.0,0.40621228860643066,MORTGAGE,education,employed,1
Naresh Jain,43,246747,189150,598,0.0,0.15949484863075225,MORTGAGE,debt_consolidation,employed,0
Neha Menon,35,836801,131286,694,18.0,0.32552006389941285,OWN,home_improvement,employed,0
Ramesh Verma,44,250742,89902,654,8.0,0.18269325012351986,RENT,education,employed,0
Divya Menon,38,570716,318439,641,0.0,0.11751589435721849,OWN,debt_consolidation,employed,0
Shweta Reddy,45,325124,169891,843,2.0,0.015314043546949367,RENT,debt_consolidation,employed,0
Deepak Ghosh,34,993036,144730,723,5.0,0.1432253864762304,MORTGAGE,other,retired,0
Shweta Chakraborty,37,300976,138722,735,1.0,0.16084718313593613,RENT,debt_consolidation,employed,0
Divya Banerjee,28,783621,88848,633,4.0,0.07946617634983717,OWN,business,self_employed,1
Vijay Verma,39,485254,96585,672,3.0,0.1382501772121981,OWN,debt_consolidation,employed,0
Vijay Singh,30,501870,272111,606,1.0,0.07752904393367054,MORTGAGE,education,employed,0
Manish Pillai,26,200000,134651,727,0.0,0.10937092442767442,RENT,education,employed,0
Dinesh Verma,43,200000,164197,638,7.0,0.08802952489459226,RENT,other,self_employed,0
Naresh Jain,42,396216,71845,672,1.0,0.15178589253683186,MORTGAGE,debt_consolidation,employed,0
Vijay Banerjee,49,500545,96063,666,1.0,0.07338457903897194,OWN,home_improvement,employed,0
Deepak Verma,34,252054,207715,648,,0.31730743222592445,MORTGAGE,business,employed,1
Swati Menon,44,256697,189299,850,6.0,,MORTGAGE,other,retired,0
Vijay Verma,46,585801,328190,583,1.0,0.06428195964585807,RENT,debt_consolidation,employed,0
Rajesh Shah,45,586206,278502,582,10.0,0.08897018328345234,RENT,debt_consolidation,employed,0
Manish Menon,30,412969,148407,719,5.0,0.10681662392350816,RENT,debt_consolidation,employed,0
Naresh Shah,41,653501,196650,590,2.0,0.2402145595421297,MORTGAGE,home_improvement,employed,1
Ramesh Shah,44,245953,143395,620,,0.23078103902496583,MORTGAGE,business,employed,0
Manish Mishra,40,370286,370246,541,6.0,0.07011067998848045,MORTGAGE,business,self_employed,1
Neha Shah,18,1008463,257714,699,1.0,0.35559565796623643,OWN,debt_consolidation,employed,0
Divya Verma,41,457787,174185,700,3.0,0.1363396985768611,RENT,education,employed,0
Mukesh Mukherjee,66,471255,176338,618,5.0,0.1307967726875208,OWN,business,employed,0
Naresh Kumar,35,1401387,290088,721,3.0,,MORTGAGE,home_improvement,employed,0
Manish Pillai,31,219768,205218,464,4.0,0.13112300134153138,MORTGAGE,business,employed,1
Amit Mukherjee,44,658826,303595,579,3.0,0.1495255750548051,RENT,education,employed,0
Anjali Mishra,43,1016619,67679,633,1.0,0.0885690362621183,RENT,debt_consolidation,employed,0
Ramesh Chakraborty,54,376085,195729,532,2.0,0.10936892739976904,MORTGAGE,other,employed,1
Naresh Banerjee,24,679977,132432,475,3.0,0.09065590828326943,OWN,debt_consolidation,retired,1
Vikram Menon,48,270760,328585,619,7.0,0.08628804311450715,OWN,other,self_employed,0
Neha Reddy,47,313838,302113,719,5.0,0.13155832979655707,OWN,education,employed,0
Manish Sharma,38,536318,164906,778,,0.10903225821948291,RENT,business,employed,0
Sneha Pillai,44,659530,300815,595,18.0,0.26315818719618034,RENT,debt_consolidation,employed,1
Ajay Agarwal,52,774883,332118,723,0.0,0.20074912602563366,RENT,other,employed,0
Naresh Pillai,50,969770,167671,713,1.0,0.17261371745788365,RENT,debt_consolidation,self_employed,0
Amit Patel,26,427742,437474,771,2.0,0.20862953098082818,RENT,education,employed,0
Arun Mishra,49,803558,160727,614,1.0,0.28607471583402444,RENT,other,unemployed,1
Mukesh Singh,39,372818,149371,470,4.0,0.22871663582317453,RENT,debt_consolidation,employed,1
Amit Singh,40,694568,230118,657,,0.22337578427283963,RENT,other,self_employed,1
Mukesh Pillai,40,490776,141277,548,0.0,0.042361441408848774,RENT,business,employed,0
Suresh Nair,38,552848,168406,577,1.0,0.10000362091712546,OWN,business,employed,0
Amit Mukherjee,54,546753,286007,619,5.0,0.16889378379899528,MORTGAGE,other,employed,0
Mukesh Menon,38,200000,164010,616,10.0,0.2366984396886951,RENT,home_improvement,employed,0
Shweta Mukherjee,26,252190,82618,664,8.0,0.21359852591970477,RENT,home_improvement,self_employed,0
Divya Mishra,35,465687,188514,720,1.0,0.10710300058774991,OWN,business,unemployed,1
Deepak Banerjee,42,200000,123189,613,,0.053404596042150476,MORTGAGE,business,unemployed,1
Deepak Verma,54,670383,230062,689,0.0,0.16899027818130571,RENT,debt_consolidation,employed,0
Ramesh Mishra,47,684044,215017,651,1.0,0.061951999287651376,RENT,debt_consolidation,self_employed,0
Sunita Reddy,29,521041,293185,743,8.0,0.15357952301703923,MORTGAGE,debt_consolidation,self_employed,1
Ajay Kumar,69,252567,233985,631,3.0,0.12413848829360741,RENT,debt_consolidation,employed,0
Sneha Kumar,43,882107,251726,642,,0.05923781290595847,MORTGAGE,education,employed,0
Sneha Verma,55,1225188,124537,612,2.0,0.24642546357377246,MORTGAGE,debt_consolidation,employed,1
Neha Shah,38,476173,224491,633,1.0,0.2697194309147276,MORTGAGE,debt_consolidation,employed,1
Meena Pillai,46,571070,357675,571,2.0,0.15035935640817805,OWN,home_improvement,self_employed,1
Meena Mishra,50,489367,123567,561,3.0,0.10922259920974639,RENT,other,employed,0
Anjali Kumar,54,576761,334333,727,2.0,0.2698220311660844,MORTGAGE,debt_consolidation,employed,0
Rajesh Sharma,52,416741,130647,541,,0.19175007840728775,RENT,education,employed,1
Divya Patel,50,434833,115752,618,4.0,0.09349214605983898,OWN,home_improvement,employed,0
Rahul Pillai,36,695828,183226,751,9.0,0.23997908693826842,RENT,debt_consolidation,employed,0
Rashmi Chatterjee,33,1429466,216720,614,,0.10346850382119807,RENT,debt_consolidation,employed,0
Swati Sharma,43,219688,234380,732,5.0,0.4308914345242813,OWN,home_improvement,employed,0
Divya Chatterjee,51,420035,110779,590,3.0,,OWN,debt_consolidation,employed,0
Kavita Agarwal,37,245185,193651,544,0.0,0.24216768946390074,RENT,business,employed,1
Ajay Chatterjee,52,980690,123720,490,4.0,0.36968546940084746,OWN,home_improvement,retired,1
Manish Iyer,57,329763,89718,781,2.0,0.15304036785734149,MORTGAGE,education,self_employed,0
Manish Gupta,29,215001,112252,536,0.0,0.032287128806886056,OWN,debt_consolidation,employed,0
Divya Ghosh,29,608707,120528,724,2.0,0.07497686003825915,OWN,business,self_employed,1
Rahul Jain,38,1058280,200513,550,6.0,0.1977946138398892,MORTGAGE,debt_consolidation,employed,0
Naresh Banerjee,43,616490,258044,781,16.0,0.18235511656192324,MORTGAGE,education,employed,0
Sanjay Ghosh,33,490116,90284,850,2.0,0.06204481093803903,OWN,debt_consolidation,unemployed,0
Suresh Banerjee,56,542840,187359,481,3.0,0.21921945227880174,MORTGAGE,business,employed,1
Dinesh Agarwal,45,897546,101653,541,9.0,0.2197841591254465,OWN,other,self_employed,1
Priya Mishra,40,285757,209323,727,2.0,0.12767722206975654,RENT,home_improvement,employed,1
Vikram Verma,22,418351,126868,701,,0.41558791660298616,MORTGAGE,debt_consolidation,employed,1
Suresh Nair,24,352799,106880,727,1.0,0.10518375133060841,RENT,other,employed,0
Priya Kumar,43,246734,224104,592,11.0,0.18740259136432194,MORTGAGE,home_improvement,employed,1
Rekha Verma,18,375424,128698,848,0.0,0.07516759199571812,OWN,education,employed,0
Anita Chakraborty,52,769780,143431,661,1.0,0.08103960365505798,MORTGAGE,debt_consolidation,employed,0
Dinesh Ghosh,38,587305,66970,528,3.0,0.0881305281491069,OWN,debt_consolidation,employed,0
Meena Reddy,78,610574,237665,624,9.0,0.20523139293972784,RENT,business,employed,0
Sunita Gupta,67,476030,226016,529,13.0,,MORTGAGE,debt_consolidation,self_employed,1
Priya Singh,37,574733,163110,809,2.0,0.13229397170139318,MORTGAGE,other,employed,0
Neha Mishra,38,296471,88341,583,13.0,0.21257193388409248,MORTGAGE,home_improvement,employed,0
Sneha Shah,51,378982,264011,699,0.0,0.06455965392030241,OWN,debt_consolidation,employed,0
Divya Ghosh,60,486991,124678,602,0.0,0.11736533687570096,OWN,debt_consolidation,employed,0
Ajay Banerjee,20,508264,135761,588,14.0,0.24483279405252012,MORTGAGE,education,unemployed,1
Sneha Pillai,18,519225,410371,458,3.0,0.3673523042658524,RENT,other,employed,1
Shweta Chakraborty,32,412847,122828,709,1.0,0.2501065085640261,RENT,business,employed,0
Pooja Verma,46,366329,219012,779,3.0,0.14668204123750606,RENT,debt_consolidation,employed,0
Amit Shah,45,2145505,203788,558,7.0,0.22358193066159773,MORTGAGE,home_improvement,employed,1
Arun Nair,52,696200,190245,495,8.0,0.2119965113038262,RENT,education,unemployed,1
Naresh Menon,25,543928,182189,730,9.0,0.22837587204697424,MORTGAGE,debt_consolidation,employed,0
Dinesh Gupta,18,393720,189199,485,4.0,0.1568956416621524,OWN,home_improvement,employed,0
Ramesh Iyer,50,353059,181457,771,,0.0860615520229324,RENT,home_improvement,employed,0
Dinesh Banerjee,30,414405,159409,559,,0.17864216405983455,MORTGAGE,other,employed,0
Amit Shah,18,512171,297900,539,4.0,0.43480320940486555,OWN,business,self_employed,1
Rashmi Kumar,41,200000,96272,674,7.0,0.23992121701425467,OWN,debt_consolidation,unemployed,1
Anjali Patel,49,201855,244894,546,2.0,0.16039379361225106,RENT,debt_consolidation,self_employed,1
Arun Mukherjee,38,321759,226146,579,0.0,0.28336300854053614,RENT,debt_consolidation,employed,1
Neha Mukherjee,34,490690,215207,685,2.0,0.03952712271962382,MORTGAGE,other,employed,0
Rajesh Agarwal,38,392528,254432,407,4.0,0.13587383168342568,RENT,education,employed,0
Divya Verma,35,926399,156836,814,1.0,0.23598240714944013,OWN,education,employed,0
Anjali Chakraborty,23,210828,77065,654,0.0,0.2790861073650859,RENT,home_improvement,unemployed,1
Shweta Mukherjee,31,303861,158115,520,1.0,0.10467051370764185,MORTGAGE,business,employed,1
Amit Chatterjee,46,946045,109482,548,0.0,0.05852194077170335,MORTGAGE,debt_consolidation,employed,0
Shweta Ghosh,43,472389,121449,749,6.0,0.21810781532349113,MORTGAGE,business,employed,0
Sunita Shah,42,688603,99015,710,1.0,0.14272649016362196,RENT,education,self_employed,0
Neha Ghosh,28,1233817,134465,788,0.0,0.23806808954451775,OWN,debt_consolidation,self_employed,1
Rekha Reddy,37,312730,128200,581,6.0,0.18079640747316222,RENT,debt_consolidation,employed,0
Sanjay Mukherjee,18,420980,62879,679,9.0,0.21303876829207918,RENT,debt_consolidation,employed,0
Ajay Ghosh,42,386074,215364,692,0.0,0.1846027102033484,RENT,debt_consolidation,unemployed,1
Pooja Kumar,57,200000,395588,719,1.0,0.20984348169646416,MORTGAGE,education,employed,1
Divya Chakraborty,22,378814,207418,762,14.0,0.044458914670805545,MORTGAGE,debt_consolidation,employed,0
Rashmi Mukherjee,32,687303,150065,578,2.0,0.09292670132392518,MORTGAGE,business,employed,0
Shweta Chatterjee,43,579716,159229,638,13.0,0.1876044450658602,OWN,education,retired,1
Rashmi Mishra,55,602921,137531,588,1.0,0.08885121880036871,OWN,education,employed,0
Naresh Ghosh,34,366680,168723,644,1.0,0.3206818957196212,RENT,other,employed,0
Kavita Shah,31,318682,160363,719,1.0,0.1784606312638115,MORTGAGE,business,self_employed,1
Rajesh Sharma,18,834533,116259,484,0.0,0.3006355509841797,MORTGAGE,debt_consolidation,employed,1
Anjali Sharma,41,345014,319066,760,11.0,0.05616318046480636,MORTGAGE,debt_consolidation,employed,0
Manish Singh,64,512492,89781,536,19.0,0.3518395688987086,MORTGAGE,home_improvement,employed,1
Shweta Agarwal,43,480060,216930,619,15.0,0.09522790766293641,MORTGAGE,debt_consolidation,self_employed,1
Geeta Ghosh,39,918831,156298,774,9.0,0.03036765181301516,OWN,other,employed,0
Neha Iyer,43,719064,348130,682,9.0,0.07101492146397884,OWN,home_improvement,employed,0
Priya Reddy,39,231508,186529,683,5.0,0.3775900625236367,MORTGAGE,other,employed,1
Pooja Banerjee,30,244317,140932,531,8.0,0.1477450055130233,MORTGAGE,education,employed,0
Geeta Agarwal,49,590931,147401,545,1.0,0.17325996305755653,MORTGAGE,other,employed,0
Rahul Agarwal,42,428407,165373,744,2.0,0.13667225432962407,RENT,other,employed,1
Mukesh Shah,40,352361,103041,591,5.0,0.18107906044459482,RENT,debt_consolidation,employed,0
Sanjay Gupta,28,735138,119760,600,10.0,0.2910326258752116,OWN,education,self_employed,1
Meena Shah,55,485886,79699,746,5.0,0.18372630247336721,RENT,debt_consolidation,employed,0
Vijay Banerjee,47,454170,112511,545,,0.3101713180096177,MORTGAGE,other,employed,1
Arun Sharma,33,653380,168984,676,3.0,0.19949263685008561,OWN,education,employed,0
Anjali Reddy,52,366753,183518,654,6.0,0.11197149964095206,MORTGAGE,debt_consolidation,employed,0
Arun Menon,34,969232,73737,649,19.0,0.1774541375968086,RENT,other,self_employed,1
Shweta Chakraborty,30,298336,154062,598,0.0,0.06341567664758807,RENT,debt_consolidation,employed,0
Divya Sharma,30,614438,203895,592,13.0,0.11825846473448215,RENT,home_improvement,employed,0
Dinesh Mishra,18,906110,152487,542,3.0,0.17045347936933686,RENT,business,employed,0
Rajesh Reddy,45,222204,126308,698,5.0,0.15574770645053715,MORTGAGE,other,employed,0
Dinesh Reddy,18,372626,138017,583,10.0,0.17234991198591085,RENT,other,employed,1
Sunita Chatterjee,25,783168,131097,746,2.0,0.2864835598535615,OWN,business,employed,0
Sunita Chatterjee,18,789079,126160,627,2.0,0.10872657151080269,MORTGAGE,debt_consolidation,self_employed,0
Geeta Verma,38,406058,174473,544,3.0,0.22658745998358884,RENT,debt_consolidation,employed,0
Suresh Kumar,38,306405,409656,626,0.0,0.16724971467083857,RENT,home_improvement,self_employed,1
Rashmi Kumar,36,713521,120875,608,3.0,0.3200170637585019,OWN,debt_consolidation,employed,1
Suresh Pillai,27,799526,143306,750,1.0,0.06327128426817373,MORTGAGE,business,employed,0
Naresh Banerjee,25,247129,159423,613,,0.3445003637273756,MORTGAGE,home_improvement,self_employed,1
Naresh Reddy,45,242326,123631,622,0.0,0.10657767425432542,MORTGAGE,education,unemployed,1
Manish Iyer,33,495156,252532,791,3.0,0.07968364912969615,MORTGAGE,debt_consolidation,employed,0
Sunita Verma,43,606027,63047,700,14.0,0.3037737178079371,RENT,home_improvement,employed,0
Dinesh Mukherjee,29,380966,131607,816,11.0,0.1722451778283426,RENT,debt_consolidation,self_employed,0
Meena Chakraborty,42,621348,225782,775,6.0,0.27879988257674165,MORTGAGE,home_improvement,retired,0
Shweta Reddy,55,310187,144691,561,4.0,0.08137873788184637,MORTGAGE,home_improvement,unemployed,1
Swati Banerjee,47,200000,117203,748,1.0,0.06155460250946206,MORTGAGE,home_improvement,employed,0
Rahul Agarwal,35,357914,194133,802,,0.11624508651554405,OWN,debt_consolidation,employed,0
Ajay Reddy,43,456624,233873,803,0.0,0.04411389866330104,RENT,education,employed,0
Geeta Nair,37,385416,177061,748,7.0,0.11594712405131077,RENT,home_improvement,employed,0
Amit Kumar,40,247879,118126,746,1.0,0.2892351819806505,RENT,debt_consolidation,employed,0
Sanjay Sharma,36,200000,195336,619,5.0,0.19216087518412642,RENT,home_improvement,employed,0
Arun Menon,38,342133,138576,566,2.0,0.1510109487349153,MORTGAGE,business,employed,0
Suresh Banerjee,42,693029,219273,614,3.0,0.12699877450700153,RENT,debt_consolidation,self_employed,0
Dinesh Mishra,28,829102,294579,483,4.0,0.09954667971145693,OWN,debt_consolidation,employed,0
Ajay Ghosh,27,801192,57398,784,8.0,0.16894750779441914,MORTGAGE,debt_consolidation,employed,0
Deepak Mishra,23,294208,170148,621,,0.08961798035818629,OWN,debt_consolidation,employed,0
Divya Singh,20,248487,81284,779,2.0,0.19412794765332295,RENT,debt_consolidation,employed,0
Rekha Shah,25,567114,432230,526,0.0,0.23885750512008266,MORTGAGE,debt_consolidation,employed,1
Mukesh Reddy,41,607768,134962,758,0.0,0.03598914402697328,MORTGAGE,debt_consolidation,employed,0
Mukesh Verma,29,540410,219377,600,4.0,0.2577220550030556,RENT,other,self_employed,0
Sanjay Iyer,46,200000,160471,521,1.0,0.11511000961713415,MORTGAGE,debt_consolidation,employed,1
Amit Chatterjee,40,286804,118038,812,0.0,0.03350209602897411,RENT,debt_consolidation,employed,0
Naresh Jain,18,435894,112552,760,11.0,0.17469751784755466,MORTGAGE,debt_consolidation,unemployed,1
Pooja Pillai,47,564451,306898,671,3.0,0.23956596270212907,RENT,other,employed,0
Dinesh Shah,49,649302,238559,653,0.0,0.08841745378009687,OWN,home_improvement,employed,0
Rajesh Mukherjee,28,475502,354135,693,0.0,0.027392683428382383,OWN,business,employed,0
Meena Mishra,45,521983,166405,669,0.0,0.05694799050905364,MORTGAGE,education,employed,0
Anjali Nair,29,461590,182620,570,3.0,0.06327769306495208,MORTGAGE,debt_consolidation,employed,0
Geeta Verma,41,623316,146257,608,5.0,0.08915000850898695,MORTGAGE,other,self_employed,0
Ramesh Agarwal,24,517328,145098,846,5.0,0.3557210556895848,RENT,debt_consolidation,employed,0
Sunita Gupta,18,457196,107285,850,0.0,0.24209323559687745,MORTGAGE,home_improvement,employed,0
Manish Mukherjee,35,386859,168316,806,5.0,0.18172003478968293,RENT,debt_consolidation,employed,0
Rahul Chatterjee,38,460766,118693,697,2.0,,OWN,education,employed,0
Naresh Mukherjee,35,563710,194223,616,3.0,0.1659974544355801,OWN,debt_consolidation,self_employed,1
Vikram Agarwal,25,505719,174207,570,8.0,0.2638188513739487,RENT,business,employed,0
Arun Chatterjee,35,535209,182603,576,2.0,0.2932095148154871,RENT,debt_consolidation,employed,0
Shweta Mukherjee,43,865758,318078,594,0.0,0.15119754625386253,MORTGAGE,home_improvement,employed,0
Meena Reddy,39,505135,160317,850,,0.11029971782477087,RENT,debt_consolidation,employed,0
Vikram Singh,42,319815,220287,830,1.0,0.17679920302807206,RENT,other,employed,0
Dinesh Mukherjee,31,688178,369757,724,1.0,0.18358896883118656,MORTGAGE,debt_consolidation,employed,0
Anita Kumar,54,223440,274483,553,,0.08137754512205801,RENT,business,self_employed,1
Rajesh Verma,25,257633,258142,739,5.0,0.1472899368311881,RENT,business,employed,0
Manish Menon,45,523307,143964,626,8.0,0.1724140555808916,OWN,other,unemployed,1
Mukesh Mukherjee,54,572746,178413,434,1.0,0.23859476390668335,RENT,other,self_employed,1
Anjali Sharma,45,237393,96056,678,2.0,0.341658549942952,MORTGAGE,other,employed,0
Meena Verma,37,365342,198702,565,0.0,0.29876320406296375,MORTGAGE,debt_consolidation,employed,1
Anita Ghosh,33,326752,181640,569,3.0,0.2580907049085487,OWN,debt_consolidation,employed,1
Rekha Gupta,52,346854,164284,624,1.0,0.06225007238211446,RENT,home_improvement,employed,1
Arun Pillai,22,709133,245457,600,5.0,0.21208245661545105,OWN,home_improvement,employed,0
Naresh Verma,28,629859,100397,646,0.0,0.40177600452249057,RENT,home_improvement,employed,0
Anjali Mukherjee,35,438203,312995,641,0.0,0.08891255771556249,OWN,education,employed,0
Ramesh Shah,54,336724,233445,462,2.0,0.1576320844578609,RENT,debt_consolidation,employed,1
Rahul Chakraborty,44,225297,158220,802,15.0,0.28319200478255785,MORTGAGE,debt_consolidation,employed,0
Ramesh Shah,28,899948,153354,551,11.0,0.09096974935936719,RENT,education,employed,0
Suresh Agarwal,36,594845,197253,554,25.0,0.29270189581283373,OWN,other,self_employed,1
Arun Agarwal,32,310725,299042,617,2.0,0.14219323981745718,RENT,education,employed,1
Rajesh Shah,31,633997,169505,639,0.0,0.1994046483257025,OWN,debt_consolidation,unemployed,1
Sanjay Banerjee,51,427149,172406,795,1.0,0.17437255178400665,RENT,other,self_employed,1
Arun Pillai,23,383250,163938,676,5.0,0.22119288401608467,MORTGAGE,home_improvement,employed,0
Anita Singh,59,549962,331973,706,0.0,0.09613382565398206,OWN,education,employed,0
Sanjay Kumar,49,305361,140427,677,1.0,0.08269858684088624,RENT,debt_consolidation,employed,0
Sneha Patel,53,372548,160845,673,0.0,0.18380100378556338,RENT,home_improvement,employed,0
Anjali Sharma,34,470114,292252,680,3.0,0.14565444873969793,RENT,debt_consolidation,employed,0
Divya Banerjee,38,344646,172612,456,1.0,0.15385463137646746,OWN,other,employed,0
Vijay Singh,22,618184,256484,625,0.0,0.11001061703725759,RENT,home_improvement,self_employed,0
Rajesh Banerjee,33,1126395,113038,766,2.0,0.2113832131454954,OWN,education,employed,0
Pooja Banerjee,45,303413,149923,850,2.0,0.025741737474903267,RENT,business,employed,0
Arun Patel,55,200000,294717,529,3.0,,MORTGAGE,debt_consolidation,employed,1
Vikram Shah,26,200000,124177,692,6.0,0.2668006372681986,OWN,home_improvement,employed,0
Ajay Jain,35,410350,153197,592,0.0,0.1764678033189436,MORTGAGE,home_improvement,employed,0
Sneha Gupta,38,317558,180353,850,7.0,0.15372237478241516,MORTGAGE,education,unemployed,1
Meena Ghosh,23,490867,109572,514,0.0,0.2853168312485652,MORTGAGE,debt_consolidation,employed,1
Naresh Reddy,47,472739,137926,712,2.0,0.3333799948020813,RENT,other,employed,0
Swati Pillai,31,200000,170255,509,4.0,0.2758851680032073,MORTGAGE,business,employed,1
Priya Kumar,37,200000,165822,618,15.0,0.17499588719435624,OWN,debt_consolidation,employed,1
Rahul Chatterjee,34,512966,271614,646,4.0,0.1525474401192605,OWN,education,employed,1
Naresh Verma,30,473408,301517,756,0.0,0.3480267843089475,MORTGAGE,other,self_employed,0
Anjali Menon,39,357571,115562,542,3.0,0.0487446779584686,RENT,business,employed,0
Priya Gupta,37,200000,170162,716,,0.1334117499381629,OWN,home_improvement,employed,0
Neha Menon,35,560001,213138,651,3.0,0.12748738601286344,OWN,business,employed,0
Sneha Ghosh,31,835637,298504,677,1.0,0.15379156245400308,RENT,debt_consolidation,employed,1
Naresh Chakraborty,43,508383,216944,745,3.0,0.09096474004455231,MORTGAGE,business,retired,0
Suresh Pillai,59,289602,182839,521,0.0,0.37510424131302905,RENT,home_improvement,unemployed,1
Divya Nair,41,452379,212482,731,6.0,0.25319299009471974,MORTGAGE,debt_consolidation,self_employed,1
Meena Reddy,51,223450,213098,593,4.0,0.3504789313331932,MORTGAGE,debt_consolidation,employed,1
Dinesh Agarwal,23,750864,112298,759,0.0,0.09884949097443098,MORTGAGE,debt_consolidation,employed,0
Mukesh Banerjee,41,460893,175803,683,11.0,0.14895906077175253,MORTGAGE,home_improvement,employed,0
Amit Pillai,26,200000,291753,629,4.0,0.058354809934493324,RENT,debt_consolidation,employed,1
Ajay Kumar,22,380660,149800,590,1.0,0.08984059761697627,OWN,education,employed,0
Amit Pillai,31,557741,171404,732,0.0,0.26117947591285395,OWN,business,employed,0
Anjali Pillai,54,374548,147708,776,5.0,0.09276465358738989,MORTGAGE,education,employed,0
Meena Pillai,51,385405,64502,596,2.0,0.020697140309688337,RENT,home_improvement,employed,0
Rashmi Jain,42,239857,164100,536,11.0,0.07216040124913294,MORTGAGE,debt_consolidation,employed,0
Kavita Kumar,21,587287,183637,719,0.0,0.19903007630604888,RENT,debt_consolidation,employed,0
Rekha Ghosh,37,319900,132588,505,0.0,0.19497087971982152,RENT,education,unemployed,1
Sanjay Nair,43,200000,102554,519,14.0,0.20065578944364587,OWN,business,self_employed,1
Deepak Mishra,42,367460,114434,543,16.0,0.17325581474479082,MORTGAGE,home_improvement,employed,0
Mukesh Reddy,18,722573,220946,608,0.0,0.07600120942908416,MORTGAGE,debt_consolidation,employed,0
Geeta Reddy,29,364592,358258,516,6.0,0.03395740936819002,MORTGAGE,debt_consolidation,employed,0
Manish Chatterjee,39,1054937,282935,456,1.0,0.3099980722192145,OWN,education,unemployed,1
Rahul Gupta,46,548248,95059,536,6.0,0.24432136987795217,RENT,debt_consolidation,employed,1
Rashmi Singh,18,524069,229085,714,10.0,0.12041451841572974,RENT,debt_consolidation,employed,0
Pooja Chatterjee,38,414903,124833,522,0.0,0.43807319366725667,MORTGAGE,debt_consolidation,employed,1
Manish Mishra,41,427562,128938,615,1.0,0.3162461796512669,RENT,business,employed,1
Meena Nair,50,387816,135294,844,0.0,0.022508928533205817,MORTGAGE,other,unemployed,0
Divya Chakraborty,48,380356,215868,645,0.0,0.12338812709087213,RENT,debt_consolidation,unemployed,1
Vikram Mukherjee,46,576905,238876,684,0.0,,RENT,home_improvement,employed,0
Anjali Menon,30,277086,156496,555,8.0,0.08065362382530536,MORTGAGE,business,self_employed,1
Dinesh Singh,18,258345,157561,850,1.0,0.11085326275361523,MORTGAGE,education,employed,0
Arun Banerjee,35,252307,195967,595,3.0,0.033609730273690366,RENT,business,employed,0
Suresh Gupta,52,1230372,204269,627,7.0,,RENT,education,employed,1
Geeta Shah,56,576754,260534,781,3.0,,MORTGAGE,home_improvement,employed,0
Swati Pillai,48,515166,97367,631,2.0,0.018862824346779397,MORTGAGE,home_improvement,employed,0
Deepak Chakraborty,45,260730,164063,654,0.0,0.023131543554053852,MORTGAGE,business,employed,0
Neha Jain,44,604206,106169,621,4.0,0.07431148716282088,RENT,other,self_employed,0
Divya Jain,33,417364,159471,622,,0.12886769310426022,OWN,business,employed,0
Swati Mishra,38,492418,148676,687,7.0,0.16095300770612972,RENT,business,employed,0
Rashmi Menon,60,271492,159739,705,1.0,0.05354799484717883,RENT,debt_consolidation,employed,0
Amit Reddy,28,479325,118196,585,5.0,0.2730770572696531,RENT,business,employed,0
Rajesh Chakraborty,59,357926,89776,573,5.0,0.2022844285660307,RENT,business,employed,1
Neha Iyer,36,301701,70419,589,4.0,0.044563755872990114,MORTGAGE,education,employed,0
Ajay Reddy,55,638612,154434,509,1.0,0.2506462202839049,OWN,business,self_employed,1
Swati Jain,23,205078,136981,490,1.0,0.1981008606418527,MORTGAGE,debt_consolidation,employed,1
Sneha Gupta,47,586769,124197,679,9.0,0.0823589856902931,MORTGAGE,business,employed,0
Shweta Chakraborty,31,622963,276238,743,0.0,0.1493645455944719,RENT,debt_consolidation,employed,0
Dinesh Chatterjee,23,284981,115407,737,1.0,0.1406064931719801,RENT,debt_consolidation,employed,0
Anjali Chakraborty,42,293559,286855,411,4.0,0.2884711527388204,RENT,education,employed,1
Divya Pillai,52,395729,311619,625,8.0,0.13308941600714982,MORTGAGE,debt_consolidation,employed,0
Arun Banerjee,29,509414,74580,539,2.0,0.24625837190628613,MORTGAGE,business,self_employed,0
Anjali Pillai,22,409860,168881,664,5.0,,OWN,other,employed,0
Sneha Shah,38,549509,138707,608,4.0,0.17883399493572036,MORTGAGE,debt_consolidation,employed,0
Deepak Gupta,38,1068204,50781,709,0.0,0.3804485896303048,RENT,debt_consolidation,employed,0
Divya Singh,46,343225,91321,648,4.0,0.056529388401507265,RENT,education,employed,0
Anita Ghosh,51,200000,221898,460,8.0,0.06276832690826081,OWN,debt_consolidation,unemployed,1
Ramesh Menon,39,668613,365009,553,24.0,0.14895555606991706,MORTGAGE,education,employed,0
Arun Chatterjee,62,1026491,233531,650,0.0,0.039968408689402414,RENT,debt_consolidation,self_employed,1
Suresh Verma,42,538414,185248,659,5.0,0.11080933382015982,RENT,other,employed,0
Amit Agarwal,35,256818,161371,509,2.0,0.34510496703889154,OWN,debt_consolidation,unemployed,1
Dinesh Kumar,20,415839,319037,496,0.0,0.2565400021570573,RENT,other,employed,0
Naresh Chakraborty,36,252897,384344,655,4.0,0.2959468675452999,MORTGAGE,other,self_employed,1
Naresh Sharma,35,610130,128703,509,0.0,,OWN,home_improvement,employed,0
Ramesh Kumar,51,225112,73130,483,2.0,0.08605180361802524,OWN,education,employed,1
Anita Kumar,45,380764,70313,605,1.0,0.1923039891364462,MORTGAGE,debt_consolidation,employed,0
Manish Banerjee,25,267755,276164,601,2.0,0.2071578292932158,MORTGAGE,debt_consolidation,employed,1
Meena Menon,42,471376,159719,562,3.0,0.19906288173349954,RENT,home_improvement,employed,0
Divya Chakraborty,48,368364,175132,579,2.0,0.11737524403133048,OWN,home_improvement,employed,1
Manish Agarwal,58,483294,79518,651,4.0,0.059604597680438895,RENT,other,employed,0
Rajesh Reddy,50,447385,120418,577,1.0,0.18857245658839836,MORTGAGE,home_improvement,employed,0
Meena Chakraborty,49,270133,144611,657,5.0,0.189529246960005,MORTGAGE,business,employed,0
Geeta Shah,40,605275,176863,611,9.0,0.26943116115891014,OWN,business,employed,0
Sunita Iyer,44,431756,138768,666,1.0,0.23352790601448054,MORTGAGE,other,employed,0
Mukesh Nair,54,269880,107481,737,3.0,0.0551969285352448,OWN,education,self_employed,0
Amit Chakraborty,24,1356560,118916,733,5.0,0.1152655166470691,MORTGAGE,other,unemployed,0
Rahul Ghosh,35,561414,263901,778,4.0,0.14858044028989031,RENT,debt_consolidation,employed,0
Vijay Menon,30,409777,179497,733,2.0,0.2538331088823904,RENT,debt_consolidation,employed,0
Rekha Kumar,44,897709,207910,673,5.0,0.14902014672323982,MORTGAGE,other,employed,1
Rekha Shah,54,1111151,113601,606,0.0,0.06918483727800519,RENT,education,employed,0
Priya Nair,32,411401,50000,611,2.0,0.2392749475292796,MORTGAGE,debt_consolidation,employed,1
Naresh Banerjee,18,526337,132026,562,3.0,0.11737983361056213,MORTGAGE,other,self_employed,1
Priya Sharma,35,269951,115078,650,0.0,0.25443238110114236,MORTGAGE,other,unemployed,1
Mukesh Banerjee,50,411022,187138,719,3.0,0.2427762147708482,MORTGAGE,debt_consolidation,employed,1
Dinesh Nair,46,400499,605790,577,5.0,0.17578374676836303,OWN,education,unemployed,1
Anjali Shah,45,485247,214929,646,7.0,0.1045272835688883,MORTGAGE,education,unemployed,1
Rekha Sharma,36,522499,486204,582,0.0,0.23044942567721713,OWN,debt_consolidation,employed,1
Kavita Iyer,24,585320,204333,670,23.0,0.06973527742227939,OWN,business,employed,0
Mukesh Chakraborty,46,498232,126506,595,4.0,0.3107865797343304,OWN,other,employed,0
Deepak Reddy,29,241500,187056,576,2.0,0.2211421137581311,MORTGAGE,business,employed,0
Mukesh Menon,66,276721,331789,582,1.0,,RENT,education,employed,0
Deepak Menon,46,336649,338346,700,4.0,0.14562789112569605,MORTGAGE,debt_consolidation,employed,1
Neha Banerjee,33,384185,129296,640,10.0,0.13873605119411475,RENT,education,self_employed,0
Rajesh Mishra,32,748171,180101,607,3.0,0.19106451726035867,RENT,debt_consolidation,unemployed,1
Rashmi Kumar,38,247342,91885,676,5.0,0.32015694841438835,MORTGAGE,debt_consolidation,self_employed,1
Rajesh Banerjee,37,370012,226356,608,2.0,0.19533834668466418,RENT,business,unemployed,1
Deepak Nair,53,712478,302955,762,2.0,0.19145035237042912,MORTGAGE,education,employed,1
Dinesh Iyer,42,380812,165366,552,1.0,0.09988789244749836,OWN,home_improvement,employed,0
Vikram Shah,31,556937,124622,631,6.0,0.18123382208976227,MORTGAGE,other,employed,0
Rekha Kumar,62,412597,187972,509,2.0,0.21064363092124486,MORTGAGE,business,employed,1
Vikram Sharma,40,503023,192333,615,1.0,,RENT,debt_consolidation,employed,0
Amit Sharma,49,394653,168124,482,2.0,0.20968767827968948,OWN,other,employed,1
Vikram Chatterjee,32,617560,174815,724,9.0,,RENT,debt_consolidation,employed,0
Anita Iyer,44,204325,151823,726,,0.26170583463524383,OWN,education,unemployed,1
Vikram Gupta,43,368923,242409,728,2.0,0.038936606864387095,MORTGAGE,debt_consolidation,retired,0
Vikram Iyer,18,513130,218489,652,11.0,0.2271284919875863,RENT,other,employed,0
Rekha Pillai,64,577721,109837,562,0.0,0.15593413848315898,MORTGAGE,debt_consolidation,employed,0
Naresh Ghosh,55,933294,108636,569,0.0,0.13119028790971912,RENT,home_improvement,employed,0
Sunita Iyer,35,363846,147009,803,0.0,0.26762551818302355,RENT,home_improvement,employed,0
Divya Mishra,26,927029,218542,793,0.0,0.29403961175326726,RENT,debt_consolidation,self_employed,0
Manish Mukherjee,44,318216,172684,662,0.0,,RENT,home_improvement,employed,0
Neha Banerjee,41,859686,125836,598,5.0,0.18044064827153708,OWN,debt_consolidation,employed,0
Dinesh Pillai,44,665792,180702,786,4.0,0.061657131529817485,RENT,education,employed,0
Deepak Nair,42,280203,142582,580,5.0,0.11780775232567535,MORTGAGE,other,employed,1
Kavita Mishra,46,515823,231467,672,5.0,0.20994778970279246,MORTGAGE,education,retired,0
Neha Ghosh,57,431223,185948,785,7.0,0.06348928927220443,OWN,home_improvement,employed,0
Rahul Chakraborty,46,604884,143471,566,1.0,0.17229618817063766,OWN,debt_consolidation,unemployed,1
Rashmi Jain,27,395681,178547,732,,0.22913550283365636,MORTGAGE,debt_consolidation,employed,0
Mukesh Mukherjee,56,379411,275410,702,,0.22859573243611814,MORTGAGE,home_improvement,employed,0
Sanjay Iyer,59,877249,129592,646,14.0,0.10597040552655657,RENT,business,employed,0
Sunita Banerjee,77,421105,191197,550,1.0,0.3172767128440795,MORTGAGE,education,unemployed,1
Ajay Nair,26,668780,158231,577,0.0,0.14584988497921275,RENT,business,employed,0
Priya Verma,42,395269,193067,678,5.0,0.037665367689445395,OWN,other,self_employed,1
Ajay Chatterjee,18,1017980,125263,507,6.0,0.14337006934788918,OWN,home_improvement,employed,0
Mukesh Nair,46,315159,170098,663,1.0,0.30564637503060615,MORTGAGE,business,employed,1
Anjali Chakraborty,33,325438,253502,704,4.0,0.14006793973490242,RENT,debt_consolidation,employed,0
Rashmi Gupta,63,948141,111881,748,0.0,0.07284765964289368,RENT,debt_consolidation,employed,0
Vikram Mukherjee,30,354168,95629,510,16.0,0.19714460882116516,MORTGAGE,business,unemployed,1
Rekha Patel,19,985138,97092,781,0.0,0.08842544390266383,MORTGAGE,business,employed,0
Manish Mukherjee,34,691017,101898,819,0.0,0.28932733173314934,OWN,home_improvement,employed,0
Amit Mukherjee,18,409493,206515,691,0.0,0.344452119544336,MORTGAGE,debt_consolidation,employed,1
Naresh Ghosh,49,200000,92749,546,2.0,0.32951227929422205,MORTGAGE,debt_consolidation,employed,1
Amit Jain,18,438160,144472,617,0.0,0.008922093241169497,OWN,debt_consolidation,employed,0
Rashmi Gupta,40,465475,208421,645,6.0,0.00831924435775537,RENT,business,employed,0
Anita Banerjee,18,793024,192271,677,11.0,0.25032095491101913,OWN,debt_consolidation,self_employed,0
Geeta Chakraborty,36,978937,139493,652,1.0,0.20816540252949256,MORTGAGE,home_improvement,self_employed,0
Meena Ghosh,59,314112,175671,678,4.0,0.3283833585200879,MORTGAGE,business,employed,1
Priya Reddy,44,660393,169881,640,0.0,0.014903706069537913,OWN,business,employed,0
Swati Sharma,29,648684,148791,676,2.0,0.06818039228325276,RENT,business,employed,0
Rashmi Pillai,39,756688,149591,603,1.0,0.163498536353068,MORTGAGE,home_improvement,employed,0
Vijay Chatterjee,40,567698,397985,616,1.0,0.08911684970508575,MORTGAGE,home_improvement,employed,0
Ajay Reddy,45,200000,224970,592,5.0,0.2140938272519431,OWN,education,employed,0
Neha Nair,23,409334,439002,841,0.0,0.03593642644493084,RENT,home_improvement,unemployed,0
Geeta Shah,47,248238,133414,796,9.0,0.13977620604809,MORTGAGE,home_improvement,unemployed,1
Meena Mishra,18,399790,157316,705,5.0,0.299736941388098,RENT,other,employed,0
Priya Ghosh,32,722160,95525,782,6.0,0.08385452145440597,MORTGAGE,debt_consolidation,employed,0
Shweta Shah,34,515336,117732,729,13.0,0.13110989128700604,OWN,education,employed,0
Shweta Chakraborty,47,785476,348281,668,14.0,0.20944827073898242,MORTGAGE,home_improvement,employed,0
Sanjay Verma,40,524854,132083,499,4.0,0.20118761576558505,OWN,education,employed,0
Suresh Chatterjee,23,231153,350709,623,,0.16399879037518686,MORTGAGE,home_improvement,employed,1
Ajay Mishra,28,200000,98978,616,2.0,0.0936781267898211,RENT,debt_consolidation,self_employed,1
Ajay Verma,42,476586,106789,536,6.0,0.09084124484556595,MORTGAGE,debt_consolidation,employed,0
Anita Shah,39,397534,141989,501,3.0,0.02234677275019837,RENT,other,employed,0
Geeta Ghosh,33,271448,158657,699,13.0,0.02776239900361281,OWN,education,unemployed,1
Rahul Shah,34,200000,235445,682,1.0,0.08574409316962214,OWN,debt_consolidation,employed,1
Rashmi Gupta,48,306394,194912,533,1.0,0.32326601242863806,MORTGAGE,education,retired,1
Vikram Mukherjee,33,401416,137788,575,1.0,0.24534726393840725,MORTGAGE,debt_consolidation,employed,0
Amit Patel,38,617194,154303,766,8.0,0.024412708551169046,MORTGAGE,debt_consolidation,employed,0
Sanjay Kumar,66,486170,143254,562,0.0,0.017477723942191544,RENT,business,unemployed,1
Divya Patel,22,988588,112886,667,3.0,0.06853295282730042,OWN,home_improvement,employed,0
Sanjay Patel,18,263602,114098,631,2.0,0.11276493568204597,RENT,education,retired,0
Rahul Singh,49,687302,245524,700,0.0,0.12074126262913255,OWN,business,employed,0
Divya Mishra,31,453000,78333,564,2.0,0.21946547809722822,MORTGAGE,other,retired,0
Sunita Chakraborty,36,626143,310811,659,3.0,0.1538372272473763,RENT,other,employed,0
Shweta Kumar,30,355664,141889,666,0.0,0.14314128933645434,OWN,debt_consolidation,employed,0
Anita Pillai,36,756032,119491,673,3.0,0.19380772055738374,MORTGAGE,education,employed,0
Pooja Mishra,59,512785,218797,657,16.0,0.17072225926859758,MORTGAGE,other,employed,1
Sanjay Jain,49,314984,294810,684,19.0,0.19856523444636923,MORTGAGE,other,self_employed,1
Rashmi Mishra,50,439761,254499,850,3.0,0.035263498618958784,MORTGAGE,debt_consolidation,employed,0
Geeta Mukherjee,23,392472,198936,850,,0.15091466199720874,OWN,other,employed,0
Rekha Verma,26,565004,251386,586,1.0,0.04874897770811054,MORTGAGE,debt_consolidation,employed,0
Arun Gupta,18,245269,81912,418,29.0,0.3011000548868813,RENT,home_improvement,employed,1
Vikram Ghosh,30,435968,132093,709,1.0,0.07471770818402883,RENT,home_improvement,self_employed,1
Sunita Kumar,51,539098,113043,668,3.0,0.1306270936445716,RENT,other,employed,0
Dinesh Chatterjee,46,449779,265628,756,0.0,0.26118355285212086,RENT,home_improvement,employed,0
Ramesh Iyer,37,867586,139610,678,2.0,0.11785974961874568,OWN,business,employed,1
Ramesh Menon,39,651486,228242,655,0.0,0.03973424601328026,RENT,business,employed,0
Kavita Pillai,31,440761,201660,762,6.0,0.03912975850764146,MORTGAGE,debt_consolidation,employed,0
Shweta Mishra,42,493039,115275,776,4.0,0.0818069754435163,MORTGAGE,business,retired,0
Rajesh Chakraborty,49,512898,128697,511,4.0,0.24447149005701405,MORTGAGE,home_improvement,employed,1
Shweta Nair,20,541257,273081,568,1.0,0.34741999380065064,MORTGAGE,business,employed,1
Priya Patel,43,200000,119348,639,8.0,0.08084187823807386,MORTGAGE,debt_consolidation,self_employed,1
Ramesh Singh,51,380498,171090,659,0.0,0.14222919283145694,OWN,debt_consolidation,unemployed,1
Priya Mishra,35,210613,119012,627,2.0,0.2818541788851043,OWN,debt_consolidation,retired,0
Manish Menon,48,838307,143547,693,5.0,0.1120408285038891,RENT,other,self_employed,0
Rashmi Shah,73,429155,159777,749,11.0,0.3468640646788501,MORTGAGE,home_improvement,employed,0
Rashmi Banerjee,38,401647,118996,822,1.0,0.09062737552761817,MORTGAGE,home_improvement,employed,0
Kavita Menon,44,692732,110837,707,3.0,0.06861267401719741,OWN,home_improvement,employed,0
Anita Menon,31,546430,182500,564,3.0,0.1900657227143729,RENT,education,employed,1
Rashmi Patel,42,251621,116088,635,10.0,0.03643175864138614,OWN,debt_consolidation,employed,1
Vikram Mukherjee,45,427003,117681,642,0.0,0.11945572447275278,RENT,debt_consolidation,unemployed,1
Rekha Iyer,42,374151,111790,701,2.0,0.18622119945392313,MORTGAGE,home_improvement,employed,0
Rahul Shah,27,200000,157761,688,1.0,0.22118633944214028,OWN,education,employed,0
Sunita Pillai,42,313282,237394,850,0.0,0.06348179367969184,MORTGAGE,other,employed,0
Deepak Reddy,57,403620,297334,603,0.0,0.07610117251167155,MORTGAGE,debt_consolidation,employed,0
Vijay Verma,45,417702,121738,688,18.0,0.1889797022896823,RENT,education,employed,0
Anjali Banerjee,51,210846,384663,850,1.0,,MORTGAGE,debt_consolidation,unemployed,0
Suresh Nair,37,786881,108892,591,13.0,0.2212115463543894,MORTGAGE,debt_consolidation,self_employed,1
Rekha Iyer,48,420394,251053,664,1.0,0.07148171048588958,MORTGAGE,debt_consolidation,employed,0
Divya Patel,43,450798,121944,555,13.0,0.26621162923294905,MORTGAGE,other,employed,1
Arun Patel,28,540538,114878,658,5.0,0.14509346310535215,RENT,education,employed,0
Sanjay Singh,43,298331,120824,571,0.0,0.2696511315994379,MORTGAGE,home_improvement,employed,0
Sanjay Chakraborty,28,555807,159375,754,,,OWN,home_improvement,self_employed,1
Deepak Pillai,32,368229,205250,664,1.0,0.3046102835753571,MORTGAGE,business,self_employed,1
Ramesh Jain,42,282577,212765,556,2.0,0.3706127611427403,OWN,debt_consolidation,self_employed,1
Shweta Chakraborty,43,589319,111569,734,2.0,0.2543343540977185,MORTGAGE,debt_consolidation,unemployed,1
Ramesh Agarwal,25,932698,109549,667,2.0,,OWN,education,self_employed,0
Vijay Reddy,52,635657,112796,745,5.0,0.05486863682539916,OWN,debt_consolidation,employed,0
Anita Mishra,46,701859,155664,535,7.0,0.1663950298229246,MORTGAGE,education,unemployed,1
Arun Banerjee,31,341016,149632,686,1.0,0.18661873846709773,MORTGAGE,debt_consolidation,employed,1
Rahul Sharma,21,200000,111293,727,,0.21863938209631528,MORTGAGE,debt_consolidation,unemployed,1
Dinesh Gupta,38,931981,181287,607,13.0,0.21539017832402324,OWN,other,self_employed,0
Rahul Iyer,34,1235835,402329,524,,0.16289051476633318,MORTGAGE,other,employed,0
Anjali Mukherjee,41,956851,133001,645,0.0,0.16105828264384972,MORTGAGE,business,self_employed,0
Anjali Pillai,35,374035,136843,772,2.0,,RENT,home_improvement,employed,0
Pooja Jain,18,248371,203590,762,4.0,0.13268054719166997,MORTGAGE,business,retired,0
Shweta Shah,35,259667,130153,607,1.0,0.21302287600392866,RENT,home_improvement,employed,1
Sanjay Agarwal,36,200000,212688,521,1.0,0.09858419724117129,MORTGAGE,education,employed,1
Priya Sharma,47,419286,122098,606,5.0,0.24383101979866006,RENT,education,employed,0
Divya Gupta,31,987408,338692,603,4.0,0.0190081704635218,OWN,education,employed,0
Priya Ghosh,60,412160,186821,694,0.0,0.09712376277775797,MORTGAGE,home_improvement,employed,0
Anita Agarwal,18,514608,127006,639,10.0,0.28746914842805327,MORTGAGE,education,employed,1
Divya Singh,55,880106,128607,574,5.0,0.25315415346504777,MORTGAGE,debt_consolidation,employed,0
Mukesh Singh,37,361476,132518,760,2.0,0.04855152778798163,MORTGAGE,debt_consolidation,employed,0
Amit Ghosh,50,1224160,281841,664,5.0,0.1732150706819462,OWN,business,self_employed,0
Vikram Menon,40,1197860,97978,693,0.0,0.22599655774968502,OWN,debt_consolidation,employed,1
Anita Chakraborty,53,414340,124594,477,3.0,0.2289290417828379,RENT,business,employed,1
Geeta Mishra,35,331450,130005,407,0.0,0.3344149054644238,OWN,education,employed,1
Naresh Singh,26,626948,161736,506,0.0,0.15446655575454193,RENT,home_improvement,employed,1
Mukesh Mishra,57,371846,146028,601,2.0,0.0705301816376332,MORTGAGE,debt_consolidation,self_employed,0
Sanjay Shah,38,248133,89635,707,0.0,0.06290397560065265,RENT,other,employed,0
Manish Gupta,42,839548,138700,415,5.0,0.042182286652957236,MORTGAGE,debt_consolidation,employed,1
Suresh Pillai,54,812786,156401,809,5.0,0.13690556604732732,RENT,other,employed,0
Sunita Patel,27,478186,126596,667,0.0,0.04559025333480358,RENT,debt_consolidation,employed,0
Ramesh Iyer,47,235288,214209,786,,0.07667647157930925,OWN,education,employed,0
Mukesh Reddy,32,239243,235099,561,7.0,0.1810440671336346,RENT,other,employed,0
Sanjay Mishra,38,466780,157730,700,,0.1555448415441553,RENT,other,employed,1
Ramesh Gupta,40,344574,178477,658,2.0,0.04964755525111272,MORTGAGE,other,employed,0
Sanjay Verma,21,373044,68567,731,3.0,0.06672321235131386,OWN,other,self_employed,0
Deepak Menon,30,737470,137524,626,8.0,0.1605330463951775,RENT,home_improvement,unemployed,1
Arun Verma,56,638316,243270,697,9.0,0.06465035532279652,RENT,business,employed,0
Sanjay Patel,50,881227,137396,760,6.0,0.21534602744047976,OWN,business,employed,0
Sneha Pillai,39,269598,121187,584,1.0,0.28567856448141377,MORTGAGE,other,employed,0
Amit Chatterjee,42,372653,404770,674,6.0,0.18865250631792296,OWN,education,employed,0
Sunita Agarwal,36,646604,336930,461,1.0,0.4201052831167435,RENT,education,unemployed,0
Divya Menon,56,553512,196227,720,1.0,0.19357830437606507,OWN,business,retired,0
Sneha Chatterjee,37,951876,256674,845,3.0,0.3228489773692212,MORTGAGE,business,employed,0
Anjali Kumar,42,545942,66811,525,5.0,0.12606987044831763,OWN,other,employed,1
Swati Iyer,53,1114653,118774,640,0.0,0.3475434779845549,RENT,debt_consolidation,employed,0
Rajesh Ghosh,30,579550,134863,738,0.0,0.029410866176988907,OWN,debt_consolidation,employed,0
Suresh Singh,58,752445,148094,653,7.0,0.07834081118487411,MORTGAGE,other,employed,0
Sunita Pillai,21,376337,133789,666,9.0,0.06824632310191188,RENT,business,self_employed,1
Mukesh Patel,59,445585,58687,610,4.0,0.11255590353060771,OWN,home_improvement,unemployed,1
Anjali Verma,35,697649,189929,607,2.0,,MORTGAGE,other,self_employed,0
Amit Gupta,37,991019,202290,641,9.0,0.17075527190699627,RENT,education,employed,0
Ajay Patel,18,637059,308895,654,6.0,0.21158355978640045,MORTGAGE,debt_consolidation,employed,0
Ramesh Pillai,34,424392,118738,531,4.0,0.11389038514631086,OWN,debt_consolidation,retired,0
Rahul Chatterjee,27,880871,114913,643,1.0,0.06299184394191101,OWN,education,employed,0
Vikram Sharma,32,200000,55715,806,1.0,0.11722708727666452,MORTGAGE,education,employed,0
Sunita Verma,38,217267,144722,608,2.0,0.3229592946965888,RENT,debt_consolidation,employed,0
Anita Menon,51,622075,233384,526,1.0,0.1518987700156816,MORTGAGE,education,employed,1
Sanjay Kumar,42,445545,127426,634,2.0,0.497535478740617,MORTGAGE,home_improvement,employed,1
Mukesh Reddy,43,598844,383608,578,3.0,0.2281126726775443,OWN,home_improvement,employed,0
Naresh Menon,26,456892,146878,516,0.0,0.05014746428913342,RENT,other,unemployed,1
Ajay Sharma,29,588582,172611,663,8.0,0.023005836282631042,OWN,home_improvement,employed,0
Vijay Chatterjee,61,294430,94349,578,,,RENT,debt_consolidation,employed,1
Rashmi Iyer,31,588447,182569,587,3.0,0.04057589425991557,OWN,debt_consolidation,unemployed,0
Deepak Gupta,59,727382,73737,665,6.0,0.20865922099190923,MORTGAGE,debt_consolidation,retired,0
Swati Jain,37,814455,214803,496,3.0,0.3758944635636918,OWN,other,employed,0
Rahul Menon,40,1210782,217460,475,2.0,0.15817733906980877,MORTGAGE,debt_consolidation,employed,1
Mukesh Chatterjee,52,499842,280328,717,3.0,0.27378301447510767,RENT,home_improvement,employed,0
Anjali Chakraborty,55,507349,108229,456,,0.04278819147258972,RENT,education,self_employed,0
Swati Nair,38,206573,173550,552,23.0,0.15566792545528552,MORTGAGE,debt_consolidation,retired,1
Arun Shah,35,339182,203928,470,4.0,0.15625778068332347,RENT,education,employed,1
Deepak Verma,39,401699,194252,601,7.0,0.07341650737207438,RENT,debt_consolidation,self_employed,0
Suresh Gupta,44,748001,115137,692,0.0,0.31180868251696886,MORTGAGE,debt_consolidation,employed,0
Pooja Banerjee,50,325950,62517,661,10.0,0.16795945673946183,OWN,other,employed,0
Rekha Reddy,40,658796,186985,850,15.0,0.05980666716807098,MORTGAGE,home_improvement,employed,0
Amit Pillai,47,442054,153123,758,4.0,0.17376206666521055,RENT,education,employed,0
Ramesh Shah,59,404908,129745,556,7.0,0.1638351273879792,RENT,education,employed,1
Suresh Agarwal,44,501042,220924,530,3.0,0.12149258669471633,OWN,debt_consolidation,employed,0
Sneha Banerjee,43,363822,159856,850,1.0,0.06702647873723208,MORTGAGE,home_improvement,employed,0
Priya Menon,21,356996,96020,756,9.0,0.07499517964964465,MORTGAGE,education,employed,0
Anita Agarwal,18,200000,75163,708,4.0,0.22383066743130609,OWN,business,employed,0
Meena Menon,44,390828,103612,657,4.0,0.19298001708077303,RENT,home_improvement,self_employed,1
Naresh Singh,38,348020,423879,677,,0.026000941960938603,OWN,education,employed,0
Suresh Nair,33,341809,217316,501,9.0,0.23096320331450337,RENT,other,unemployed,1
Rashmi Gupta,42,544943,175508,665,6.0,0.18035974641300714,RENT,debt_consolidation,employed,0
Naresh Pillai,39,614962,151347,657,1.0,0.09991191469343712,OWN,debt_consolidation,self_employed,0
Shweta Agarwal,53,496876,147420,559,,,RENT,debt_consolidation,employed,0
Vikram Verma,41,727746,259595,596,19.0,0.14889807995232054,RENT,business,employed,0
Rajesh Sharma,31,589942,133754,801,4.0,0.28537151023968277,MORTGAGE,other,employed,0
Shweta Chakraborty,51,381731,205000,637,13.0,0.159774790965541,OWN,other,employed,0
Kavita Chatterjee,37,351010,141581,850,8.0,0.19255929057767118,RENT,debt_consolidation,employed,0
Deepak Gupta,46,517316,353649,475,5.0,0.06360119318887661,RENT,other,employed,1
Geeta Banerjee,34,589413,219019,597,2.0,0.05017661688015448,MORTGAGE,education,self_employed,1
Suresh Shah,32,889951,267860,495,1.0,0.24496346625956586,MORTGAGE,education,unemployed,0
Rashmi Banerjee,41,802579,128828,529,5.0,0.24061625653891652,MORTGAGE,business,employed,1
Dinesh Pillai,40,337480,248513,567,2.0,0.18781021603130627,OWN,education,self_employed,0
Rahul Verma,45,420414,143626,681,8.0,,MORTGAGE,other,employed,0
Arun Verma,36,618782,170078,676,7.0,,MORTGAGE,education,self_employed,1
Arun Verma,18,754642,313018,582,1.0,0.0829355274208141,RENT,debt_consolidation,employed,0
Deepak Singh,34,707494,107247,427,6.0,0.32386129072084435,MORTGAGE,education,employed,1
Rajesh Mukherjee,49,428506,176539,797,3.0,0.2454517319884512,MORTGAGE,education,employed,0
Manish Banerjee,36,236331,193920,621,1.0,0.10963880769914018,OWN,debt_consolidation,employed,1
Vikram Chakraborty,37,268480,200386,538,,0.10652440952711376,RENT,debt_consolidation,employed,0
Kavita Gupta,51,507025,135901,677,11.0,0.1413426627072376,OWN,education,employed,0
Priya Kumar,31,524978,374934,670,2.0,0.24671806234702212,RENT,debt_consolidation,self_employed,0
Rashmi Sharma,21,255418,96957,617,1.0,0.15248412891478844,RENT,home_improvement,employed,0
Rashmi Ghosh,38,452383,291721,664,2.0,0.21758452199469072,MORTGAGE,home_improvement,employed,0
Priya Jain,34,606592,264613,534,1.0,0.12692866897078253,OWN,debt_consolidation,employed,0
Mukesh Kumar,28,248795,348138,725,3.0,0.2980603924096779,OWN,other,employed,0
Rahul Mishra,37,768732,86224,550,0.0,0.203121053843535,RENT,education,employed,1
Suresh Verma,45,366309,114974,589,8.0,0.20875561559936537,OWN,debt_consolidation,employed,0
Naresh Shah,39,829689,295604,714,1.0,0.31209516262483245,MORTGAGE,debt_consolidation,employed,1
Dinesh Singh,43,338836,76817,770,4.0,0.16397345662936444,RENT,home_improvement,employed,0
Manish Ghosh,61,264788,85597,808,0.0,0.0546174009518597,OWN,home_improvement,employed,0
Sneha Chakraborty,35,351839,133877,755,19.0,0.2696733618487959,RENT,debt_consolidation,employed,0
Amit Singh,43,421858,175746,617,3.0,0.2602952447733608,OWN,other,employed,0
Anjali Chatterjee,33,364309,307702,495,8.0,0.21649872256632302,MORTGAGE,other,employed,1
Divya Ghosh,29,397122,151129,790,7.0,0.15532853574520974,RENT,other,self_employed,0
Kavita Gupta,32,522814,127606,787,6.0,0.11753404292342039,RENT,education,employed,0
Geeta Agarwal,34,406122,184343,582,8.0,0.17775908927768094,OWN,education,employed,1
Neha Reddy,44,428027,196386,742,0.0,0.18021194330665072,OWN,business,employed,1
Geeta Menon,68,200000,194171,616,5.0,0.27888232039991223,RENT,other,self_employed,1
Arun Singh,31,538126,151570,800,1.0,0.2703043700716304,MORTGAGE,education,employed,0
Anita Chakraborty,35,423114,74456,598,7.0,0.0947981269505149,RENT,business,employed,0
Swati Kumar,39,989689,112752,847,15.0,0.12736417300367678,RENT,education,employed,0
Arun Agarwal,44,276569,287250,728,11.0,0.14253581419270792,RENT,debt_consolidation,employed,0
Ramesh Verma,43,200000,175400,829,0.0,0.18517954143550006,RENT,other,employed,1
Ajay Mishra,55,602615,143055,603,2.0,0.1938783488297352,OWN,debt_consolidation,employed,0
Arun Gupta,18,526108,254553,690,2.0,0.05865108660781565,OWN,business,employed,0
Anjali Patel,18,267208,103564,553,0.0,0.20515446636902682,RENT,debt_consolidation,employed,0
Vikram Iyer,34,205895,148725,734,0.0,0.09699053232548963,RENT,other,employed,1
Sneha Nair,53,954266,171974,739,2.0,0.11060242695209131,MORTGAGE,other,self_employed,0
Swati Mishra,21,897218,136413,850,24.0,0.14165442370332254,OWN,home_improvement,employed,0
Manish Jain,18,200000,169448,698,4.0,0.1276812796485,RENT,other,self_employed,0
Sunita Chakraborty,46,351824,150982,722,4.0,0.08753692352224418,RENT,debt_consolidation,employed,0
Priya Kumar,42,1016723,92991,602,3.0,,MORTGAGE,debt_consolidation,employed,1
Anjali Ghosh,26,348700,175008,704,5.0,0.0811787539186759,RENT,debt_consolidation,employed,0
Deepak Mishra,28,346172,95669,612,15.0,0.24026440273639013,OWN,debt_consolidation,unemployed,1
Rahul Chatterjee,28,384085,173901,661,4.0,0.10231058940192024,OWN,business,self_employed,1
Amit Sharma,41,252597,281997,667,,0.019498732334940427,MORTGAGE,education,employed,0
Rahul Mishra,32,200000,145450,614,3.0,0.16718309940889656,MORTGAGE,debt_consolidation,self_employed,0
Sunita Gupta,45,748834,101865,656,24.0,0.08492648750655844,MORTGAGE,debt_consolidation,employed,0
Mukesh Chakraborty,18,200000,154694,612,2.0,0.19256656860844681,OWN,debt_consolidation,self_employed,1
Naresh Shah,29,500636,116682,612,4.0,0.08183763113080474,MORTGAGE,debt_consolidation,self_employed,0
Neha Chatterjee,26,689202,206447,757,0.0,0.2063044201831881,MORTGAGE,debt_consolidation,retired,0
Mukesh Kumar,36,214140,153400,667,0.0,,RENT,debt_consolidation,employed,0
Rajesh Kumar,33,278692,322515,684,10.0,0.251180665697287,MORTGAGE,home_improvement,employed,1
Suresh Patel,49,811459,259158,504,1.0,0.24048296545892583,MORTGAGE,other,employed,1
Vijay Pillai,18,577489,153087,692,1.0,0.0646864966749241,RENT,debt_consolidation,employed,0
Neha Jain,40,324927,216694,703,2.0,0.05529431340677561,MORTGAGE,other,employed,0
Sneha Ghosh,46,807036,139066,610,16.0,0.015969742517554307,OWN,home_improvement,employed,0
Mukesh Verma,62,808768,164980,850,0.0,0.25907339034563076,OWN,business,employed,0
Divya Mishra,34,506118,140846,421,8.0,0.0858724259128724,OWN,education,employed,0
Mukesh Chatterjee,43,282072,221146,728,2.0,0.049911842306101815,RENT,debt_consolidation,employed,0
Divya Gupta,18,359789,288714,721,9.0,0.21950510301309278,MORTGAGE,other,employed,1
Suresh Shah,18,510524,224012,704,23.0,0.15976916524427362,MORTGAGE,debt_consolidation,unemployed,1
Pooja Iyer,50,402601,235337,667,2.0,0.03875047331341814,OWN,home_improvement,employed,0
Rahul Banerjee,39,707489,235440,705,0.0,0.07213226765399523,MORTGAGE,debt_consolidation,retired,1
Kavita Agarwal,54,205893,202906,736,0.0,0.4464366016917681,MORTGAGE,home_improvement,employed,1
Anjali Mukherjee,23,209581,103185,577,7.0,0.3472602431614631,RENT,home_improvement,employed,1
Anjali Ghosh,46,484288,321382,679,0.0,0.30255463456807374,RENT,other,employed,1
Pooja Banerjee,62,346011,334959,631,1.0,0.16407982736055143,MORTGAGE,home_improvement,employed,0
Vijay Jain,45,323345,148219,540,1.0,0.1990778346930629,MORTGAGE,business,employed,0
Manish Agarwal,43,200000,140325,721,2.0,0.19879088208914644,MORTGAGE,other,employed,0
Sanjay Verma,40,446758,207931,593,0.0,0.23368013448158817,RENT,home_improvement,retired,1
Rajesh Singh,21,430896,202870,500,9.0,0.11136316992625532,OWN,home_improvement,unemployed,1
Geeta Kumar,56,613379,150124,596,9.0,0.2812025620633613,MORTGAGE,other,employed,0
Anita Chatterjee,32,457921,98714,570,,0.19792355742357842,OWN,education,employed,1
Rashmi Mishra,46,414031,183924,752,4.0,0.01935461615239423,MORTGAGE,other,employed,0
Sneha Verma,21,796912,202921,665,5.0,0.19066660978587507,RENT,home_improvement,employed,0
Priya Nair,25,229524,217581,788,6.0,0.27522664885698656,RENT,business,employed,0
Meena Agarwal,57,578500,187159,583,3.0,0.14313842234281815,RENT,debt_consolidation,employed,0
Neha Patel,35,200000,146028,737,3.0,,OWN,other,employed,0
Arun Ghosh,57,290924,242219,850,4.0,0.010130995547849516,RENT,other,employed,0
Geeta Pillai,39,241269,167098,685,6.0,0.35817374259767387,MORTGAGE,debt_consolidation,employed,1
Priya Singh,18,654071,135135,736,2.0,0.11359036606716791,RENT,debt_consolidation,unemployed,0
Shweta Verma,50,428178,151408,719,2.0,0.16639697771328882,OWN,debt_consolidation,self_employed,0
Sunita Banerjee,32,439436,80952,507,1.0,0.34821442470649416,MORTGAGE,business,employed,1
Sneha Mishra,48,254392,151312,708,3.0,0.21811635945336058,OWN,debt_consolidation,employed,0
Geeta Sharma,40,380847,214351,680,2.0,0.13581443452289513,RENT,business,employed,0
Rashmi Mukherjee,21,302025,186449,624,,0.2996338871298745,RENT,home_improvement,self_employed,1
Anjali Gupta,41,535913,299019,561,2.0,0.06612237871999187,MORTGAGE,other,unemployed,1
Naresh Jain,66,269535,146504,719,9.0,0.09423308486596357,RENT,home_improvement,employed,0
Shweta Pillai,45,860180,197782,552,0.0,0.053358628445254595,MORTGAGE,home_improvement,employed,0
Ajay Chakraborty,39,200000,223484,850,4.0,0.1295453748718418,OWN,debt_consolidation,self_employed,0
Arun Iyer,52,295593,415460,661,4.0,0.06941409711336524,MORTGAGE,debt_consolidation,employed,0
Rajesh Reddy,42,1023358,172457,527,2.0,0.43311964152350124,OWN,home_improvement,unemployed,1
Kavita Singh,42,355909,107186,598,2.0,0.04462988751226929,MORTGAGE,education,employed,0
Arun Jain,26,229248,228472,622,8.0,0.05114427959351612,OWN,other,employed,0
Anjali Jain,42,493627,343276,850,1.0,0.07675759944162269,MORTGAGE,debt_consolidation,employed,0
Shweta Iyer,52,348817,143054,561,10.0,0.3701550052433614,MORTGAGE,education,employed,0
Rekha Agarwal,29,291287,227847,638,11.0,0.05826100159092586,MORTGAGE,debt_consolidation,employed,1
Deepak Jain,57,255777,266063,596,5.0,0.12895653524057413,RENT,education,self_employed,1
Amit Chatterjee,38,1765927,244464,699,7.0,0.06749816202711442,RENT,debt_consolidation,employed,0
Ajay Chatterjee,29,390125,171137,597,4.0,0.07593369855787357,RENT,debt_consolidation,employed,0
Priya Iyer,51,200000,123082,536,3.0,0.23708502730433495,RENT,business,employed,0
Vikram Agarwal,36,933648,157548,630,17.0,0.1256705394776115,MORTGAGE,other,unemployed,1
Sunita Ghosh,49,600510,195524,620,1.0,0.36360216589723815,RENT,debt_consolidation,employed,0
Manish Mishra,36,301572,234049,590,0.0,0.09183873279318276,RENT,debt_consolidation,employed,0
Deepak Nair,39,277462,186014,596,1.0,0.3526429942163923,RENT,other,employed,1
Vikram Pillai,45,619542,139809,768,4.0,0.0500385336761119,MORTGAGE,business,employed,0
Shweta Agarwal,43,391030,203241,618,1.0,0.08747086082801363,MORTGAGE,education,retired,0
Suresh Nair,18,200000,229586,536,11.0,0.07164591072130523,OWN,debt_consolidation,employed,0
Sanjay Agarwal,26,1081240,189443,603,2.0,0.1514176420210482,MORTGAGE,other,retired,1
Arun Kumar,51,356113,116485,655,9.0,0.08727511435872903,MORTGAGE,home_improvement,unemployed,1
Priya Chakraborty,38,934517,151363,516,1.0,0.24170332218658455,MORTGAGE,other,employed,1
Priya Patel,33,838372,237786,812,1.0,0.2684198370721539,RENT,debt_consolidation,self_employed,1
Vikram Singh,23,268201,93600,736,0.0,0.22851675173080288,MORTGAGE,other,unemployed,1
Rekha Pillai,27,741621,70454,793,1.0,0.06772485218144636,OWN,business,self_employed,0
Manish Iyer,18,319425,297518,689,3.0,0.14738058265571455,MORTGAGE,business,employed,0
Sneha Reddy,38,200000,199698,440,14.0,0.19056302335609412,OWN,debt_consolidation,self_employed,1
Kavita Shah,32,357789,207459,803,2.0,0.18072619498294987,MORTGAGE,business,employed,1
Divya Mishra,28,539727,105796,563,5.0,0.04946069589261092,MORTGAGE,business,unemployed,0
Geeta Ghosh,39,351031,218602,571,2.0,0.024427976366594703,OWN,education,employed,1
Naresh Mishra,44,379449,181697,665,0.0,0.11009570316518029,MORTGAGE,education,employed,0
Ajay Banerjee,65,783701,86359,787,3.0,0.022575796530250065,OWN,home_improvement,employed,0
Rekha Jain,21,466609,287711,755,0.0,0.3188223406588587,RENT,debt_consolidation,employed,1
Amit Iyer,53,290207,173420,740,10.0,0.14286901230191615,OWN,other,self_employed,1
Rekha Mukherjee,51,628452,138907,618,6.0,0.22821206868501712,OWN,other,unemployed,1
Rashmi Agarwal,30,488374,139916,617,2.0,0.17533147487805895,RENT,debt_consolidation,employed,0
Ajay Chatterjee,42,200000,72686,684,5.0,0.09968474382889637,MORTGAGE,business,employed,0
Dinesh Pillai,34,548079,206351,636,0.0,0.035716135863773826,MORTGAGE,debt_consolidation,employed,0
Sanjay Sharma,42,538161,180726,738,6.0,0.1256231852792492,OWN,other,employed,0
Shweta Iyer,58,446886,150597,733,8.0,0.15367662980688374,OWN,debt_consolidation,employed,0
Shweta Jain,47,690969,271412,709,8.0,0.12655110872859024,RENT,other,self_employed,0
Kavita Reddy,46,316096,93569,397,1.0,0.29185072293436576,MORTGAGE,business,self_employed,1
Neha Chakraborty,34,523477,128192,662,1.0,0.25714124701302343,MORTGAGE,debt_consolidation,employed,0
Kavita Chakraborty,22,202100,115843,639,3.0,0.23871863433791218,OWN,other,employed,0
Vikram Chakraborty,37,542284,145580,666,17.0,0.20344984364275992,MORTGAGE,business,employed,0
Naresh Sharma,54,1174707,167207,574,12.0,0.1121483405833154,RENT,business,employed,0
Neha Verma,21,269028,193301,517,2.0,0.22610376714239747,RENT,debt_consolidation,retired,1
Priya Chatterjee,27,302579,141663,696,7.0,0.35021410172957174,RENT,debt_consolidation,employed,1
Shweta Mukherjee,41,310206,114583,614,12.0,0.12603241886944147,RENT,other,employed,0
Priya Iyer,28,472125,319464,707,1.0,0.24120558646337992,OWN,business,employed,0
Vijay Menon,30,260011,427049,582,8.0,0.22321024225693967,MORTGAGE,debt_consolidation,employed,1
Rashmi Singh,34,546136,172355,791,1.0,0.16394162354729794,OWN,debt_consolidation,employed,0
Manish Chatterjee,23,675642,120245,750,2.0,0.12042662674779864,OWN,business,employed,0
Kavita Gupta,28,577910,293661,679,1.0,0.23892223851365765,RENT,debt_consolidation,self_employed,1
Swati Sharma,48,200000,91244,628,3.0,0.10427923179491598,MORTGAGE,debt_consolidation,employed,0
Mukesh Iyer,24,727656,142356,735,9.0,0.11281879715666664,RENT,debt_consolidation,employed,0
Rajesh Kumar,20,706927,123198,689,3.0,0.09082515627894978,MORTGAGE,business,unemployed,1
Pooja Shah,32,670031,102353,673,0.0,0.25954316781309034,OWN,debt_consolidation,employed,0
Kavita Gupta,48,533076,145508,754,1.0,0.13487463088292764,RENT,home_improvement,unemployed,0
Rahul Chatterjee,37,493903,115189,792,4.0,0.2623868780174981,OWN,debt_consolidation,employed,0
Anita Shah,34,741325,163580,524,4.0,0.07616870553040773,MORTGAGE,education,employed,0
Sneha Pillai,40,1157481,164533,544,4.0,0.1987928292281062,OWN,education,employed,0
Rekha Chakraborty,19,274712,126939,571,0.0,,OWN,education,unemployed,1
Shweta Chakraborty,45,758473,140335,499,7.0,0.2334381106875954,RENT,business,employed,1
Rahul Pillai,44,423746,148399,643,12.0,0.11251752659304096,OWN,education,self_employed,1
Manish Kumar,35,414638,225018,710,3.0,0.29582044583686296,MORTGAGE,business,employed,0
Rekha Menon,52,205198,153373,647,6.0,0.13133157635055645,OWN,home_improvement,employed,0
Sneha Nair,26,383695,226359,596,12.0,0.11966039750479021,RENT,debt_consolidation,employed,0
Suresh Pillai,53,268704,205731,762,5.0,0.35183460561409,MORTGAGE,debt_consolidation,employed,0
Mukesh Sharma,41,350835,204559,664,5.0,0.1724120809058084,RENT,debt_consolidation,unemployed,1
Rekha Gupta,35,255481,283548,684,6.0,0.08933369061166142,MORTGAGE,business,unemployed,0
Deepak Reddy,39,353467,104010,765,1.0,0.057600353531213316,MORTGAGE,other,employed,0
Vijay Verma,38,361112,134689,637,4.0,0.1530610017542906,OWN,debt_consolidation,employed,0
Meena Iyer,54,464342,329496,850,9.0,0.056882295557852194,MORTGAGE,business,self_employed,0
Ramesh Patel,27,200000,146836,605,1.0,0.2614945341168158,RENT,home_improvement,self_employed,1
Mukesh Ghosh,30,214752,52783,849,11.0,0.17823526364734857,RENT,business,employed,0
Swati Chakraborty,52,530172,150063,552,4.0,0.11783296689005429,RENT,debt_consolidation,employed,1
Geeta Agarwal,32,296938,171781,701,2.0,0.06903061470176006,MORTGAGE,debt_consolidation,self_employed,1
Geeta Gupta,50,757110,57134,585,4.0,0.05603684736341053,OWN,debt_consolidation,employed,0
Divya Reddy,60,495159,277499,761,2.0,0.2067676734313458,RENT,other,employed,0
Shweta Verma,35,599218,122334,602,9.0,0.05368135536271055,RENT,debt_consolidation,employed,0
Vijay Nair,48,895686,185614,679,3.0,0.1813339404362595,MORTGAGE,business,employed,0
Naresh Verma,26,378944,148688,584,11.0,0.14655577090774047,RENT,other,employed,0
Anjali Menon,49,331955,97212,743,,0.06084220240080958,RENT,business,employed,1
Pooja Pillai,42,684094,106063,584,5.0,0.44156952222397505,RENT,home_improvement,employed,1
Divya Verma,45,570778,111967,818,30.0,0.0972888802504728,RENT,home_improvement,self_employed,0
Pooja Nair,32,402856,251266,550,0.0,0.09022188332504585,RENT,business,employed,0
Sneha Banerjee,20,887114,153427,515,6.0,0.28195046817081454,OWN,home_improvement,employed,0
Mukesh Gupta,46,397868,132091,745,0.0,0.1503878967003498,OWN,education,self_employed,0
Swati Agarwal,18,449722,111989,590,9.0,0.09655018072166141,OWN,business,employed,0
Vikram Reddy,36,447132,262619,649,4.0,0.21520357607168886,MORTGAGE,business,employed,0
Kavita Banerjee,51,277257,292342,617,13.0,0.2221830758920097,MORTGAGE,other,unemployed,1
Anjali Chatterjee,42,459913,261423,518,10.0,0.2828720387051741,RENT,education,employed,1
Shweta Chakraborty,63,889469,198188,642,0.0,0.034793769014947226,RENT,business,employed,0
Rekha Agarwal,52,552652,182760,776,0.0,0.13837518402262045,RENT,home_improvement,employed,0
Ramesh Jain,32,449338,100069,750,4.0,0.06734232812708234,OWN,education,employed,0
Arun Nair,40,408038,147513,673,3.0,0.16238631343380225,RENT,education,self_employed,0
Naresh Patel,39,522005,123804,761,,0.030522860396980673,MORTGAGE,debt_consolidation,employed,0
Vijay Iyer,21,643632,78416,544,0.0,0.17594201645454097,OWN,business,employed,0
Sanjay Verma,28,599960,248405,617,4.0,0.20495291554398434,MORTGAGE,debt_consolidation,employed,0
Amit Nair,33,374769,123212,689,0.0,0.12577308941479304,OWN,home_improvement,self_employed,0
Pooja Pillai,18,520419,262597,636,10.0,0.14204085021808135,OWN,other,self_employed,1
Rashmi Mukherjee,40,562400,231584,625,8.0,0.15618628826661912,MORTGAGE,debt_consolidation,employed,0
Vijay Singh,37,267373,203350,529,7.0,0.060726426709669476,RENT,debt_consolidation,employed,0
Rashmi Banerjee,19,481237,207970,441,0.0,0.09012457610271334,OWN,debt_consolidation,self_employed,1
Anita Banerjee,44,200000,127245,731,0.0,,RENT,home_improvement,employed,0
Naresh Shah,48,563130,342196,674,3.0,0.1716874545593439,OWN,debt_consolidation,employed,0
Manish Ghosh,42,615488,165586,740,25.0,0.2191447951905265,MORTGAGE,home_improvement,retired,0
Pooja Gupta,36,642918,183647,606,2.0,0.08639300849303204,RENT,education,employed,1
Rajesh Pillai,47,363115,125538,578,2.0,0.1641634895903474,MORTGAGE,other,employed,1
Amit Gupta,48,516341,112143,650,0.0,0.09323794010263234,MORTGAGE,debt_consolidation,employed,0
Deepak Mishra,43,901645,196992,735,5.0,0.01980138835841408,OWN,education,employed,0
Meena Gupta,30,897066,177549,626,5.0,0.26651989240390406,RENT,debt_consolidation,employed,0
Anjali Mishra,43,436007,118688,730,0.0,0.11091731132964593,MORTGAGE,home_improvement,employed,0
Sanjay Singh,54,474330,91548,549,3.0,0.14241101499026398,RENT,other,employed,0
Mukesh Kumar,32,771009,97932,633,5.0,0.15801126280992525,RENT,debt_consolidation,unemployed,1
Rashmi Kumar,65,208897,262617,642,3.0,0.029507078149146646,MORTGAGE,debt_consolidation,employed,0
Rekha Agarwal,33,376420,127350,772,5.0,0.2688119095835507,RENT,debt_consolidation,employed,0
Vijay Sharma,40,862668,142121,670,8.0,0.23473104391008262,MORTGAGE,other,employed,1
Meena Iyer,31,720427,290725,824,5.0,0.0946009094483144,RENT,debt_consolidation,employed,0
Anita Banerjee,42,532124,103895,515,4.0,0.1587834101135733,MORTGAGE,debt_consolidation,employed,0
Sunita Kumar,19,208372,121686,662,9.0,0.15449801219691242,MORTGAGE,business,employed,0
Rashmi Nair,33,431509,119670,667,11.0,0.03293378597722717,OWN,debt_consolidation,employed,0
Neha Pillai,26,329404,310900,712,2.0,0.12163158449120096,OWN,debt_consolidation,employed,0
Shweta Sharma,41,522050,361260,568,0.0,0.0331024377887531,RENT,debt_consolidation,employed,0
Meena Agarwal,51,295175,219833,818,8.0,0.14293115975391524,RENT,business,employed,0
Amit Sharma,47,264908,222649,651,1.0,0.033899974913086425,MORTGAGE,business,employed,0
Rekha Jain,18,200000,129037,541,13.0,0.24169354165143062,MORTGAGE,education,self_employed,0
Dinesh Mukherjee,64,814966,354665,648,0.0,0.2441598925426906,MORTGAGE,debt_consolidation,employed,1
Suresh Reddy,43,362259,181149,618,12.0,0.12926811347265532,MORTGAGE,home_improvement,employed,0
Neha Chakraborty,30,478577,228946,850,4.0,0.1463361021874234,MORTGAGE,business,self_employed,0
Arun Reddy,41,441918,156027,754,7.0,0.24271462654429973,MORTGAGE,debt_consolidation,employed,0
Rashmi Chakraborty,42,259440,146208,654,2.0,0.15614739635934846,MORTGAGE,home_improvement,employed,1
Anita Mukherjee,31,235735,316543,638,23.0,0.03850958630593654,RENT,education,employed,0
Dinesh Banerjee,42,267625,201973,745,,0.19232515898094607,MORTGAGE,other,employed,0
Manish Pillai,32,308172,290846,749,1.0,0.17142597588459646,MORTGAGE,business,employed,0
Meena Chakraborty,35,531417,180255,358,0.0,0.04310827407559822,RENT,other,self_employed,1
Vikram Shah,31,297194,115919,714,14.0,,MORTGAGE,education,employed,0
Sneha Patel,22,1059433,128883,652,3.0,0.12770279432615186,RENT,other,employed,0
Kavita Chatterjee,41,739386,169597,518,5.0,0.08460673958813285,OWN,education,employed,0
Pooja Shah,47,662767,126677,738,5.0,0.03288398303695624,RENT,debt_consolidation,employed,0
Ramesh Verma,46,416720,104507,850,10.0,0.23813769965333495,OWN,debt_consolidation,employed,0
Vikram Nair,49,943300,263172,705,5.0,0.28083600226391814,OWN,education,employed,1
Meena Pillai,43,396724,130882,760,4.0,0.19835440254700995,MORTGAGE,home_improvement,employed,0
Sneha Ghosh,33,435551,172004,830,6.0,0.19142321243870075,MORTGAGE,debt_consolidation,retired,0
Sunita Mishra,50,481656,183221,566,6.0,0.16284955047970606,MORTGAGE,business,employed,1
Mukesh Banerjee,23,628387,128635,464,1.0,,MORTGAGE,other,employed,0
Meena Mishra,29,608318,290779,715,0.0,0.3330927217869594,RENT,home_improvement,employed,0
Sneha Kumar,28,348863,104103,625,0.0,0.02972114012749259,OWN,business,unemployed,1
Sneha Jain,52,338914,180710,512,2.0,0.08245828252925114,MORTGAGE,business,employed,0
Anjali Verma,51,609230,179592,642,3.0,0.0922251630900971,MORTGAGE,debt_consolidation,employed,1
Arun Chakraborty,45,632615,159260,722,4.0,0.07615307335801037,MORTGAGE,debt_consolidation,unemployed,0
Vikram Pillai,52,363423,96880,635,15.0,0.10906724602058185,RENT,other,unemployed,1
Sanjay Nair,29,200066,230573,571,2.0,0.08246609202701187,RENT,other,employed,0
Sneha Agarwal,44,398850,219126,627,7.0,0.32081399061362376,MORTGAGE,other,employed,1
Swati Verma,38,604261,124215,648,3.0,0.1571517982293278,MORTGAGE,home_improvement,retired,0
Anita Reddy,50,1091112,215991,457,1.0,0.0730551802574828,RENT,debt_consolidation,employed,1
Pooja Kumar,38,243049,189087,635,4.0,0.06710127799744355,OWN,other,employed,0
Pooja Pillai,35,357436,97514,515,17.0,0.10069469818672619,OWN,other,employed,0
Swati Mishra,46,364141,115662,715,0.0,0.17776407933215094,OWN,education,employed,0
Swati Shah,50,871440,256609,493,3.0,0.13403189887785985,OWN,debt_consolidation,employed,0
Anjali Sharma,31,434751,184197,751,0.0,0.16812754334355903,MORTGAGE,business,employed,0
Deepak Chatterjee,39,281063,129868,609,1.0,0.017587781265065047,MORTGAGE,education,employed,1
Ramesh Kumar,27,584988,115451,595,4.0,0.2208346042467407,MORTGAGE,business,employed,0
Manish Reddy,18,361378,132434,679,9.0,0.24967793717450787,MORTGAGE,business,employed,0
Vikram Sharma,42,239858,136244,563,6.0,0.2996961871206034,MORTGAGE,education,employed,0
Shweta Banerjee,47,283116,116031,677,3.0,0.29155111054572885,RENT,education,unemployed,1
Vijay Reddy,43,1052860,81088,576,11.0,,OWN,debt_consolidation,employed,0
Suresh Shah,18,536115,256787,594,1.0,0.3070946598443761,OWN,home_improvement,employed,0
Rashmi Shah,35,466904,239966,690,7.0,0.014809656685802114,MORTGAGE,education,employed,0
Ramesh Chakraborty,18,390449,97801,536,3.0,0.07234497697250798,MORTGAGE,debt_consolidation,employed,0
Anita Kumar,56,511997,171875,523,11.0,0.276514916028741,OWN,other,employed,1
Geeta Chakraborty,26,508956,113448,674,7.0,0.1546525112865006,RENT,education,employed,0
Shweta Pillai,55,512002,146586,647,11.0,0.3099290894859829,RENT,other,unemployed,1
Arun Singh,51,468561,141788,666,1.0,0.11383108354481236,OWN,debt_consolidation,employed,0
Shweta Chatterjee,29,683101,137154,682,5.0,0.2565500881594428,RENT,debt_consolidation,employed,0
Naresh Verma,26,447553,362644,655,6.0,0.22309657088466142,MORTGAGE,debt_consolidation,self_employed,1
Vikram Banerjee,44,271313,136471,710,6.0,0.12642063149358465,OWN,business,self_employed,0
Anjali Shah,29,325718,117794,659,3.0,0.024071441374986454,MORTGAGE,debt_consolidation,retired,0
Rahul Menon,41,200000,119966,449,0.0,0.09523804385707434,RENT,debt_consolidation,employed,0
Divya Jain,34,1218838,247090,475,1.0,0.12077887250848642,RENT,debt_consolidation,unemployed,1
Manish Nair,18,681040,84049,842,1.0,,OWN,business,employed,0
Amit Reddy,18,292133,119964,650,9.0,0.14385228972525121,MORTGAGE,home_improvement,employed,0
Priya Ghosh,42,384261,290317,745,9.0,,OWN,home_improvement,employed,1
Suresh Agarwal,33,321760,179439,615,0.0,0.19519461552212045,MORTGAGE,debt_consolidation,self_employed,0
Ajay Mukherjee,33,956727,175741,644,14.0,0.05160780116936037,OWN,other,employed,0
Kavita Patel,48,217523,381878,604,1.0,0.24635979238069217,MORTGAGE,home_improvement,employed,0
Rajesh Sharma,54,468475,179609,850,2.0,0.24776025922771697,RENT,debt_consolidation,employed,0
Amit Banerjee,36,419046,122605,675,1.0,0.3837653993436314,OWN,debt_consolidation,self_employed,1
Rekha Pillai,35,668919,145389,596,9.0,0.2742877564015548,RENT,debt_consolidation,employed,0
Anita Gupta,46,419993,103344,484,6.0,0.2620379546022215,RENT,debt_consolidation,employed,1
Vijay Menon,23,200000,268975,847,2.0,0.2575233394964188,OWN,business,employed,0
Rajesh Chatterjee,42,390210,204807,633,,0.16736113488170198,RENT,other,unemployed,1
Arun Ghosh,46,272098,255190,724,1.0,0.08718961550234014,MORTGAGE,debt_consolidation,employed,0
Divya Mukherjee,48,460371,264393,735,2.0,0.10135236048603118,MORTGAGE,education,employed,0
Priya Nair,18,906266,137904,603,2.0,0.1327204907713717,OWN,other,employed,0
Deepak Kumar,30,200000,111535,717,1.0,0.1817040091904291,MORTGAGE,home_improvement,employed,0
Mukesh Iyer,29,296525,159422,589,10.0,0.06582396955403011,MORTGAGE,debt_consolidation,employed,0
Pooja Menon,41,335592,114794,550,5.0,0.14036010986275146,MORTGAGE,home_improvement,self_employed,1
Pooja Sharma,45,365559,173856,766,1.0,0.17295800330558087,OWN,other,employed,0
Meena Nair,57,640537,255975,634,1.0,0.20999728159272477,OWN,debt_consolidation,employed,0
Pooja Shah,34,405642,152168,701,0.0,0.16561780721918143,RENT,home_improvement,self_employed,1
Manish Banerjee,34,544651,172818,691,2.0,0.1937643731429713,RENT,education,retired,0
Amit Agarwal,53,323551,156758,713,3.0,0.08126160004097062,MORTGAGE,business,self_employed,0
Shweta Pillai,43,496313,224378,494,1.0,0.2676684910977357,OWN,home_improvement,employed,1
Shweta Iyer,55,652716,124602,591,6.0,0.03848616057396552,MORTGAGE,business,employed,0
Geeta Pillai,43,306768,67603,617,2.0,0.07366480101326463,OWN,business,unemployed,1
Meena Mishra,26,653879,196486,566,1.0,0.21490771064523637,RENT,business,self_employed,1
Geeta Iyer,24,454151,241622,692,13.0,0.18033899959586586,MORTGAGE,home_improvement,employed,0
Shweta Iyer,21,746185,194570,768,1.0,0.05626904086790131,OWN,home_improvement,unemployed,0
Vikram Chakraborty,47,400028,125983,784,2.0,0.2110348344974497,OWN,debt_consolidation,employed,0
Divya Gupta,54,535321,103362,616,2.0,0.09724700065879666,OWN,other,retired,0
Vikram Agarwal,62,433521,198352,679,1.0,0.04249676068506886,RENT,debt_consolidation,unemployed,0
Meena Chatterjee,50,421634,172230,694,1.0,0.08010989215909636,MORTGAGE,debt_consolidation,employed,0
Rekha Mukherjee,53,503563,154768,712,,0.054652587100385515,RENT,debt_consolidation,unemployed,1
Arun Gupta,33,578621,337386,562,9.0,0.022241982415522533,OWN,other,employed,0
Sunita Chakraborty,26,236858,111444,832,7.0,0.24411027028027008,MORTGAGE,business,self_employed,1
Ramesh Menon,50,906020,331046,742,5.0,0.0695707614659669,RENT,home_improvement,employed,0
Amit Sharma,45,200000,164837,745,3.0,0.20888841108070524,OWN,other,unemployed,1
Neha Patel,41,314139,78102,770,3.0,0.3470584380830155,OWN,other,employed,0
Neha Mishra,44,422044,151496,703,1.0,0.02663838692772819,RENT,home_improvement,unemployed,1
Swati Pillai,43,543713,238899,547,0.0,0.2036206783442732,OWN,business,employed,0
Mukesh Chakraborty,55,972948,140642,636,2.0,0.14855556185595709,OWN,other,employed,0
Ramesh Kumar,55,200000,90227,484,3.0,0.10042541429434294,RENT,debt_consolidation,employed,0
Rajesh Mishra,46,343228,152389,691,0.0,0.356395249692667,OWN,home_improvement,self_employed,1
Dinesh Menon,50,200000,115512,633,0.0,0.2627901316268324,RENT,education,employed,0
Meena Banerjee,46,449463,198139,645,1.0,0.37874773355508035,MORTGAGE,business,unemployed,1
Rashmi Verma,34,506784,221761,770,2.0,0.139053815940727,MORTGAGE,debt_consolidation,self_employed,1
Dinesh Shah,49,980088,106669,604,2.0,0.2451317102223017,RENT,debt_consolidation,self_employed,1
Dinesh Chakraborty,23,469919,122722,624,0.0,0.12245176049738565,MORTGAGE,education,employed,0
Meena Chatterjee,52,745650,220280,652,1.0,0.16712353781988928,OWN,debt_consolidation,employed,0
Swati Pillai,25,592388,115434,466,1.0,0.16935457056012107,RENT,other,unemployed,1
Kavita Sharma,43,355889,105570,623,0.0,0.3333301387921026,RENT,debt_consolidation,employed,0
Geeta Sharma,29,218713,101572,401,1.0,0.1873236006240325,OWN,business,unemployed,1
Vikram Patel,46,507626,187365,591,0.0,0.25996017198895316,RENT,business,employed,1
Meena Chatterjee,39,209808,184178,735,6.0,0.032158427807877886,RENT,home_improvement,employed,0
Anjali Shah,20,845432,123794,694,2.0,0.08119229061714678,MORTGAGE,debt_consolidation,unemployed,1
Neha Mishra,45,407978,163086,590,1.0,0.166097153586435,MORTGAGE,debt_consolidation,self_employed,1
Rashmi Jain,33,804188,299794,654,0.0,0.09033071513530871,OWN,business,employed,0
Rahul Singh,50,347977,110235,542,1.0,0.3200492558200762,OWN,home_improvement,employed,1
Ramesh Patel,40,506067,74555,649,1.0,0.2985745638992137,MORTGAGE,home_improvement,unemployed,1
Rashmi Gupta,44,491233,195248,850,21.0,0.22144865042645057,RENT,debt_consolidation,employed,0
Divya Nair,28,432560,155723,834,9.0,0.06485021569521698,RENT,debt_consolidation,employed,0
Ajay Chatterjee,32,356350,122515,655,0.0,0.10043788399053138,MORTGAGE,home_improvement,employed,0
Ajay Iyer,34,538330,211257,666,4.0,0.17457775767108896,MORTGAGE,debt_consolidation,employed,0
Rekha Patel,50,278428,227678,552,1.0,0.07594771408091552,RENT,debt_consolidation,employed,1
Suresh Chatterjee,60,241658,67284,569,0.0,0.08865260477098849,MORTGAGE,home_improvement,employed,1
Mukesh Singh,30,823577,125362,686,6.0,0.19409374112529573,MORTGAGE,business,unemployed,1
Pooja Mukherjee,52,636400,411270,597,0.0,0.20078996873747754,RENT,debt_consolidation,retired,0
Shweta Chakraborty,18,457231,205533,740,2.0,0.2356447843737744,OWN,debt_consolidation,employed,0
Rahul Patel,25,1017206,213297,806,5.0,0.3709689105864486,RENT,education,employed,0
Sneha Chakraborty,28,386975,260187,683,4.0,0.2310612703905975,MORTGAGE,other,self_employed,1
Priya Kumar,23,857135,163869,660,18.0,0.1070582628816956,MORTGAGE,debt_consolidation,employed,0
Arun Pillai,20,483007,223837,481,7.0,0.12977906487763535,RENT,home_improvement,unemployed,1
Naresh Kumar,44,265036,216907,724,7.0,0.27518596837373727,MORTGAGE,education,employed,1
Pooja Mishra,37,1114615,201917,535,2.0,0.1882859607759485,MORTGAGE,other,employed,0
Priya Patel,44,726036,143085,608,0.0,0.19838433304425857,RENT,debt_consolidation,employed,0
Pooja Iyer,48,416436,174350,745,6.0,0.1282983706101018,OWN,education,employed,0
Suresh Nair,43,636401,128624,752,40.0,0.22850410215378383,MORTGAGE,home_improvement,employed,0
Priya Shah,47,361547,163591,603,2.0,0.20624111811066925,OWN,debt_consolidation,employed,1
Meena Mukherjee,39,669692,101987,609,21.0,0.07551029282730336,MORTGAGE,business,employed,0
Suresh Gupta,25,200000,118628,580,0.0,0.06178574036661981,RENT,home_improvement,self_employed,1
Vijay Agarwal,52,265693,145375,530,1.0,0.24751011693229538,RENT,debt_consolidation,employed,0
Ramesh Mishra,32,721891,111582,586,0.0,0.18257395198991755,MORTGAGE,debt_consolidation,employed,0
Ramesh Singh,28,390495,132985,488,3.0,0.11636943331831141,MORTGAGE,other,employed,1
Divya Mishra,37,490789,152425,718,7.0,0.24277654024699197,MORTGAGE,other,employed,0
Swati Reddy,29,225619,191167,689,2.0,0.07792309113704789,RENT,debt_consolidation,self_employed,0
Rekha Reddy,34,1114519,237923,706,11.0,0.046201869156721455,OWN,business,employed,0
Dinesh Shah,44,802321,135196,554,3.0,0.027049751174004658,OWN,debt_consolidation,unemployed,1
Sanjay Nair,44,400175,277629,530,3.0,0.1443901620224058,MORTGAGE,business,employed,0
Anjali Banerjee,29,361367,236912,655,7.0,0.37238161103181594,OWN,other,employed,0
Ajay Nair,34,740293,199114,656,0.0,0.06804507615988344,MORTGAGE,debt_consolidation,self_employed,0
Dinesh Kumar,52,1192109,173071,635,7.0,0.18891237666973906,RENT,debt_consolidation,unemployed,1
Rahul Kumar,45,712745,184914,621,1.0,0.10993208223391773,OWN,education,employed,0
Vijay Shah,64,1310476,261665,821,1.0,0.09286120252511922,RENT,education,employed,0
Pooja Chatterjee,54,278960,265516,692,4.0,0.25977525559333114,MORTGAGE,home_improvement,employed,1
Neha Reddy,53,293697,277611,847,11.0,0.18642043868511599,RENT,education,employed,0
Sunita Mishra,23,244147,165467,776,4.0,0.1057862311545222,OWN,other,employed,0
Anjali Agarwal,49,551766,203208,820,5.0,0.016425659839315064,RENT,home_improvement,unemployed,0
Vikram Mukherjee,39,483014,278568,542,7.0,0.12723445927431526,MORTGAGE,debt_consolidation,retired,1
Kavita Agarwal,33,410045,126818,709,1.0,0.05140859423710358,MORTGAGE,home_improvement,employed,0
Geeta Banerjee,42,663065,143291,606,8.0,0.061302698417065635,MORTGAGE,education,employed,0
Divya Mukherjee,51,819266,163802,483,2.0,0.08124909572297125,RENT,debt_consolidation,employed,1
Rekha Banerjee,46,206316,233243,799,0.0,0.09298108433009787,RENT,debt_consolidation,unemployed,0
Mukesh Banerjee,29,328244,234701,620,2.0,0.31165867202161274,OWN,debt_consolidation,employed,0
Mukesh Singh,48,666684,148398,544,,0.17351624039881833,MORTGAGE,debt_consolidation,retired,0
Neha Pillai,32,350154,89014,608,1.0,0.16896740448921185,RENT,education,employed,0
Sunita Gupta,42,296824,179597,570,1.0,0.3415822673346509,MORTGAGE,debt_consolidation,employed,1
Anjali Kumar,36,736208,112721,580,0.0,0.24059179091094382,RENT,education,employed,0
Sunita Sharma,37,232175,89682,627,5.0,0.15668940116631888,MORTGAGE,debt_consolidation,employed,0
Rashmi Nair,49,380488,98169,823,,0.2879114290680872,OWN,other,employed,0
Meena Nair,27,521425,185452,583,5.0,0.24315540226843768,OWN,home_improvement,employed,0
Vikram Pillai,63,332066,280524,815,2.0,,OWN,debt_consolidation,self_employed,0
Naresh Ghosh,18,654467,165306,734,7.0,0.16775949871578957,RENT,education,unemployed,1
Vijay Reddy,32,332888,177114,689,0.0,0.18200539551179085,MORTGAGE,home_improvement,employed,0
Sneha Shah,44,894759,261230,724,4.0,0.10644408066931185,MORTGAGE,business,self_employed,1
Rahul Singh,47,415453,87747,651,1.0,0.1934076793844818,OWN,other,self_employed,1
Kavita Kumar,38,618860,200399,778,3.0,0.1278826244653455,OWN,home_improvement,self_employed,0
Rekha Kumar,39,642429,162002,706,1.0,0.11092517047374979,RENT,education,employed,1
Mukesh Jain,44,323265,204111,483,7.0,0.2650266551468484,OWN,debt_consolidation,employed,0
Meena Kumar,37,200000,134135,679,11.0,0.1725310897787506,OWN,education,employed,0
Rajesh Kumar,56,529865,117339,728,6.0,0.4000581307967854,OWN,debt_consolidation,employed,1
Amit Iyer,50,458696,172164,621,0.0,0.0979353332678579,MORTGAGE,other,unemployed,1
Mukesh Singh,50,584149,314794,662,1.0,0.03827109000648723,RENT,debt_consolidation,self_employed,1
Amit Sharma,28,395037,229662,588,12.0,0.253506997965319,RENT,debt_consolidation,self_employed,0
Ramesh Chatterjee,39,356748,132842,512,2.0,0.18482958806951957,OWN,other,employed,1
Ramesh Iyer,36,1207709,95188,494,14.0,,MORTGAGE,debt_consolidation,employed,1
Priya Agarwal,27,211890,83047,496,2.0,0.04669993913592075,RENT,debt_consolidation,employed,0
Anjali Verma,44,638562,275526,716,15.0,0.011564663276448037,OWN,business,employed,0
Geeta Mukherjee,33,331936,111075,400,13.0,0.10497965642965257,RENT,other,employed,1
Ajay Verma,47,374037,142884,583,5.0,0.15040621665754117,MORTGAGE,business,employed,0
Rashmi Singh,27,377546,276090,573,0.0,0.3087384983077328,OWN,debt_consolidation,employed,0
Sunita Patel,60,296049,85343,621,2.0,0.045528347168466266,MORTGAGE,education,employed,0
Priya Gupta,29,588664,295642,464,,0.19919738255607886,OWN,home_improvement,employed,0
Meena Sharma,42,886753,147052,690,10.0,0.05685894760160388,MORTGAGE,other,retired,0
Ramesh Singh,49,559616,102802,522,1.0,0.16286061926567452,MORTGAGE,business,employed,0
Geeta Singh,33,465883,147422,763,2.0,0.4159287438446633,MORTGAGE,home_improvement,self_employed,1
Sunita Ghosh,50,270162,121900,587,9.0,0.14299304149136866,MORTGAGE,business,retired,0
Rajesh Chakraborty,25,572869,194138,640,4.0,0.05758744512584038,OWN,business,employed,1
Naresh Agarwal,57,1300390,125586,650,9.0,0.07796357876663039,OWN,education,unemployed,1
Sneha Nair,40,365730,75761,674,8.0,0.1570512556882549,MORTGAGE,debt_consolidation,employed,0
Rahul Gupta,32,366593,149010,653,11.0,0.08446273812118,OWN,debt_consolidation,retired,0
Vikram Patel,36,334186,94597,607,0.0,0.2709787674230479,RENT,debt_consolidation,unemployed,1
Ajay Nair,49,346380,176615,684,0.0,0.21635865646062202,MORTGAGE,home_improvement,unemployed,1
Pooja Mishra,32,200000,101229,696,0.0,0.3638739667924533,OWN,debt_consolidation,employed,0
Rekha Mukherjee,31,541727,133892,573,13.0,0.11774028488926255,RENT,debt_consolidation,unemployed,1
Ramesh Ghosh,37,289880,175086,692,3.0,0.2344153758456258,MORTGAGE,other,unemployed,1
Kavita Mukherjee,25,200000,149494,769,0.0,0.11662141743264941,MORTGAGE,debt_consolidation,self_employed,0
Ajay Gupta,61,644735,179902,720,1.0,0.15289005747894185,MORTGAGE,other,employed,0
Anjali Chakraborty,33,257555,213654,743,2.0,0.0303652639498051,OWN,other,employed,0
Ramesh Sharma,49,373497,102418,667,8.0,0.09726692830312046,RENT,business,employed,0
Vijay Agarwal,42,921005,158615,556,6.0,0.2916793026708699,MORTGAGE,debt_consolidation,self_employed,0
Mukesh Agarwal,28,218685,50000,569,5.0,0.15191282529011416,MORTGAGE,debt_consolidation,employed,0
Meena Mishra,39,205602,179680,681,0.0,0.30172996057252,RENT,other,retired,0
Naresh Banerjee,49,506182,144303,744,12.0,0.31386846478829605,MORTGAGE,other,employed,0
Rahul Singh,37,786024,109822,850,1.0,0.25454558963497176,RENT,other,employed,0
Sunita Agarwal,54,201355,184662,748,4.0,0.36278380963511064,OWN,other,employed,0
Sunita Mukherjee,52,542446,260167,532,0.0,0.19376038453403308,RENT,debt_consolidation,self_employed,0
Rekha Chatterjee,51,591548,134536,573,0.0,0.13463018778610467,MORTGAGE,business,employed,0
Pooja Chakraborty,34,200000,111532,850,0.0,0.13747020241541905,RENT,education,employed,0
Sneha Pillai,27,659508,173860,628,4.0,0.19605434162353463,OWN,debt_consolidation,employed,0
Anita Singh,32,685773,95392,654,4.0,0.25021417897461895,MORTGAGE,home_improvement,employed,0
Sneha Nair,42,378551,124972,553,0.0,0.16445893337148293,RENT,debt_consolidation,self_employed,0
Deepak Iyer,46,827507,265391,806,1.0,0.17474467139666267,RENT,debt_consolidation,employed,0
Rajesh Mukherjee,18,780919,166853,700,9.0,0.20811969688781026,RENT,debt_consolidation,employed,0
Kavita Iyer,39,465822,76742,572,0.0,0.2673490568498647,OWN,debt_consolidation,employed,0
Anjali Reddy,41,353019,79316,550,1.0,0.0870140905654655,OWN,home_improvement,employed,0
Anjali Pillai,36,272007,173656,680,2.0,0.05523162249524799,MORTGAGE,business,employed,0
Anjali Mukherjee,55,434181,229798,654,9.0,0.27108768113579956,RENT,debt_consolidation,employed,0
Vikram Chatterjee,45,588233,85216,733,1.0,0.08151793319508081,MORTGAGE,education,employed,0
Ramesh Nair,55,376213,194830,704,29.0,0.049385160875914415,MORTGAGE,other,employed,0
Mukesh Shah,37,200000,277101,623,2.0,0.121737364110669,MORTGAGE,debt_consolidation,employed,0
Swati Verma,51,834307,346328,595,2.0,0.12713091483720032,MORTGAGE,debt_consolidation,employed,1
Amit Reddy,59,486558,185811,634,0.0,0.3307644091906294,MORTGAGE,debt_consolidation,employed,0
Rashmi Singh,55,365926,199330,594,5.0,0.25080845733605295,MORTGAGE,education,employed,1
Deepak Shah,26,679137,69336,636,1.0,0.30945810874547935,OWN,home_improvement,employed,0
Manish Ghosh,36,948198,376962,651,4.0,0.15711356459469705,RENT,home_improvement,employed,0
Shweta Shah,35,200000,129288,560,,0.13974583302643354,MORTGAGE,debt_consolidation,unemployed,1
Anita Pillai,45,549702,112040,713,2.0,0.14086570195370698,MORTGAGE,home_improvement,employed,0
Kavita Banerjee,48,216788,146960,612,9.0,0.08430929132013809,RENT,other,employed,0
Neha Shah,29,567817,297946,565,6.0,0.0843748433615414,MORTGAGE,debt_consolidation,unemployed,1
Rekha Iyer,40,471636,393650,614,0.0,0.1488356074661088,OWN,business,employed,0
Rajesh Gupta,18,607959,171127,674,,0.23017429594193767,RENT,debt_consolidation,employed,1
Naresh Chatterjee,57,344681,242615,658,4.0,0.28355476081384534,RENT,debt_consolidation,employed,1
Anita Nair,33,200000,165591,692,,0.2734081077511091,RENT,home_improvement,self_employed,1
Sneha Sharma,40,353209,107460,739,3.0,0.1357918487788503,OWN,business,retired,0
Anita Chatterjee,36,542218,293812,780,,0.047470098192454895,OWN,home_improvement,self_employed,0
Anita Singh,53,735051,126899,678,3.0,0.32636730192427893,OWN,debt_consolidation,employed,0
Deepak Pillai,18,246245,300803,543,7.0,0.09019165558196714,OWN,education,unemployed,1
Vijay Gupta,39,739352,273598,623,0.0,0.18153469646475728,MORTGAGE,debt_consolidation,self_employed,1
Anjali Kumar,38,319996,208066,549,0.0,0.07703306763691649,RENT,business,unemployed,1
Deepak Menon,34,530314,338266,819,1.0,0.2861803318941906,MORTGAGE,other,employed,0
Mukesh Chakraborty,60,342851,397495,848,15.0,0.14633192222543148,MORTGAGE,home_improvement,employed,0
Anjali Mishra,29,484603,151736,715,6.0,0.19745468238866826,MORTGAGE,debt_consolidation,self_employed,0
Amit Nair,49,691030,117769,735,0.0,0.18160703686303017,OWN,education,employed,0
Rajesh Reddy,44,239544,77210,675,2.0,0.03780540762860236,MORTGAGE,home_improvement,self_employed,0
Rajesh Ghosh,55,314911,399461,686,1.0,0.00894907065174779,RENT,other,employed,0
Rekha Menon,31,485279,136506,490,5.0,0.2266067598425318,RENT,education,employed,0
Anjali Jain,31,1470027,256277,642,3.0,0.11923314315864912,MORTGAGE,home_improvement,unemployed,0
Dinesh Iyer,53,287335,120994,561,16.0,0.24900451401005524,MORTGAGE,business,employed,1
Shweta Chatterjee,45,1226980,301132,678,1.0,0.1274058782522887,RENT,debt_consolidation,self_employed,1
Sanjay Chakraborty,21,1205266,123001,644,4.0,,OWN,home_improvement,employed,0
Ajay Patel,33,421402,101044,844,6.0,0.2639120015372212,OWN,business,employed,0
Ramesh Menon,44,381140,149731,741,8.0,0.45740616703389264,OWN,business,employed,0
Pooja Chatterjee,50,313002,131569,678,2.0,0.16127443667088845,OWN,business,employed,0
Anita Ghosh,31,427580,206595,623,5.0,0.2507330068880889,MORTGAGE,education,self_employed,1
Deepak Chatterjee,18,218959,159443,817,1.0,0.12859805027894294,MORTGAGE,debt_consolidation,employed,0
Vijay Patel,46,425866,209207,647,2.0,0.2257337779914672,MORTGAGE,debt_consolidation,employed,0
Vikram Pillai,25,935129,144869,683,11.0,0.10552533984852597,OWN,debt_consolidation,employed,0
Anjali Singh,18,325936,124736,654,14.0,0.15209577528436624,RENT,education,employed,0
Sanjay Chatterjee,18,392243,128872,609,6.0,0.12464859929232035,OWN,debt_consolidation,retired,1
Rashmi Jain,49,200000,368787,653,2.0,0.17089658360021295,MORTGAGE,debt_consolidation,employed,0
Suresh Kumar,41,533402,178094,453,8.0,0.17372562346394738,RENT,debt_consolidation,employed,1
Rahul Singh,37,504963,73606,495,0.0,0.07826048704862373,MORTGAGE,business,self_employed,0
Shweta Verma,56,456731,132179,684,0.0,0.1867866453577332,MORTGAGE,home_improvement,employed,0
Dinesh Gupta,47,396958,169184,806,5.0,0.106228390095122,MORTGAGE,debt_consolidation,employed,0
Rashmi Sharma,59,382170,340496,684,1.0,0.10204477064763105,RENT,home_improvement,employed,1
Sneha Menon,23,568610,245604,577,15.0,0.17386009597046811,MORTGAGE,business,employed,0
Divya Reddy,39,436084,112568,505,2.0,0.09291993232795301,OWN,education,employed,0
Vikram Shah,20,517873,428198,728,2.0,0.2701506625612374,RENT,debt_consolidation,self_employed,0
Divya Ghosh,37,492619,160738,593,5.0,0.015393617596648744,RENT,education,employed,0
Anjali Gupta,37,775849,267943,714,7.0,0.14469225138679093,RENT,debt_consolidation,self_employed,0
Anita Mukherjee,47,620634,102538,688,3.0,0.20665967138669156,RENT,education,employed,0
Ramesh Chatterjee,40,487200,62363,697,1.0,0.2531541522529366,RENT,business,self_employed,1
Geeta Pillai,47,945255,92653,653,7.0,0.1666579669972711,MORTGAGE,home_improvement,retired,0
Rajesh Shah,48,545868,50000,688,1.0,0.26894677573977155,RENT,debt_consolidation,employed,0
Anita Chatterjee,65,849566,378827,638,0.0,0.05884157545452283,MORTGAGE,education,employed,0
Rashmi Mukherjee,36,599272,177338,586,4.0,0.12556714316325995,MORTGAGE,debt_consolidation,employed,0
Sanjay Banerjee,28,200000,112436,553,0.0,0.1352096736874102,OWN,other,employed,0
Arun Banerjee,42,849512,195057,411,17.0,0.14811287162462644,RENT,education,employed,0
Swati Sharma,30,473348,175559,631,5.0,0.2225594923495754,OWN,education,employed,0
Ramesh Verma,57,431068,208641,801,21.0,0.024355931090038446,RENT,education,employed,0
Neha Singh,36,509239,264028,723,2.0,0.2639053998594898,RENT,debt_consolidation,employed,0
Deepak Pillai,33,372319,144933,672,17.0,0.2226944476080558,OWN,other,employed,0
Arun Menon,34,495595,114469,576,0.0,0.05095096716588644,OWN,other,employed,1
Manish Pillai,48,329081,226638,749,0.0,0.033754945686936086,MORTGAGE,home_improvement,employed,0
Priya Verma,38,836629,224343,638,0.0,0.40091679160111987,OWN,education,employed,1
Sneha Banerjee,32,417987,169446,807,3.0,0.2436460945201061,MORTGAGE,education,employed,0
Anita Shah,59,365385,388878,551,0.0,0.07814509329195292,RENT,education,employed,0
Naresh Mishra,29,278601,136608,575,3.0,0.124924541766883,RENT,debt_consolidation,self_employed,1
Rashmi Iyer,40,506048,113556,565,1.0,0.06928078642361366,OWN,home_improvement,employed,0
Vikram Shah,47,485800,192381,501,2.0,0.2231417176533894,MORTGAGE,education,employed,1
Mukesh Menon,20,537246,124246,556,5.0,0.3310824491399134,MORTGAGE,education,self_employed,1
Rashmi Singh,45,264705,198432,660,0.0,0.2603381327892763,MORTGAGE,home_improvement,retired,1
Ajay Chatterjee,27,200000,116634,578,,0.12442603017407187,OWN,home_improvement,employed,1
Anita Banerjee,49,604886,138677,300,4.0,0.25054778787230647,MORTGAGE,other,employed,1
Anita Banerjee,28,929424,346741,757,12.0,0.2221574987404021,RENT,home_improvement,retired,0
Ajay Chatterjee,48,264824,138380,481,2.0,0.3010715558866506,OWN,education,employed,1
Rashmi Banerjee,53,979424,118238,708,20.0,0.1883090192071889,OWN,home_improvement,employed,0
Rekha Mishra,50,509892,259957,653,4.0,,OWN,debt_consolidation,employed,1
Vijay Verma,43,440853,106892,850,18.0,0.2012471446188602,MORTGAGE,business,employed,0
Deepak Patel,37,362661,123355,749,0.0,0.1279681792135843,MORTGAGE,education,employed,1
Rashmi Chakraborty,33,221403,204971,599,6.0,0.21164602964071252,RENT,other,employed,1
Deepak Ghosh,57,724954,236893,579,8.0,0.35385728236853703,MORTGAGE,debt_consolidation,employed,0
Anita Nair,31,300197,265187,800,0.0,0.1102939810811446,RENT,other,self_employed,0
Ramesh Shah,27,299567,120705,502,4.0,0.28773989644392034,RENT,home_improvement,self_employed,1
Arun Verma,47,726477,206571,669,8.0,0.03493605346390308,MORTGAGE,debt_consolidation,unemployed,1
Rahul Chakraborty,30,200000,135071,636,4.0,0.36638447116285294,OWN,education,employed,0
Priya Kumar,28,206530,127738,615,0.0,0.1426600422745938,MORTGAGE,debt_consolidation,employed,0
Dinesh Nair,22,438420,263362,685,5.0,0.19827524456644446,RENT,other,employed,1
Pooja Chakraborty,34,512287,130637,668,0.0,0.13613110779968926,MORTGAGE,debt_consolidation,employed,0
Rahul Reddy,39,563750,181912,695,8.0,0.043093238010935085,MORTGAGE,education,employed,0
Deepak Singh,42,380446,173205,663,0.0,0.13087127590805034,OWN,debt_consolidation,employed,0
Neha Nair,51,1567801,106053,691,0.0,0.25876955626722503,MORTGAGE,debt_consolidation,employed,0
Pooja Iyer,46,394768,239530,659,1.0,0.30623683113421407,MORTGAGE,debt_consolidation,employed,0
Pooja Verma,37,394197,203640,584,5.0,0.31048768706566976,OWN,home_improvement,unemployed,1
Anita Jain,37,297005,73532,650,18.0,0.2665233053948491,OWN,home_improvement,employed,0
Kavita Jain,46,470689,181855,578,0.0,0.3215746149572811,MORTGAGE,debt_consolidation,employed,1
Suresh Shah,55,601679,119468,571,0.0,0.11724505228467838,OWN,debt_consolidation,unemployed,1
Ajay Gupta,41,807573,252415,616,2.0,0.28148148441099924,MORTGAGE,home_improvement,employed,1
Sunita Gupta,34,210103,91293,638,9.0,0.10601082245331585,RENT,education,unemployed,1
Rekha Shah,28,391210,141126,653,3.0,0.06185782518712507,OWN,other,self_employed,0
Anjali Reddy,22,553131,188115,741,1.0,0.24631109988385935,MORTGAGE,home_improvement,employed,0
Sneha Sharma,47,593343,166331,600,4.0,0.1466910150090152,OWN,home_improvement,unemployed,1
Swati Reddy,46,443864,220837,669,1.0,0.31674905771162243,RENT,other,self_employed,1
Priya Pillai,46,580248,88665,661,2.0,0.13494722095654588,OWN,other,employed,0
Anita Iyer,38,295232,315137,589,2.0,0.1970543276795314,MORTGAGE,debt_consolidation,self_employed,1
Ajay Mukherjee,56,964102,200798,657,8.0,0.12149028040325174,OWN,home_improvement,employed,0
Naresh Iyer,34,726732,280376,750,12.0,0.13915667270589063,RENT,education,self_employed,0
Sanjay Sharma,51,225829,230889,668,7.0,0.32144847511502955,MORTGAGE,education,employed,1
Mukesh Chatterjee,39,258447,162000,672,2.0,0.25667833870531104,MORTGAGE,business,employed,1
Ajay Sharma,32,262115,97374,579,3.0,0.1669277317612615,OWN,home_improvement,employed,0
Arun Menon,47,620937,129907,846,0.0,0.34942172863685467,OWN,home_improvement,employed,0
Ajay Menon,44,232730,307375,585,6.0,0.2137139952079836,RENT,education,self_employed,1
Arun Chakraborty,44,374927,283275,483,,0.1711692595932727,MORTGAGE,debt_consolidation,self_employed,1
Anjali Chatterjee,40,555349,127027,736,11.0,0.1440242780776616,OWN,home_improvement,employed,1
Anjali Agarwal,39,428016,52716,638,1.0,0.15527604338199277,OWN,business,retired,0
Arun Chatterjee,68,503552,149480,619,7.0,0.08687400641066463,RENT,education,self_employed,0
Vijay Reddy,54,259652,145062,595,5.0,0.20921148382607868,RENT,home_improvement,unemployed,1
Sneha Ghosh,48,595661,147280,837,1.0,0.11969796776222379,MORTGAGE,home_improvement,employed,0
Meena Nair,41,325589,201071,685,5.0,0.21505491010932548,OWN,debt_consolidation,employed,0
Neha Agarwal,52,376130,231072,704,12.0,0.05032777563699358,RENT,education,employed,0
Rashmi Gupta,46,498254,241861,666,12.0,0.09501593989023703,RENT,education,employed,0
Dinesh Banerjee,40,465812,194518,677,6.0,0.17789332029095525,RENT,education,retired,0
Rajesh Shah,36,447749,79196,789,,0.4020777399580421,OWN,debt_consolidation,employed,0
Sanjay Verma,39,303970,141991,624,10.0,0.14847080176141958,MORTGAGE,home_improvement,employed,0
Meena Chakraborty,18,380874,409067,504,5.0,0.2521283248294386,RENT,debt_consolidation,employed,1
Deepak Jain,42,442896,189034,736,1.0,0.16173546077893922,OWN,business,self_employed,1
Divya Gupta,34,222449,188551,699,1.0,0.23108647404680882,RENT,debt_consolidation,employed,0
Mukesh Chakraborty,59,351067,187924,660,0.0,0.19572958112386085,RENT,education,employed,0
Anjali Chakraborty,40,537046,192173,697,0.0,0.2837338597255512,MORTGAGE,debt_consolidation,employed,1
Arun Patel,25,233580,62740,612,7.0,0.1381895794113407,MORTGAGE,home_improvement,employed,0
Amit Chakraborty,39,788817,147885,652,1.0,0.15203686231397218,MORTGAGE,debt_consolidation,employed,0
Geeta Mukherjee,27,834682,160306,636,0.0,0.04636603339887372,RENT,business,self_employed,0
Rashmi Iyer,45,237381,271739,590,2.0,0.060720165272077256,RENT,business,employed,0
Rajesh Nair,43,872231,165888,768,,0.10170137215764709,OWN,home_improvement,retired,0
Geeta Gupta,51,411765,84237,508,0.0,0.1861849777063664,MORTGAGE,debt_consolidation,employed,0
Suresh Shah,30,545390,193307,850,0.0,0.22915616475192177,OWN,debt_consolidation,employed,0
Vijay Shah,40,345129,118003,737,1.0,0.19985862458718845,OWN,business,self_employed,0
Neha Banerjee,23,701883,100036,472,5.0,0.14068365798562735,RENT,other,employed,0
Arun Agarwal,48,542013,116580,627,0.0,0.3628119239406446,OWN,education,employed,0
Neha Menon,46,294467,202197,633,4.0,0.19531833436279736,MORTGAGE,other,employed,0
Sanjay Ghosh,45,247063,269279,689,0.0,0.4307298253322412,OWN,other,self_employed,1
Vijay Pillai,40,213170,197436,551,1.0,0.03714926357546753,RENT,home_improvement,employed,1
Anita Banerjee,44,486003,209569,653,2.0,0.06913561863066726,OWN,business,self_employed,0
Sneha Sharma,59,589031,196657,637,0.0,0.06942543084822263,MORTGAGE,home_improvement,employed,0
Suresh Mukherjee,36,612609,169486,576,0.0,0.15110409621894072,RENT,other,employed,0
Rekha Mishra,41,417070,215081,562,2.0,0.26130779469640575,OWN,business,unemployed,1
Ajay Chatterjee,26,248078,61851,741,1.0,0.32282568948205503,MORTGAGE,education,self_employed,1
Rajesh Pillai,29,314570,170149,480,6.0,0.11850189239428188,OWN,debt_consolidation,self_employed,1
Sanjay Banerjee,41,787150,107154,697,0.0,0.01994316578335371,RENT,business,unemployed,1
Geeta Ghosh,53,347210,259149,729,9.0,0.27038267220586215,MORTGAGE,education,employed,1
Rekha Iyer,36,475303,153451,628,8.0,0.1667865912416956,RENT,debt_consolidation,self_employed,0
Sunita Chakraborty,37,258376,164782,655,7.0,0.025888081052047582,RENT,debt_consolidation,employed,0
Shweta Verma,35,523499,89140,766,1.0,0.033415153473825246,RENT,education,employed,0
Vijay Agarwal,33,351919,244441,579,8.0,0.3051869077076677,RENT,debt_consolidation,employed,1
Pooja Pillai,43,746653,209175,589,1.0,,MORTGAGE,home_improvement,unemployed,1
Vikram Jain,22,651334,203369,600,0.0,0.1373422861796189,MORTGAGE,business,self_employed,1
Vikram Shah,55,345292,117570,766,0.0,,RENT,debt_consolidation,employed,0
Rekha Iyer,32,415263,119436,779,14.0,0.11913874329808156,MORTGAGE,debt_consolidation,employed,0
Neha Reddy,48,335857,177982,510,1.0,0.25567457032029595,MORTGAGE,other,employed,0
Rekha Gupta,24,217571,123278,750,,0.09479369844561325,OWN,debt_consolidation,employed,0
Suresh Agarwal,48,288162,193678,731,1.0,0.27505584250848514,RENT,debt_consolidation,employed,1
Rekha Iyer,48,488506,68571,805,11.0,0.11862130621766309,MORTGAGE,debt_consolidation,employed,0
Sanjay Shah,44,520544,133917,688,11.0,0.13691414863500728,OWN,debt_consolidation,employed,0
Suresh Mishra,28,476524,333934,645,12.0,0.19432672902463052,RENT,home_improvement,unemployed,1
Sanjay Ghosh,42,380458,194035,764,3.0,0.16983288161530344,RENT,debt_consolidation,employed,0
Kavita Menon,25,705409,173983,719,10.0,0.07510435235537709,RENT,home_improvement,unemployed,0
Kavita Singh,36,456694,360083,850,15.0,0.045271100032741186,MORTGAGE,education,employed,0
Vikram Agarwal,52,628836,63934,745,1.0,0.07420974083907732,RENT,business,employed,0
Rahul Jain,49,200000,117462,665,2.0,0.19658479957435557,OWN,home_improvement,employed,0
Geeta Shah,40,200000,138625,532,6.0,0.03367490530624701,RENT,education,employed,1
Manish Chatterjee,28,509861,229427,591,1.0,0.09657853611027065,MORTGAGE,other,retired,0
Swati Iyer,47,216992,231020,506,7.0,0.14699007827661476,OWN,business,employed,1
Neha Verma,40,397827,115104,628,0.0,0.20018712963904992,MORTGAGE,debt_consolidation,employed,0
Rajesh Mishra,18,380389,242603,742,3.0,0.0390943163999335,RENT,home_improvement,employed,0
Sanjay Kumar,49,978425,138506,649,0.0,0.030342682668810475,RENT,business,employed,0
Rahul Patel,39,540364,264251,752,1.0,0.03954019114268621,RENT,debt_consolidation,employed,0
Geeta Patel,54,480666,107682,683,,0.09442533827886526,MORTGAGE,debt_consolidation,employed,0
Anita Banerjee,26,672323,154921,609,9.0,0.05511524221711358,RENT,other,employed,0
Sneha Verma,18,531920,133777,658,1.0,0.15096200737465162,MORTGAGE,education,retired,0
Shweta Chatterjee,43,351920,248304,697,8.0,0.22068013982201753,RENT,debt_consolidation,employed,0
Geeta Sharma,43,755955,132043,663,7.0,0.17719169114122227,MORTGAGE,home_improvement,retired,0
Priya Gupta,19,254008,160014,665,3.0,0.04639015581810099,OWN,debt_consolidation,employed,0
Arun Ghosh,28,520020,199331,573,1.0,0.33380356829704116,RENT,debt_consolidation,employed,1
Meena Gupta,73,204069,202420,606,1.0,0.07462701824516406,RENT,home_improvement,employed,0
Naresh Iyer,36,489907,232066,850,3.0,0.10745651562938473,RENT,business,self_employed,0
Naresh Nair,48,487231,177096,772,0.0,0.2459320690612402,MORTGAGE,other,employed,0
Anita Gupta,32,1022976,137681,502,3.0,0.1270331333810963,RENT,education,employed,0
Deepak Kumar,18,202301,141509,413,15.0,0.31408490708087133,MORTGAGE,debt_consolidation,employed,1
Kavita Singh,37,327602,164434,657,0.0,0.2884957195004877,OWN,debt_consolidation,employed,0
Ajay Mukherjee,36,667531,179842,739,4.0,0.2528203138643234,MORTGAGE,home_improvement,employed,0
Sunita Singh,35,523168,153450,598,16.0,0.29447376922620183,MORTGAGE,debt_consolidation,self_employed,0
Vijay Chakraborty,38,484151,164009,752,9.0,0.17303148225873358,MORTGAGE,education,employed,0
Ramesh Mukherjee,43,274287,88707,655,9.0,0.28051001686184357,RENT,debt_consolidation,self_employed,0
Sanjay Chatterjee,38,329255,212552,633,8.0,0.09340747529752813,MORTGAGE,debt_consolidation,employed,0
Naresh Gupta,24,824490,174983,725,1.0,0.16305192517895084,RENT,business,employed,0
Kavita Ghosh,45,431164,242983,596,11.0,0.10313329434700506,RENT,debt_consolidation,employed,0
Anjali Reddy,18,533748,162765,621,14.0,0.34295896619210736,MORTGAGE,business,unemployed,1
Arun Chakraborty,18,417652,81197,717,3.0,0.36922684641332054,OWN,other,employed,0
Shweta Menon,48,244863,141014,646,2.0,0.0840573613854661,OWN,business,employed,0
Geeta Jain,46,705671,150245,840,2.0,0.2633948486005306,MORTGAGE,education,employed,0
Sunita Iyer,39,568988,219073,719,2.0,0.0702161647629264,MORTGAGE,home_improvement,employed,0
Rajesh Kumar,23,1401170,71103,712,,0.16468170037150834,OWN,home_improvement,employed,0
Anjali Mishra,31,266254,165457,645,4.0,,OWN,debt_consolidation,employed,1
Rajesh Patel,36,667494,199879,737,4.0,0.06778652670854013,RENT,business,employed,0
Manish Iyer,20,229630,124917,617,3.0,,OWN,home_improvement,employed,0
Sanjay Chakraborty,31,478625,167686,678,0.0,0.24920948732094908,MORTGAGE,home_improvement,employed,0
Priya Chatterjee,47,720898,126650,558,7.0,0.30431917594395547,MORTGAGE,debt_consolidation,employed,0
Swati Nair,57,200000,121560,753,0.0,0.37999046060216746,MORTGAGE,business,self_employed,1
Mukesh Singh,34,399326,138224,679,0.0,0.0777374143866914,RENT,education,employed,0
Arun Banerjee,49,333832,122482,848,4.0,0.3748954808526291,MORTGAGE,debt_consolidation,employed,0
Neha Chatterjee,18,311458,213939,850,2.0,0.24565819143875228,MORTGAGE,education,unemployed,0
Anita Jain,47,536384,121299,726,0.0,0.10442739217946632,RENT,other,employed,0
Sanjay Kumar,30,774786,113418,656,2.0,0.08462468105099022,OWN,debt_consolidation,self_employed,1
Pooja Chatterjee,43,413892,330106,555,7.0,0.16038577348466404,OWN,home_improvement,employed,0
Mukesh Nair,37,490285,239018,740,4.0,0.15462538288388236,OWN,other,employed,0
Dinesh Shah,55,468435,77295,671,2.0,0.1391795503076429,RENT,home_improvement,unemployed,1
Rahul Ghosh,29,442812,119861,703,1.0,0.10912769418338235,OWN,education,employed,0
Priya Verma,47,256614,179330,822,4.0,0.07439994159187209,RENT,debt_consolidation,self_employed,0
Mukesh Jain,36,770058,185257,567,10.0,0.07856233966651155,MORTGAGE,debt_consolidation,employed,0
Sanjay Banerjee,38,512777,89662,557,5.0,0.12728305099260093,MORTGAGE,debt_consolidation,employed,1
Deepak Shah,37,538983,258700,626,8.0,0.16398529676537335,OWN,other,retired,0
Suresh Nair,29,295594,226407,732,3.0,0.19525642122693052,RENT,debt_consolidation,employed,0
Naresh Singh,39,351649,197355,705,6.0,0.13992759416116005,OWN,other,employed,0
Swati Jain,39,405117,280041,560,11.0,0.09596759490391747,OWN,debt_consolidation,employed,0
Rekha Pillai,42,205445,195031,725,7.0,0.11945264089708404,MORTGAGE,debt_consolidation,employed,0
Deepak Sharma,41,200000,194742,529,12.0,0.043865074433850765,RENT,debt_consolidation,employed,0
Sunita Menon,49,327625,303480,566,2.0,0.1790663599193763,MORTGAGE,home_improvement,unemployed,1
Sunita Patel,51,574502,252833,638,11.0,0.08507273769317301,OWN,debt_consolidation,unemployed,1
Meena Gupta,27,319154,116238,594,4.0,0.052285265039437735,RENT,other,employed,0
Sunita Jain,50,265826,209667,738,10.0,0.28064384176576646,RENT,other,self_employed,1
Meena Agarwal,25,294388,124778,678,0.0,0.18690963643806058,MORTGAGE,debt_consolidation,unemployed,1
Rekha Mishra,47,352331,199119,826,5.0,0.2097530106863555,RENT,education,employed,0
Sunita Pillai,47,370671,196938,625,9.0,0.19592005183842212,MORTGAGE,home_improvement,employed,1
Suresh Reddy,18,1306367,93583,637,0.0,0.36746319246051534,MORTGAGE,other,employed,0
Naresh Iyer,41,749611,155012,771,5.0,0.16940732115911844,OWN,debt_consolidation,employed,0
Geeta Verma,34,738507,180972,640,8.0,0.04437870973177329,MORTGAGE,home_improvement,retired,0
Sanjay Gupta,30,793564,136691,799,1.0,0.19391021761219598,RENT,debt_consolidation,employed,0
Dinesh Chatterjee,56,268495,184588,704,2.0,0.030394598550360263,MORTGAGE,education,employed,0
Rashmi Iyer,32,240101,224663,414,4.0,0.18752893931519257,OWN,debt_consolidation,employed,1
Sunita Reddy,30,254375,160775,767,3.0,0.09740253556664058,OWN,business,employed,0
Mukesh Iyer,40,862209,178053,741,0.0,0.1130764210697,MORTGAGE,other,employed,0
Naresh Singh,48,336517,283047,745,0.0,0.1307916779796456,RENT,home_improvement,self_employed,0
Dinesh Mishra,38,236646,196669,458,0.0,0.2528890172808076,OWN,home_improvement,employed,1
Mukesh Patel,53,356647,176368,583,1.0,0.09890533340145019,MORTGAGE,home_improvement,employed,0
Vijay Gupta,46,392659,110942,591,1.0,0.06693288062186653,RENT,home_improvement,self_employed,1
Pooja Iyer,18,505956,212864,565,6.0,0.312587170711044,RENT,home_improvement,unemployed,1
Divya Banerjee,33,501558,185731,824,4.0,0.1843405981660815,OWN,home_improvement,employed,0
Shweta Reddy,33,292409,271983,648,7.0,0.13889267979400632,OWN,other,employed,0
Manish Sharma,45,623328,165835,646,0.0,0.1796559090038993,RENT,debt_consolidation,employed,1
Ramesh Verma,18,321387,78707,705,3.0,0.12787272411904066,MORTGAGE,debt_consolidation,employed,0
Suresh Mishra,70,409160,82450,706,1.0,0.06713669546843168,RENT,debt_consolidation,employed,0
Suresh Pillai,46,623676,218441,316,9.0,0.17589521647333456,OWN,home_improvement,self_employed,1
Geeta Kumar,41,320965,129563,585,6.0,0.10876015589628048,RENT,debt_consolidation,employed,0
Rahul Menon,54,332809,193824,508,10.0,0.2629605657525219,RENT,other,employed,0
Rajesh Shah,68,594712,170364,690,0.0,0.10057199481283481,OWN,home_improvement,employed,0
Arun Chakraborty,50,288120,152247,621,6.0,0.09205887373036563,OWN,other,employed,0
Amit Singh,51,364982,156600,651,3.0,0.054635570164690235,MORTGAGE,debt_consolidation,unemployed,0
Sneha Jain,41,584125,115133,442,8.0,0.42403111812692157,OWN,debt_consolidation,self_employed,1
Vijay Kumar,38,1235574,161730,619,3.0,0.16357258485924908,RENT,debt_consolidation,employed,0
Rekha Ghosh,34,598811,128824,761,3.0,0.10349715664849966,MORTGAGE,home_improvement,employed,0
Anita Iyer,30,560351,140238,790,0.0,0.09307408134234549,OWN,debt_consolidation,self_employed,0
Geeta Reddy,31,576886,142991,721,5.0,0.018174986954388996,RENT,education,employed,0
Manish Chatterjee,23,258694,148645,516,1.0,0.26865283845326143,MORTGAGE,education,self_employed,1
Rekha Kumar,39,468737,235359,775,0.0,0.33246264629980005,OWN,education,employed,0
Sanjay Mishra,19,435877,154520,722,0.0,0.26845182195504874,RENT,other,employed,0
Anita Chakraborty,42,519588,245114,638,15.0,0.06024961967767887,MORTGAGE,home_improvement,employed,0
Dinesh Reddy,39,468951,301083,447,2.0,0.09689519850602257,MORTGAGE,home_improvement,employed,0
Geeta Shah,41,534907,229114,745,10.0,0.0787640780965291,MORTGAGE,home_improvement,employed,0
Rajesh Gupta,33,378611,201548,590,16.0,0.1823687824435318,OWN,debt_consolidation,employed,0
Neha Nair,76,455569,185485,684,14.0,0.11977780721581514,OWN,home_improvement,employed,0
Sneha Menon,56,239446,230071,656,10.0,0.18473355030249233,MORTGAGE,home_improvement,self_employed,0
Naresh Menon,25,377017,168677,803,11.0,0.09848890370151321,MORTGAGE,education,employed,0
Dinesh Chakraborty,42,886837,241307,637,1.0,0.18453766233933028,OWN,debt_consolidation,employed,1
Kavita Sharma,32,518867,208072,648,0.0,0.17783745475922175,MORTGAGE,debt_consolidation,employed,0
Rahul Banerjee,27,437809,140936,807,5.0,0.09659251328794907,RENT,business,self_employed,0
Suresh Ghosh,23,1141737,232894,584,3.0,0.03632240907463638,RENT,education,employed,0
Suresh Jain,45,224040,168820,731,0.0,0.33311849834212337,MORTGAGE,other,employed,1
Sunita Gupta,31,254046,155990,630,5.0,0.31048275098433264,MORTGAGE,debt_consolidation,employed,0
Manish Agarwal,51,1041690,134527,549,4.0,0.13555737939834606,MORTGAGE,education,employed,0
Sanjay Mishra,51,452697,173929,650,9.0,0.13336933300548223,OWN,business,employed,0
Priya Menon,56,391879,242458,719,4.0,0.09771640824202268,RENT,debt_consolidation,employed,0
Divya Iyer,29,242898,232251,785,4.0,0.22246833950393297,OWN,education,retired,0
Divya Patel,45,553406,187466,797,2.0,0.14579247614800814,MORTGAGE,debt_consolidation,employed,0
Vikram Gupta,47,580839,206872,620,3.0,0.2263892211887202,RENT,education,employed,0
Pooja Mishra,34,255953,270676,551,15.0,0.06924700754179582,MORTGAGE,education,employed,0
Ajay Singh,30,412446,153278,618,0.0,0.057305043231886496,MORTGAGE,business,unemployed,1
Rahul Mukherjee,59,374086,104175,531,2.0,0.12493813929800653,MORTGAGE,debt_consolidation,unemployed,1
Neha Pillai,42,502820,273881,628,5.0,0.2094496619560097,MORTGAGE,other,retired,1
Dinesh Chatterjee,47,252805,131674,615,,0.3570139184182914,MORTGAGE,other,unemployed,1
Anjali Jain,30,827342,123483,722,1.0,0.24663635559967406,MORTGAGE,other,employed,0
Mukesh Agarwal,25,699353,79341,429,1.0,0.22617964387216746,RENT,home_improvement,employed,0
Rajesh Patel,33,368948,204538,576,1.0,0.1969140122996959,MORTGAGE,home_improvement,employed,1
Meena Chatterjee,38,397039,85086,577,2.0,0.12973036646771535,RENT,debt_consolidation,self_employed,1
Deepak Kumar,27,413242,120559,768,10.0,0.11445540128448199,OWN,debt_consolidation,employed,0
Neha Agarwal,39,299792,205930,538,3.0,0.1305137700484115,MORTGAGE,debt_consolidation,employed,0
Divya Agarwal,19,354436,217242,672,1.0,0.07377047972414802,RENT,business,retired,0
Dinesh Shah,26,386491,125406,637,2.0,0.23972761730406042,MORTGAGE,debt_consolidation,unemployed,1
Shweta Agarwal,48,990964,154251,754,0.0,0.2092617700343581,OWN,business,employed,0
Neha Mishra,47,710205,114801,709,11.0,0.05253361703689972,MORTGAGE,business,employed,0
Neha Kumar,35,705969,130697,662,2.0,0.04935200671668497,MORTGAGE,other,unemployed,0
Rahul Shah,27,532300,181042,594,19.0,0.17504139211961195,MORTGAGE,other,employed,1
Sanjay Jain,27,253048,133164,464,2.0,0.076199257983232,RENT,education,self_employed,0
Divya Pillai,35,433329,147607,674,9.0,0.09799413156824448,RENT,education,employed,0
Sunita Jain,47,718732,90591,703,1.0,,MORTGAGE,debt_consolidation,self_employed,1
Pooja Chakraborty,51,235830,256063,492,0.0,0.10149738841134724,OWN,debt_consolidation,employed,1
Anita Pillai,34,608210,199591,526,0.0,0.03393811877651575,RENT,home_improvement,unemployed,1
Amit Sharma,26,1413111,223498,675,4.0,0.15460654731591228,MORTGAGE,business,employed,0
Rashmi Kumar,43,752313,272711,683,1.0,0.292079265221639,RENT,education,employed,0
Rekha Reddy,30,897182,116998,550,2.0,0.1904054149967146,RENT,home_improvement,employed,1
Mukesh Menon,33,493446,141017,592,8.0,0.17078408665521916,MORTGAGE,other,employed,1
Anita Agarwal,55,717814,76272,466,1.0,0.17974700220240403,OWN,education,employed,1
Mukesh Menon,49,308992,571585,787,1.0,0.31604654519476155,RENT,debt_consolidation,employed,1
Mukesh Iyer,41,658639,153302,520,9.0,,MORTGAGE,home_improvement,employed,0
Shweta Ghosh,24,613658,246592,704,3.0,0.3018946826310039,MORTGAGE,other,unemployed,0
Sanjay Gupta,42,511424,99184,646,8.0,0.28242800664452966,MORTGAGE,home_improvement,employed,0
Anjali Banerjee,52,854270,242451,778,2.0,0.08881082742199882,OWN,home_improvement,self_employed,0
Priya Verma,35,337934,342160,570,2.0,0.1056197834404005,MORTGAGE,debt_consolidation,employed,1
Arun Jain,56,402911,158877,656,0.0,0.13874571443115205,MORTGAGE,home_improvement,employed,0
Rashmi Nair,55,464042,108623,480,12.0,0.2872504608990621,MORTGAGE,education,employed,0
Divya Ghosh,59,264393,153965,456,11.0,0.21668478154229448,RENT,debt_consolidation,retired,1
Mukesh Verma,43,495571,66789,709,20.0,0.134157574953844,RENT,education,employed,0
Rahul Patel,47,200000,160306,471,2.0,0.1733573927704124,MORTGAGE,other,self_employed,1
Vijay Ghosh,56,746743,226021,627,8.0,0.1339674138805402,RENT,education,employed,0
Deepak Shah,45,452851,160443,751,2.0,0.28699382710606347,OWN,other,unemployed,1
Deepak Nair,33,340971,145269,724,3.0,0.22809484294339613,RENT,debt_consolidation,self_employed,1
Vikram Banerjee,34,291505,200993,583,8.0,0.1679982273280364,RENT,home_improvement,unemployed,1
Priya Chakraborty,42,393450,207235,491,0.0,0.09103594574435395,OWN,debt_consolidation,unemployed,1
Sneha Patel,24,624139,83787,700,1.0,0.3218543339855483,MORTGAGE,education,employed,0
Sneha Mukherjee,38,581792,168641,784,1.0,0.21582418897355302,MORTGAGE,other,employed,0
Rashmi Reddy,53,310901,431228,583,7.0,0.17254881665671942,RENT,debt_consolidation,employed,0
Naresh Pillai,18,289809,95415,569,2.0,0.13539441157946447,MORTGAGE,home_improvement,employed,1
Vikram Gupta,58,614429,157287,597,2.0,0.17108630419848073,OWN,debt_consolidation,employed,0
Arun Mukherjee,53,308299,353874,707,33.0,0.23636011616675176,RENT,home_improvement,employed,1
Neha Kumar,34,455866,253132,772,2.0,0.16829334817416322,OWN,home_improvement,unemployed,0
Sanjay Singh,46,470653,132540,526,1.0,0.08939656895874197,RENT,education,employed,0
Arun Verma,40,517120,176743,500,4.0,0.03343730871740655,OWN,debt_consolidation,employed,0
Vikram Chatterjee,54,679515,162617,850,8.0,0.12093760011222353,MORTGAGE,debt_consolidation,employed,0
Rekha Patel,51,235276,120664,632,,0.34878416087662867,MORTGAGE,debt_consolidation,unemployed,1
Shweta Nair,23,200000,157991,675,4.0,0.1224345929031262,OWN,debt_consolidation,employed,0
Sunita Iyer,47,333126,145511,580,0.0,0.022434749312579213,RENT,business,employed,0
Meena Patel,37,1088993,170262,698,3.0,0.2524866313868382,RENT,debt_consolidation,employed,0
Divya Patel,40,1216011,120649,746,1.0,0.27457007385951143,MORTGAGE,home_improvement,employed,0
Vijay Reddy,31,1105257,97670,679,1.0,0.09537081956469136,RENT,business,employed,0
Neha Mishra,60,401719,160089,824,3.0,0.21810826849921264,MORTGAGE,home_improvement,employed,0
Arun Chatterjee,52,200000,323206,617,13.0,0.21230630381698715,OWN,other,self_employed,1
Ramesh Kumar,31,200000,168195,623,6.0,0.07055769726593394,RENT,education,unemployed,1
Swati Pillai,23,325455,142537,673,13.0,0.08486835547484083,MORTGAGE,debt_consolidation,unemployed,0
Priya Agarwal,35,400697,220055,696,5.0,0.24901773022585708,RENT,debt_consolidation,employed,0
Vikram Verma,45,847725,152767,672,0.0,0.1389935000866616,MORTGAGE,other,employed,0
Kavita Mishra,42,682762,343593,521,1.0,0.29921565588341403,MORTGAGE,home_improvement,employed,1
Priya Chatterjee,55,495688,162500,681,11.0,0.15612955720921465,MORTGAGE,home_improvement,employed,0
Sanjay Mishra,49,283531,215388,612,5.0,0.30035225867587084,MORTGAGE,education,unemployed,1
Mukesh Pillai,51,273651,120349,591,19.0,0.1509966640988866,MORTGAGE,debt_consolidation,employed,0
Neha Singh,43,502355,199034,653,0.0,0.2556551544600812,OWN,home_improvement,unemployed,1
Naresh Chatterjee,23,626889,181686,553,1.0,0.1560146801715663,MORTGAGE,education,employed,1
Priya Pillai,37,538175,159117,536,2.0,0.21236153956476003,MORTGAGE,education,employed,0
Pooja Banerjee,52,263735,133158,388,1.0,0.05706500087050207,OWN,other,self_employed,1
Rashmi Pillai,39,612518,126094,824,1.0,0.11803302720961015,OWN,home_improvement,unemployed,0
Rashmi Singh,46,547411,182214,705,2.0,0.14377766569808476,OWN,education,employed,1
Rekha Kumar,36,259021,209310,638,5.0,0.1152584809895648,RENT,debt_consolidation,employed,1
Anjali Nair,27,298892,154683,583,1.0,0.156487268367517,RENT,debt_consolidation,employed,0
Amit Agarwal,38,624213,182573,362,0.0,0.28191119182790186,RENT,debt_consolidation,employed,1
Rekha Shah,43,393464,160305,577,6.0,0.009811258047459017,MORTGAGE,debt_consolidation,employed,1
Sneha Mishra,32,979280,169297,721,3.0,0.05599666696967744,OWN,education,employed,0
Shweta Mukherjee,37,568390,150214,744,4.0,0.2353825360219777,MORTGAGE,debt_consolidation,employed,0
Dinesh Patel,28,346862,163929,714,3.0,0.09422600128088751,MORTGAGE,home_improvement,employed,0
Ajay Chakraborty,53,440161,478885,665,11.0,0.3452415776943835,RENT,home_improvement,employed,0
Rajesh Chakraborty,36,456658,184361,780,4.0,0.21906882215906245,RENT,debt_consolidation,employed,0
Rahul Mukherjee,57,307369,210684,617,12.0,0.018739127286290277,OWN,business,employed,0
Ramesh Chakraborty,58,280325,193921,758,3.0,0.054020346305215926,MORTGAGE,business,employed,0
Sneha Iyer,39,628250,146513,611,1.0,0.17735154713089954,MORTGAGE,education,employed,0
Sunita Gupta,27,675113,273100,561,2.0,0.28736830505966815,MORTGAGE,education,employed,1
Kavita Chatterjee,18,598325,144861,549,3.0,0.11312651753648387,MORTGAGE,debt_consolidation,employed,0
Anita Singh,22,943790,248207,543,3.0,0.10166207789233925,OWN,other,employed,1
Naresh Reddy,23,337430,142388,715,5.0,0.07526397959678767,RENT,debt_consolidation,employed,0
Rahul Shah,56,1021860,110858,575,1.0,0.36915523678955825,RENT,business,employed,1
Anita Singh,41,281965,188369,546,5.0,0.22841037552260082,OWN,other,self_employed,1
Deepak Nair,44,266640,104624,721,,0.16124925853683866,RENT,debt_consolidation,retired,0
Ajay Singh,18,200000,201643,682,5.0,0.05060669699465525,MORTGAGE,debt_consolidation,unemployed,1
Dinesh Reddy,25,354017,100945,746,3.0,0.03679000039250723,OWN,business,self_employed,0
Vikram Sharma,50,343911,143257,701,23.0,0.11089118573079251,RENT,education,self_employed,0
Amit Pillai,43,575485,91794,574,2.0,0.15030134567217293,MORTGAGE,debt_consolidation,unemployed,1
Dinesh Chatterjee,38,499791,503665,657,0.0,0.08964138742719728,MORTGAGE,education,self_employed,0
Manish Patel,46,243656,83986,662,8.0,0.1295676351144738,RENT,debt_consolidation,employed,0
Divya Sharma,59,363537,163394,558,1.0,0.1607255296696976,MORTGAGE,other,employed,0
Arun Verma,37,367422,257126,539,,0.08495220213291653,OWN,debt_consolidation,employed,1
Suresh Ghosh,40,200000,246361,581,0.0,0.05531902951303879,MORTGAGE,business,employed,0
Manish Reddy,42,270905,228784,850,0.0,0.1328583914292402,MORTGAGE,home_improvement,employed,0
Shweta Chakraborty,68,300918,143359,608,0.0,0.2471049244441448,RENT,debt_consolidation,employed,1
Vikram Agarwal,18,906016,279410,773,2.0,0.04849716980895371,MORTGAGE,home_improvement,self_employed,0
Rekha Verma,48,486856,234534,603,0.0,0.10814372635776485,MORTGAGE,home_improvement,unemployed,1
Geeta Shah,38,616050,177179,738,1.0,0.12255783333631078,RENT,education,retired,0
Arun Verma,46,209123,179195,740,7.0,0.19765492444178864,MORTGAGE,education,employed,0
Shweta Gupta,32,803801,144124,745,7.0,0.13487762695376906,MORTGAGE,home_improvement,retired,0
Swati Ghosh,39,847928,113112,688,8.0,0.11307722339941505,MORTGAGE,debt_consolidation,self_employed,0
Deepak Gupta,48,200000,266961,787,9.0,0.07816471147740253,MORTGAGE,other,employed,0
Deepak Patel,77,310935,275098,687,2.0,0.14896187492595914,RENT,other,employed,0
Sneha Jain,49,566868,114274,821,10.0,0.27048754855739987,RENT,home_improvement,employed,0
Ramesh Menon,29,610598,153044,488,3.0,0.2263072475654138,OWN,business,employed,1
